; HEADER_BLOCK_START
; generated by OrcaSlicer 2.5.0-dev on 2026-10-03 at 21:51:23
; total layer number: 100
; filament_density: 0
; filament_diameter: 1.75
; max_z_height: 20.00
; filament: 1
; HEADER_BLOCK_END

; external perimeters extrusion width = 0.45mm
; perimeters extrusion width = 0.45mm
; infill extrusion width = 0.45mm
; solid infill extrusion width = 0.45mm
; top infill extrusion width = 0.40mm

; EXECUTABLE_BLOCK_START
M73 P0 R61
;TYPE:Custom
SET_VELOCITY_LIMIT SQUARE_CORNER_VELOCITY=10 ACCEL=10000
SET_PRESSURE_ADVANCE EXTRUDER=extruder1 ADVANCE=0.04
M104 S250 T1
M140 S75
M141 S0
G21
G90
M83
G92 E0
G0 Z10 F900
M190 S75
M191 S0
M400
M109 S250 T1
T1 ; switch extruder type to:PLASTIC
MOVE_TO_BRUSH_STATION
CLEAN_NOZZLE
MOVE_OUT_BRUSH_STATION
M106 P3 S0
M106 P5 S0
M104 S270 T0
G90
G21
M83 ; use relative distances for extrusion
M106 S0
;LAYER_CHANGE
;Z:0.2
;HEIGHT:0.2
;_SET_FAN_SPEED_CHANGING_LAYER
SET_VELOCITY_LIMIT ACCEL=300 ACCEL_TO_DECEL=150
SET_VELOCITY_LIMIT ACCEL=1000 ACCEL_TO_DECEL=500
G1 E-.8 F1800
G1 X148.406 Y148.576 F7200
G1 Z.6 F7200
G1 Z.2 F7200
G1 E.8 F1800
SET_VELOCITY_LIMIT ACCEL=300 ACCEL_TO_DECEL=150
;TYPE:Skirt
;WIDTH:0.45
G1 F3000
G1 X149.221 Y147.939 E.03504
G1 X150 Y147.796 E.02679
G1 X170 Y147.796 E.67698
G1 X171.253 Y148.187 E.04443
G1 X172.061 Y149.221 E.04443
G1 X172.204 Y150 E.02679
G1 X172.204 Y170 E.67698
G1 X171.813 Y171.253 E.04443
G1 X170.779 Y172.061 E.04443
G1 X170 Y172.204 E.02679
G1 X150 Y172.204 E.67698
G1 X148.747 Y171.813 E.04443
G1 X147.939 Y170.779 E.04443
G1 X147.796 Y170 E.02679
G1 X147.796 Y150 E.67698
G1 X148.187 Y148.747 E.04443
G1 X148.374 Y148.601 E.00804
SET_VELOCITY_LIMIT ACCEL=1000 ACCEL_TO_DECEL=500
G1 E-.8 F1800
G1 X153.801 Y153.968 Z.6 F7200
G1 X169.346 Y169.346 Z.6 F7200
G1 Z.2 F7200
G1 E.8 F1800
SET_VELOCITY_LIMIT ACCEL=300 ACCEL_TO_DECEL=150
;TYPE:Inner wall
;WIDTH:0.449999
G1 X150.654 Y169.346 E.63273
G1 X150.654 Y150.654 E.63273
G1 X169.346 Y150.654 E.63273
G1 X169.346 Y169.306 E.63138
SET_VELOCITY_LIMIT ACCEL=1000 ACCEL_TO_DECEL=500
G1 X169.775 Y169.775 F7200
SET_VELOCITY_LIMIT ACCEL=300 ACCEL_TO_DECEL=150
;TYPE:Outer wall
G1 F1800
G1 X150.225 Y169.775 E.66174
G1 X150.225 Y150.225 E.66174
G1 X169.775 Y150.225 E.66174
G1 X169.775 Y169.735 E.66039
SET_VELOCITY_LIMIT ACCEL=1000 ACCEL_TO_DECEL=500
G1 E-.8 F1800
G1 X169.543 Y162.106 Z.6 F7200
G1 X169.224 Y151.602 Z.6 F7200
G1 Z.2 F7200
G1 E.8 F1800
SET_VELOCITY_LIMIT ACCEL=300 ACCEL_TO_DECEL=150
;TYPE:Bottom surface
;WIDTH:0.451481
G1 F3600
G1 X168.581 Y150.959 E.03089
G1 X168.004 Y150.959 E.01963
G1 X169.041 Y151.996 E.04984
G1 X169.041 Y152.574 E.01963
G1 X167.426 Y150.959 E.0776
G1 X166.848 Y150.959 E.01963
G1 X169.041 Y153.152 E.10536
G1 X169.041 Y153.73 E.01963
G1 X166.27 Y150.959 E.13312
G1 X165.693 Y150.959 E.01963
G1 X169.041 Y154.307 E.16088
G1 X169.041 Y154.885 E.01963
G1 X165.115 Y150.959 E.18864
G1 X164.537 Y150.959 E.01963
G1 X169.041 Y155.463 E.2164
G1 X169.041 Y156.041 E.01963
G1 X163.959 Y150.959 E.24416
G1 X163.381 Y150.959 E.01963
G1 X169.041 Y156.619 E.27192
G1 X169.041 Y157.196 E.01963
G1 X162.804 Y150.959 E.29968
G1 X162.226 Y150.959 E.01963
G1 X169.041 Y157.774 E.32744
G1 X169.041 Y158.352 E.01963
G1 X161.648 Y150.959 E.3552
G1 X161.07 Y150.959 E.01963
G1 X169.041 Y158.93 E.38296
G1 X169.041 Y159.508 E.01963
G1 X160.492 Y150.959 E.41071
G1 X159.915 Y150.959 E.01963
G1 X169.041 Y160.085 E.43847
G1 X169.041 Y160.663 E.01963
G1 X159.337 Y150.959 E.46623
G1 X158.759 Y150.959 E.01963
G1 X169.041 Y161.241 E.49399
G1 X169.041 Y161.819 E.01963
G1 X158.181 Y150.959 E.52175
G1 X157.603 Y150.959 E.01963
G1 X169.041 Y162.397 E.54951
G1 X169.041 Y162.974 E.01963
G1 X157.026 Y150.959 E.57727
G1 X156.448 Y150.959 E.01963
G1 X169.041 Y163.552 E.60503
G1 X169.041 Y164.13 E.01963
G1 X155.87 Y150.959 E.63279
G1 X155.292 Y150.959 E.01963
G1 X169.041 Y164.708 E.66055
G1 X169.041 Y165.286 E.01963
G1 X154.714 Y150.959 E.68831
G1 X154.137 Y150.959 E.01963
G1 X169.041 Y165.863 E.71607
G1 X169.041 Y166.441 E.01963
G1 X153.559 Y150.959 E.74383
G1 X152.981 Y150.959 E.01963
G1 X169.041 Y167.019 E.77158
G1 X169.041 Y167.597 E.01963
G1 X152.403 Y150.959 E.79934
G1 X151.825 Y150.959 E.01963
G1 X169.041 Y168.175 E.8271
G1 X169.041 Y168.752 E.01963
G1 X151.248 Y150.959 E.85486
G1 X150.959 Y150.959 E.00981
G1 X150.959 Y151.248 E.00982
G1 X168.752 Y169.041 E.85486
G1 X168.174 Y169.041 E.01963
G1 X150.959 Y151.826 E.8271
G1 X150.959 Y152.403 E.01963
G1 X167.597 Y169.041 E.79934
G1 X167.019 Y169.041 E.01963
G1 X150.959 Y152.981 E.77158
G1 X150.959 Y153.559 E.01963
G1 X166.441 Y169.041 E.74382
G1 X165.863 Y169.041 E.01963
G1 X150.959 Y154.137 E.71606
G1 X150.959 Y154.715 E.01963
G1 X165.285 Y169.041 E.6883
G1 X164.708 Y169.041 E.01963
G1 X150.959 Y155.292 E.66054
G1 X150.959 Y155.87 E.01963
G1 X164.13 Y169.041 E.63278
G1 X163.552 Y169.041 E.01963
G1 X150.959 Y156.448 E.60502
G1 X150.959 Y157.026 E.01963
G1 X162.974 Y169.041 E.57727
G1 X162.396 Y169.041 E.01963
G1 X150.959 Y157.604 E.54951
G1 X150.959 Y158.181 E.01963
G1 X161.819 Y169.041 E.52175
G1 X161.241 Y169.041 E.01963
G1 X150.959 Y158.759 E.49399
G1 X150.959 Y159.337 E.01963
G1 X160.663 Y169.041 E.46623
G1 X160.085 Y169.041 E.01963
G1 X150.959 Y159.915 E.43847
G1 X150.959 Y160.492 E.01963
G1 X159.508 Y169.041 E.41071
G1 X158.93 Y169.041 E.01963
G1 X150.959 Y161.07 E.38295
G1 X150.959 Y161.648 E.01963
G1 X158.352 Y169.041 E.35519
G1 X157.774 Y169.041 E.01963
G1 X150.959 Y162.226 E.32743
G1 X150.959 Y162.804 E.01963
G1 X157.196 Y169.041 E.29967
G1 X156.619 Y169.041 E.01963
G1 X150.959 Y163.381 E.27191
G1 X150.959 Y163.959 E.01963
G1 X156.041 Y169.041 E.24415
G1 X155.463 Y169.041 E.01963
G1 X150.959 Y164.537 E.21639
G1 X150.959 Y165.115 E.01963
G1 X154.885 Y169.041 E.18864
G1 X154.307 Y169.041 E.01963
G1 X150.959 Y165.693 E.16088
G1 X150.959 Y166.27 E.01963
G1 X153.73 Y169.041 E.13312
G1 X153.152 Y169.041 E.01963
G1 X150.959 Y166.848 E.10536
G1 X150.959 Y167.426 E.01963
G1 X152.574 Y169.041 E.0776
G1 X151.996 Y169.041 E.01963
G1 X150.959 Y168.004 E.04984
G1 X150.959 Y168.582 E.01963
G1 X151.602 Y169.224 E.03088
M400
G1 E-10 F1800
G1 Z.6 F7200
M104 S150 T1 ; standby
M104 S270 T0 ; pre-charge
M109 S270 T0
MOVE_TO_BRUSH_STATION
CLEAN_NOZZLE
MOVE_OUT_BRUSH_STATION
T0 ; switch extruder type to:FIBER
; LAYER:1 [0.20]
M1001 L71
G1 F1200 Z1.40
G1 X151.11 Y151.11 F1200
G1 F1200 U55.000 ; Extrude restart
M73 P1 R61
G1 F1200 Z0.20
G1 F600 V1.000 ; Recover matrix retract
G1 F600 V3.000 ; Matrix prime
G1 X167.45 Y151.11 V0.545 U16.017 P0.034 F1200
; Start to cut
M2800
M400
;CUT DISTANCE 54.8
G1 X168.89 Y151.11 V0.048 F1200
G1 X168.89 Y168.89 V0.593 F1200
G1 X151.11 Y168.89 V0.593 F1200
G1 X151.11 Y151.11 V0.593 F1200
; Cutting completed.
G1 F600 V-1.000 ; Retract
G1 F1200 Z0.80
M1002
M1001 L404
G1 F1200 Z1.40
G1 X151.76 Y152.11 F1200
G1 F1200 U55.000 ; Extrude restart
G1 F1200 Z0.20
G1 F600 V1.000 ; Recover matrix retract
G1 F600 V3.000 ; Matrix prime
G1 X168.24 Y152.11 V0.549 U16.156 P0.034 F1200
G1 X168.24 Y152.81 V0.023 U0.686 P0.034 F1200
G1 X151.76 Y152.81 V0.549 U16.156 P0.034 F1200
G1 X151.76 Y153.51 V0.023 U0.686 P0.034 F1200
G1 X168.24 Y153.51 V0.549 U16.156 P0.034 F1200
G1 X168.24 Y154.21 V0.023 U0.686 P0.034 F1200
G1 X151.76 Y154.21 V0.549 U16.156 P0.034 F1200
G1 X151.76 Y154.91 V0.023 U0.686 P0.034 F1200
G1 X168.24 Y154.91 V0.549 U16.156 P0.034 F1200
G1 X168.24 Y155.61 V0.023 U0.686 P0.034 F1200
G1 X151.76 Y155.61 V0.549 U16.156 P0.034 F1200
G1 X151.76 Y156.31 V0.023 U0.686 P0.034 F1200
G1 X168.24 Y156.31 V0.549 U16.156 P0.034 F1200
M73 P1 R60
G1 X168.24 Y157.01 V0.023 U0.686 P0.034 F1200
G1 X151.76 Y157.01 V0.549 U16.156 P0.034 F1200
G1 X151.76 Y157.71 V0.023 U0.686 P0.034 F1200
G1 X168.24 Y157.71 V0.549 U16.156 P0.034 F1200
G1 X168.24 Y158.41 V0.023 U0.686 P0.034 F1200
G1 X151.76 Y158.41 V0.549 U16.156 P0.034 F1200
G1 X151.76 Y159.11 V0.023 U0.686 P0.034 F1200
G1 X168.24 Y159.11 V0.549 U16.156 P0.034 F1200
G1 X168.24 Y159.81 V0.023 U0.686 P0.034 F1200
G1 X151.76 Y159.81 V0.549 U16.156 P0.034 F1200
G1 X151.76 Y160.51 V0.023 U0.686 P0.034 F1200
G1 X168.24 Y160.51 V0.549 U16.156 P0.034 F1200
G1 X168.24 Y161.21 V0.023 U0.686 P0.034 F1200
G1 X151.76 Y161.21 V0.549 U16.156 P0.034 F1200
G1 X151.76 Y161.91 V0.023 U0.686 P0.034 F1200
G1 X168.24 Y161.91 V0.549 U16.156 P0.034 F1200
G1 X168.24 Y162.61 V0.023 U0.686 P0.034 F1200
G1 X151.76 Y162.61 V0.549 U16.156 P0.034 F1200
G1 X151.76 Y163.31 V0.023 U0.686 P0.034 F1200
G1 X168.24 Y163.31 V0.549 U16.156 P0.034 F1200
G1 X168.24 Y164.01 V0.023 U0.686 P0.034 F1200
G1 X151.76 Y164.01 V0.549 U16.156 P0.034 F1200
G1 X151.76 Y164.71 V0.023 U0.686 P0.034 F1200
G1 X168.24 Y164.71 V0.549 U16.156 P0.034 F1200
G1 X168.24 Y165.41 V0.023 U0.686 P0.034 F1200
G1 X151.76 Y165.41 V0.549 U16.156 P0.034 F1200
G1 X151.76 Y166.11 V0.023 U0.686 P0.034 F1200
G1 X165.00 Y166.11 V0.441 U12.979 P0.034 F1200
; Start to cut
M2800
M400
;CUT DISTANCE 54.8
G1 X168.24 Y166.11 V0.108 F1200
G1 X168.24 Y166.81 V0.023 F1200
G1 X151.76 Y166.81 V0.549 F1200
G1 X151.76 Y167.51 V0.023 F1200
G1 X168.24 Y167.51 V0.549 F1200
G1 X168.24 Y168.21 V0.023 F1200
G1 X151.76 Y168.21 V0.549 F1200
; Cutting completed.
G1 F600 V-1.000 ; Retract
G1 F1200 Z0.80
M1002
M400
G1 F600 V-4.000 ; Toolchange matrix retract
M104 S180 T0 ; standby
M104 S250 T1 ; pre-charge
M109 S250 T1
MOVE_TO_BRUSH_STATION
CLEAN_NOZZLE
MOVE_OUT_BRUSH_STATION
T1 ; switch extruder type to:PLASTIC
G1 Z.2 F7200
G1 E10 F1800
M106 S104
;LAYER_CHANGE
;Z:0.4
;HEIGHT:0.2
;_SET_FAN_SPEED_CHANGING_LAYER
SET_VELOCITY_LIMIT ACCEL=500 ACCEL_TO_DECEL=250
M140 S75 ; set bed temperature
SET_VELOCITY_LIMIT ACCEL=1000 ACCEL_TO_DECEL=500
G1 E-.8 F1800
G1 X159.234 Y169.277 Z.8 F7200
G1 X169.346 Y169.346 Z.8 F7200
G1 Z.4 F7200
G1 E.8 F1800
;TYPE:Inner wall
;WIDTH:0.449999
G1 F3600
G1 X150.654 Y169.346 E.6327
G1 X150.654 Y150.654 E.6327
G1 X169.346 Y150.654 E.6327
G1 X169.346 Y169.306 E.63135
SET_VELOCITY_LIMIT ACCEL=500 ACCEL_TO_DECEL=250
G1 X169.775 Y169.775 F7200
;TYPE:Outer wall
G1 F3600
G1 X150.225 Y169.775 E.66174
G1 X150.225 Y150.225 E.66174
G1 X169.775 Y150.225 E.66174
G1 X169.775 Y169.735 E.66039
SET_VELOCITY_LIMIT ACCEL=1000 ACCEL_TO_DECEL=500
G1 E-.8 F1800
G1 X167.938 Y168.87 Z.8 F7200
G1 Z.4 F7200
G1 E.8 F1800
SET_VELOCITY_LIMIT ACCEL=500 ACCEL_TO_DECEL=250
;TYPE:Internal solid infill
;WIDTH:0.588921
G1 F6000
G1 X168.87 Y168.87 E.04232
G1 X168.87 Y167.938 E.04232
G1 X167.966 Y168.842 E.05803
SET_VELOCITY_LIMIT ACCEL=1000 ACCEL_TO_DECEL=500
G1 X167.238 Y169.184 F7200
SET_VELOCITY_LIMIT ACCEL=500 ACCEL_TO_DECEL=250
;WIDTH:0.449999
G1 F6000
G1 X169 Y167.421 E.08437
G1 X169 Y166.845 E.01949
G1 X166.845 Y169 E.10316
G1 X166.27 Y169 E.01949
G1 X169 Y166.27 E.13071
G1 X169 Y165.694 E.01949
G1 X165.694 Y169 E.15827
G1 X165.118 Y169 E.01949
G1 X169 Y165.118 E.18583
G1 X169 Y164.543 E.01949
G1 X164.543 Y169 E.21339
G1 X163.967 Y169 E.01949
G1 X169 Y163.967 E.24095
G1 X169 Y163.391 E.01949
G1 X163.391 Y169 E.26851
G1 X162.816 Y169 E.01949
G1 X169 Y162.816 E.29606
G1 X169 Y162.24 E.01949
G1 X162.24 Y169 E.32362
G1 X161.664 Y169 E.01949
G1 X169 Y161.664 E.35118
G1 X169 Y161.089 E.01949
G1 X161.089 Y169 E.37874
G1 X160.513 Y169 E.01949
G1 X169 Y160.513 E.4063
G1 X169 Y159.937 E.01949
G1 X159.937 Y169 E.43386
G1 X159.361 Y169 E.01949
G1 X169 Y159.361 E.46141
G1 X169 Y158.786 E.01949
G1 X158.786 Y169 E.48897
G1 X158.21 Y169 E.01949
G1 X169 Y158.21 E.51653
G1 X169 Y157.634 E.01949
G1 X157.634 Y169 E.54409
G1 X157.059 Y169 E.01949
G1 X169 Y157.059 E.57165
G1 X169 Y156.483 E.01949
G1 X156.483 Y169 E.5992
G1 X155.907 Y169 E.01949
G1 X169 Y155.907 E.62676
G1 X169 Y155.332 E.01949
G1 X155.332 Y169 E.65432
G1 X154.756 Y169 E.01949
G1 X169 Y154.756 E.68188
G1 X169 Y154.18 E.01949
G1 X154.18 Y169 E.70944
G1 X153.604 Y169 E.01949
G1 X169 Y153.604 E.737
G1 X169 Y153.029 E.01949
G1 X153.029 Y169 E.76455
G1 X152.453 Y169 E.01949
M73 P2 R60
G1 X169 Y152.453 E.79211
G1 X169 Y151.877 E.01949
G1 X151.877 Y169 E.81967
G1 X151.302 Y169 E.01949
G1 X169 Y151.302 E.84723
G1 X169 Y151 E.01023
G1 X168.727 Y151 E.00926
G1 X151 Y168.727 E.8486
G1 X151 Y168.151 E.01949
G1 X168.151 Y151 E.82104
G1 X167.575 Y151 E.01949
G1 X151 Y167.575 E.79348
G1 X151 Y167 E.01949
G1 X167 Y151 E.76592
G1 X166.424 Y151 E.01949
G1 X151 Y166.424 E.73836
G1 X151 Y165.848 E.01949
G1 X165.848 Y151 E.7108
G1 X165.273 Y151 E.01949
G1 X151 Y165.273 E.68325
G1 X151 Y164.697 E.01949
G1 X164.697 Y151 E.65569
G1 X164.121 Y151 E.01949
G1 X151 Y164.121 E.62813
G1 X151 Y163.546 E.01949
G1 X163.546 Y151 E.60057
G1 X162.97 Y151 E.01949
G1 X151 Y162.97 E.57301
G1 X151 Y162.394 E.01949
G1 X162.394 Y151 E.54545
G1 X161.819 Y151 E.01949
G1 X151 Y161.819 E.5179
G1 X151 Y161.243 E.01949
G1 X161.243 Y151 E.49034
G1 X160.667 Y151 E.01949
G1 X151 Y160.667 E.46278
G1 X151 Y160.091 E.01949
G1 X160.091 Y151 E.43522
G1 X159.516 Y151 E.01949
G1 X151 Y159.516 E.40766
G1 X151 Y158.94 E.01949
G1 X158.94 Y151 E.38011
G1 X158.364 Y151 E.01949
G1 X151 Y158.364 E.35255
G1 X151 Y157.789 E.01949
G1 X157.789 Y151 E.32499
G1 X157.213 Y151 E.01949
G1 X151 Y157.213 E.29743
G1 X151 Y156.637 E.01949
G1 X156.637 Y151 E.26987
G1 X156.062 Y151 E.01949
G1 X151 Y156.062 E.24231
G1 X151 Y155.486 E.01949
G1 X155.486 Y151 E.21476
G1 X154.91 Y151 E.01949
G1 X151 Y154.91 E.1872
G1 X151 Y154.334 E.01949
G1 X154.334 Y151 E.15964
G1 X153.759 Y151 E.01949
G1 X151 Y153.759 E.13208
G1 X151 Y153.183 E.01949
G1 X153.183 Y151 E.10452
G1 X152.607 Y151 E.01949
G1 X151 Y152.607 E.07696
G1 X151 Y152.032 E.01949
G1 X152.215 Y150.816 E.05818
SET_VELOCITY_LIMIT ACCEL=1000 ACCEL_TO_DECEL=500
G1 X151.101 Y151.027 F7200
SET_VELOCITY_LIMIT ACCEL=500 ACCEL_TO_DECEL=250
;WIDTH:0.477236
G1 F6000
G1 X151.047 Y151.027 E.00196
G1 X151.02 Y151.074 E.00196
G1 X151.047 Y151.121 E.00196
G1 X151.101 Y151.121 E.00196
G1 X151.109 Y151.109 E.00052
M400
G1 E-10 F1800
G1 Z.8 F7200
M104 S150 T1 ; standby
M104 S270 T0 ; pre-charge
M109 S270 T0
MOVE_TO_BRUSH_STATION
CLEAN_NOZZLE
MOVE_OUT_BRUSH_STATION
M106 P2 S0 ; fibre-side cooling, fan4
M106 P1 S0 ; part-cooling, fan3
T0 ; switch extruder type to:FIBER
; LAYER:2 [0.40]
M1001 L71
G1 F1200 Z1.60
G1 X151.11 Y151.11 F1200
G1 F1200 U55.000 ; Extrude restart
G1 F1200 Z0.40
G1 F600 V1.000 ; Recover matrix retract
G1 F600 V3.000 ; Matrix prime
G1 X167.45 Y151.11 V0.545 U16.017 P0.034 F1200
; Start to cut
M2800
M400
;CUT DISTANCE 54.8
G1 X168.89 Y151.11 V0.048 F1200
G1 X168.89 Y168.89 V0.593 F1200
G1 X151.11 Y168.89 V0.593 F1200
G1 X151.11 Y151.11 V0.593 F1200
; Cutting completed.
G1 F600 V-1.000 ; Retract
G1 F1200 Z1.00
M1002
M1001 L404
G1 F1200 Z1.60
G1 X167.89 Y151.76 F1200
G1 F1200 U55.000 ; Extrude restart
G1 F1200 Z0.40
G1 F600 V1.000 ; Recover matrix retract
G1 F600 V3.000 ; Matrix prime
G1 X167.89 Y168.24 V0.549 U16.156 P0.034 F1200
G1 X167.19 Y168.24 V0.023 U0.686 P0.034 F1200
G1 X167.19 Y151.76 V0.549 U16.156 P0.034 F1200
G1 X166.49 Y151.76 V0.023 U0.686 P0.034 F1200
G1 X166.49 Y168.24 V0.549 U16.156 P0.034 F1200
G1 X165.79 Y168.24 V0.023 U0.686 P0.034 F1200
G1 X165.79 Y151.76 V0.549 U16.156 P0.034 F1200
G1 X165.09 Y151.76 V0.023 U0.686 P0.034 F1200
G1 X165.09 Y168.24 V0.549 U16.156 P0.034 F1200
G1 X164.39 Y168.24 V0.023 U0.686 P0.034 F1200
G1 X164.39 Y151.76 V0.549 U16.156 P0.034 F1200
G1 X163.69 Y151.76 V0.023 U0.686 P0.034 F1200
G1 X163.69 Y168.24 V0.549 U16.156 P0.034 F1200
G1 X162.99 Y168.24 V0.023 U0.686 P0.034 F1200
G1 X162.99 Y151.76 V0.549 U16.156 P0.034 F1200
G1 X162.29 Y151.76 V0.023 U0.686 P0.034 F1200
G1 X162.29 Y168.24 V0.549 U16.156 P0.034 F1200
G1 X161.59 Y168.24 V0.023 U0.686 P0.034 F1200
G1 X161.59 Y151.76 V0.549 U16.156 P0.034 F1200
G1 X160.89 Y151.76 V0.023 U0.686 P0.034 F1200
G1 X160.89 Y168.24 V0.549 U16.156 P0.034 F1200
G1 X160.19 Y168.24 V0.023 U0.686 P0.034 F1200
G1 X160.19 Y151.76 V0.549 U16.156 P0.034 F1200
G1 X159.49 Y151.76 V0.023 U0.686 P0.034 F1200
G1 X159.49 Y168.24 V0.549 U16.156 P0.034 F1200
G1 X158.79 Y168.24 V0.023 U0.686 P0.034 F1200
G1 X158.79 Y151.76 V0.549 U16.156 P0.034 F1200
G1 X158.09 Y151.76 V0.023 U0.686 P0.034 F1200
G1 X158.09 Y168.24 V0.549 U16.156 P0.034 F1200
G1 X157.39 Y168.24 V0.023 U0.686 P0.034 F1200
G1 X157.39 Y151.76 V0.549 U16.156 P0.034 F1200
G1 X156.69 Y151.76 V0.023 U0.686 P0.034 F1200
G1 X156.69 Y168.24 V0.549 U16.156 P0.034 F1200
G1 X155.99 Y168.24 V0.023 U0.686 P0.034 F1200
G1 X155.99 Y151.76 V0.549 U16.156 P0.034 F1200
G1 X155.29 Y151.76 V0.023 U0.686 P0.034 F1200
G1 X155.29 Y168.24 V0.549 U16.156 P0.034 F1200
G1 X154.59 Y168.24 V0.023 U0.686 P0.034 F1200
M73 P2 R59
G1 X154.59 Y151.76 V0.549 U16.156 P0.034 F1200
G1 X153.89 Y151.76 V0.023 U0.686 P0.034 F1200
G1 X153.89 Y165.00 V0.441 U12.979 P0.034 F1200
; Start to cut
M2800
M400
;CUT DISTANCE 54.8
G1 X153.89 Y168.24 V0.108 F1200
G1 X153.19 Y168.24 V0.023 F1200
G1 X153.19 Y151.76 V0.549 F1200
G1 X152.49 Y151.76 V0.023 F1200
G1 X152.49 Y168.24 V0.549 F1200
G1 X151.79 Y168.24 V0.023 F1200
G1 X151.79 Y151.76 V0.549 F1200
; Cutting completed.
G1 F600 V-1.000 ; Retract
M73 P3 R59
G1 F1200 Z1.00
M1002
M400
G1 F600 V-4.000 ; Toolchange matrix retract
M104 S180 T0 ; standby
M104 S250 T1 ; pre-charge
M109 S250 T1
MOVE_TO_BRUSH_STATION
CLEAN_NOZZLE
MOVE_OUT_BRUSH_STATION
M106 P2 S0 ; fibre-side cooling, fan4
M106 P1 S0 ; part-cooling, fan3
T1 ; switch extruder type to:PLASTIC
G1 Z.4 F7200
G1 E10 F1800
;LAYER_CHANGE
;Z:0.6
;HEIGHT:0.2
;_SET_FAN_SPEED_CHANGING_LAYER
SET_VELOCITY_LIMIT ACCEL=1000 ACCEL_TO_DECEL=500
G1 E-.8 F1800
G1 X156.506 Y156.506 Z1 F7200
G1 X169.346 Y169.346 Z1 F7200
G1 Z.6 F7200
G1 E.8 F1800
;TYPE:Inner wall
;WIDTH:0.449999
G1 F3600
G1 X150.654 Y169.346 E.6327
G1 X150.654 Y150.654 E.6327
G1 X169.346 Y150.654 E.6327
G1 X169.346 Y169.306 E.63135
SET_VELOCITY_LIMIT ACCEL=500 ACCEL_TO_DECEL=250
G1 X169.775 Y169.775 F7200
;TYPE:Outer wall
G1 F3600
G1 X150.225 Y169.775 E.66174
G1 X150.225 Y150.225 E.66174
G1 X169.775 Y150.225 E.66174
G1 X169.775 Y169.735 E.66039
SET_VELOCITY_LIMIT ACCEL=1000 ACCEL_TO_DECEL=500
G1 E-.8 F1800
G1 X169.509 Y162.107 Z1 F7200
G1 X169.184 Y152.762 Z1 F7200
G1 Z.6 F7200
G1 E.8 F1800
SET_VELOCITY_LIMIT ACCEL=500 ACCEL_TO_DECEL=250
;TYPE:Internal solid infill
G1 F6000
G1 X167.421 Y151 E.08437
G1 X166.845 Y151 E.01949
G1 X169 Y153.155 E.10316
G1 X169 Y153.73 E.01949
G1 X166.27 Y151 E.13071
G1 X165.694 Y151 E.01949
G1 X169 Y154.306 E.15827
G1 X169 Y154.882 E.01949
G1 X165.118 Y151 E.18583
G1 X164.543 Y151 E.01949
G1 X169 Y155.457 E.21339
G1 X169 Y156.033 E.01949
G1 X163.967 Y151 E.24095
G1 X163.391 Y151 E.01949
G1 X169 Y156.609 E.26851
G1 X169 Y157.184 E.01949
G1 X162.816 Y151 E.29606
G1 X162.24 Y151 E.01949
G1 X169 Y157.76 E.32362
G1 X169 Y158.336 E.01949
G1 X161.664 Y151 E.35118
G1 X161.089 Y151 E.01949
G1 X169 Y158.911 E.37874
G1 X169 Y159.487 E.01949
G1 X160.513 Y151 E.4063
G1 X159.937 Y151 E.01949
G1 X169 Y160.063 E.43386
G1 X169 Y160.639 E.01949
G1 X159.361 Y151 E.46141
G1 X158.786 Y151 E.01949
G1 X169 Y161.214 E.48897
G1 X169 Y161.79 E.01949
G1 X158.21 Y151 E.51653
G1 X157.634 Y151 E.01949
G1 X169 Y162.366 E.54409
G1 X169 Y162.941 E.01949
G1 X157.059 Y151 E.57165
G1 X156.483 Y151 E.01949
G1 X169 Y163.517 E.5992
G1 X169 Y164.093 E.01949
G1 X155.907 Y151 E.62676
G1 X155.332 Y151 E.01949
G1 X169 Y164.668 E.65432
G1 X169 Y165.244 E.01949
G1 X154.756 Y151 E.68188
G1 X154.18 Y151 E.01949
G1 X169 Y165.82 E.70944
G1 X169 Y166.396 E.01949
G1 X153.604 Y151 E.737
G1 X153.029 Y151 E.01949
G1 X169 Y166.971 E.76455
G1 X169 Y167.547 E.01949
G1 X152.453 Y151 E.79211
G1 X151.877 Y151 E.01949
G1 X169 Y168.123 E.81967
G1 X169 Y168.698 E.01949
G1 X151.302 Y151 E.84723
G1 X151 Y151 E.01023
G1 X151 Y151.273 E.00926
G1 X168.727 Y169 E.8486
G1 X168.151 Y169 E.01949
G1 X151 Y151.849 E.82104
G1 X151 Y152.425 E.01949
G1 X167.575 Y169 E.79348
G1 X167 Y169 E.01949
G1 X151 Y153 E.76592
G1 X151 Y153.576 E.01949
G1 X166.424 Y169 E.73836
G1 X165.848 Y169 E.01949
G1 X151 Y154.152 E.7108
G1 X151 Y154.727 E.01949
G1 X165.273 Y169 E.68325
G1 X164.697 Y169 E.01949
G1 X151 Y155.303 E.65569
G1 X151 Y155.879 E.01949
G1 X164.121 Y169 E.62813
G1 X163.546 Y169 E.01949
G1 X151 Y156.454 E.60057
G1 X151 Y157.03 E.01949
G1 X162.97 Y169 E.57301
G1 X162.394 Y169 E.01949
G1 X151 Y157.606 E.54545
G1 X151 Y158.181 E.01949
G1 X161.819 Y169 E.5179
G1 X161.243 Y169 E.01949
G1 X151 Y158.757 E.49034
G1 X151 Y159.333 E.01949
G1 X160.667 Y169 E.46278
G1 X160.091 Y169 E.01949
G1 X151 Y159.909 E.43522
G1 X151 Y160.484 E.01949
G1 X159.516 Y169 E.40766
G1 X158.94 Y169 E.01949
G1 X151 Y161.06 E.38011
G1 X151 Y161.636 E.01949
G1 X158.364 Y169 E.35255
G1 X157.789 Y169 E.01949
G1 X151 Y162.211 E.32499
G1 X151 Y162.787 E.01949
G1 X157.213 Y169 E.29743
G1 X156.637 Y169 E.01949
G1 X151 Y163.363 E.26987
G1 X151 Y163.938 E.01949
G1 X156.062 Y169 E.24231
G1 X155.486 Y169 E.01949
G1 X151 Y164.514 E.21476
G1 X151 Y165.09 E.01949
G1 X154.91 Y169 E.1872
G1 X154.334 Y169 E.01949
G1 X151 Y165.666 E.15964
G1 X151 Y166.241 E.01949
G1 X153.759 Y169 E.13208
G1 X153.183 Y169 E.01949
G1 X151 Y166.817 E.10452
G1 X151 Y167.393 E.01949
G1 X152.607 Y169 E.07696
G1 X152.032 Y169 E.01949
G1 X150.816 Y167.785 E.05818
SET_VELOCITY_LIMIT ACCEL=1000 ACCEL_TO_DECEL=500
G1 X151.101 Y168.879 F7200
SET_VELOCITY_LIMIT ACCEL=500 ACCEL_TO_DECEL=250
;WIDTH:0.477236
G1 F6000
G1 X151.047 Y168.879 E.00196
G1 X151.02 Y168.926 E.00196
G1 X151.047 Y168.973 E.00196
G1 X151.101 Y168.973 E.00196
G1 X151.109 Y168.96 E.00052
SET_VELOCITY_LIMIT ACCEL=1000 ACCEL_TO_DECEL=500
G1 E-.8 F1800
G1 X156.638 Y163.699 Z1 F7200
G1 X168.87 Y152.062 Z1 F7200
G1 Z.6 F7200
G1 E.8 F1800
SET_VELOCITY_LIMIT ACCEL=500 ACCEL_TO_DECEL=250
;WIDTH:0.588921
G1 F6000
G1 X168.87 Y151.13 E.04232
G1 X167.938 Y151.13 E.04232
G1 X168.842 Y152.034 E.05803
M400
G1 E-10 F1800
G1 Z1 F7200
M104 S150 T1 ; standby
M104 S270 T0 ; pre-charge
M109 S270 T0
MOVE_TO_BRUSH_STATION
CLEAN_NOZZLE
MOVE_OUT_BRUSH_STATION
M106 P2 S104 ; fibre-side cooling, fan4
M106 P1 S0 ; part-cooling, fan3
T0 ; switch extruder type to:FIBER
; LAYER:3 [0.60]
M1001 L71
G1 F1200 Z1.80
G1 X151.11 Y151.11 F1200
G1 F1200 U55.000 ; Extrude restart
G1 F1200 Z0.60
G1 F600 V1.000 ; Recover matrix retract
G1 F600 V3.000 ; Matrix prime
G1 X167.45 Y151.11 V0.545 U16.017 P0.034 F1200
; Start to cut
M2800
M400
;CUT DISTANCE 54.8
G1 X168.89 Y151.11 V0.048 F1200
G1 X168.89 Y168.89 V0.593 F1200
G1 X151.11 Y168.89 V0.593 F1200
G1 X151.11 Y151.11 V0.593 F1200
; Cutting completed.
G1 F600 V-1.000 ; Retract
G1 F1200 Z1.20
M1002
M1001 L404
G1 F1200 Z1.80
G1 X151.76 Y152.11 F1200
G1 F1200 U55.000 ; Extrude restart
G1 F1200 Z0.60
G1 F600 V1.000 ; Recover matrix retract
G1 F600 V3.000 ; Matrix prime
G1 X168.24 Y152.11 V0.549 U16.156 P0.034 F1200
G1 X168.24 Y152.81 V0.023 U0.686 P0.034 F1200
G1 X151.76 Y152.81 V0.549 U16.156 P0.034 F1200
G1 X151.76 Y153.51 V0.023 U0.686 P0.034 F1200
G1 X168.24 Y153.51 V0.549 U16.156 P0.034 F1200
G1 X168.24 Y154.21 V0.023 U0.686 P0.034 F1200
G1 X151.76 Y154.21 V0.549 U16.156 P0.034 F1200
G1 X151.76 Y154.91 V0.023 U0.686 P0.034 F1200
G1 X168.24 Y154.91 V0.549 U16.156 P0.034 F1200
G1 X168.24 Y155.61 V0.023 U0.686 P0.034 F1200
G1 X151.76 Y155.61 V0.549 U16.156 P0.034 F1200
G1 X151.76 Y156.31 V0.023 U0.686 P0.034 F1200
G1 X168.24 Y156.31 V0.549 U16.156 P0.034 F1200
G1 X168.24 Y157.01 V0.023 U0.686 P0.034 F1200
G1 X151.76 Y157.01 V0.549 U16.156 P0.034 F1200
G1 X151.76 Y157.71 V0.023 U0.686 P0.034 F1200
G1 X168.24 Y157.71 V0.549 U16.156 P0.034 F1200
G1 X168.24 Y158.41 V0.023 U0.686 P0.034 F1200
G1 X151.76 Y158.41 V0.549 U16.156 P0.034 F1200
G1 X151.76 Y159.11 V0.023 U0.686 P0.034 F1200
M73 P4 R59
G1 X168.24 Y159.11 V0.549 U16.156 P0.034 F1200
G1 X168.24 Y159.81 V0.023 U0.686 P0.034 F1200
G1 X151.76 Y159.81 V0.549 U16.156 P0.034 F1200
G1 X151.76 Y160.51 V0.023 U0.686 P0.034 F1200
G1 X168.24 Y160.51 V0.549 U16.156 P0.034 F1200
G1 X168.24 Y161.21 V0.023 U0.686 P0.034 F1200
G1 X151.76 Y161.21 V0.549 U16.156 P0.034 F1200
G1 X151.76 Y161.91 V0.023 U0.686 P0.034 F1200
G1 X168.24 Y161.91 V0.549 U16.156 P0.034 F1200
G1 X168.24 Y162.61 V0.023 U0.686 P0.034 F1200
G1 X151.76 Y162.61 V0.549 U16.156 P0.034 F1200
G1 X151.76 Y163.31 V0.023 U0.686 P0.034 F1200
G1 X168.24 Y163.31 V0.549 U16.156 P0.034 F1200
G1 X168.24 Y164.01 V0.023 U0.686 P0.034 F1200
G1 X151.76 Y164.01 V0.549 U16.156 P0.034 F1200
G1 X151.76 Y164.71 V0.023 U0.686 P0.034 F1200
G1 X168.24 Y164.71 V0.549 U16.156 P0.034 F1200
G1 X168.24 Y165.41 V0.023 U0.686 P0.034 F1200
G1 X151.76 Y165.41 V0.549 U16.156 P0.034 F1200
G1 X151.76 Y166.11 V0.023 U0.686 P0.034 F1200
G1 X165.00 Y166.11 V0.441 U12.979 P0.034 F1200
; Start to cut
M2800
M400
;CUT DISTANCE 54.8
G1 X168.24 Y166.11 V0.108 F1200
G1 X168.24 Y166.81 V0.023 F1200
G1 X151.76 Y166.81 V0.549 F1200
G1 X151.76 Y167.51 V0.023 F1200
G1 X168.24 Y167.51 V0.549 F1200
G1 X168.24 Y168.21 V0.023 F1200
G1 X151.76 Y168.21 V0.549 F1200
; Cutting completed.
G1 F600 V-1.000 ; Retract
G1 F1200 Z1.20
M1002
M400
G1 F600 V-4.000 ; Toolchange matrix retract
M104 S180 T0 ; standby
M104 S250 T1 ; pre-charge
M109 S250 T1
MOVE_TO_BRUSH_STATION
CLEAN_NOZZLE
MOVE_OUT_BRUSH_STATION
M106 P2 S0 ; fibre-side cooling, fan4
M106 P1 S104 ; part-cooling, fan3
T1 ; switch extruder type to:PLASTIC
G1 Z.6 F7200
G1 E10 F1800
M106 S130
;LAYER_CHANGE
;Z:0.8
;HEIGHT:0.2
;_SET_FAN_SPEED_CHANGING_LAYER
SET_VELOCITY_LIMIT ACCEL=1000 ACCEL_TO_DECEL=500
G1 E-.8 F1800
G1 X169.064 Y159.663 Z1.2 F7200
G1 X169.346 Y169.346 Z1.2 F7200
G1 Z.8 F7200
G1 E.8 F1800
;TYPE:Inner wall
;WIDTH:0.449999
G1 F3600
G1 X150.654 Y169.346 E.6327
G1 X150.654 Y150.654 E.6327
G1 X169.346 Y150.654 E.6327
G1 X169.346 Y169.306 E.63135
SET_VELOCITY_LIMIT ACCEL=500 ACCEL_TO_DECEL=250
G1 X169.775 Y169.775 F7200
;TYPE:Outer wall
G1 F3600
G1 X150.225 Y169.775 E.66174
G1 X150.225 Y150.225 E.66174
G1 X169.775 Y150.225 E.66174
G1 X169.775 Y169.735 E.66039
SET_VELOCITY_LIMIT ACCEL=1000 ACCEL_TO_DECEL=500
G1 E-.8 F1800
G1 X169.445 Y162.11 Z1.2 F7200
G1 X169 Y151.828 Z1.2 F7200
G1 Z.8 F7200
G1 E.8 F1800
SET_VELOCITY_LIMIT ACCEL=500 ACCEL_TO_DECEL=250
;TYPE:Sparse infill
;WIDTH:0.45
G1 F6000
G1 X169 Y153.457 E.05512
G1 X166.543 Y151 E.11762
G1 X163.435 Y151 E.10523
G1 X169 Y156.565 E.26643
G1 X169 Y159.674 E.10523
G1 X160.326 Y151 E.41525
G1 X157.217 Y151 E.10523
G1 X169 Y162.783 E.56406
G1 X169 Y165.892 E.10523
G1 X154.108 Y151 E.71288
M73 P4 R58
G1 X151 Y151 E.10523
G1 X169 Y169 E.86169
G1 X165.892 Y169 E.10523
G1 X151 Y154.108 E.71288
G1 X151 Y157.217 E.10523
G1 X162.783 Y169 E.56406
G1 X159.674 Y169 E.10523
G1 X151 Y160.326 E.41525
G1 X151 Y163.435 E.10523
G1 X156.565 Y169 E.26643
G1 X153.457 Y169 E.10523
G1 X151 Y166.543 E.11762
G1 X151 Y168.172 E.05512
M400
G1 E-10 F1800
G1 Z1.2 F7200
M104 S150 T1 ; standby
M104 S270 T0 ; pre-charge
M109 S270 T0
MOVE_TO_BRUSH_STATION
CLEAN_NOZZLE
MOVE_OUT_BRUSH_STATION
M106 P2 S104 ; fibre-side cooling, fan4
M106 P1 S0 ; part-cooling, fan3
T0 ; switch extruder type to:FIBER
; LAYER:4 [0.80]
M1001 L71
G1 F1200 Z2.00
G1 X151.11 Y151.11 F1200
G1 F1200 U55.000 ; Extrude restart
G1 F1200 Z0.80
G1 F600 V1.000 ; Recover matrix retract
G1 F600 V3.000 ; Matrix prime
G1 X167.45 Y151.11 V0.545 U16.017 P0.034 F1200
; Start to cut
M2800
M400
;CUT DISTANCE 54.8
G1 X168.89 Y151.11 V0.048 F1200
G1 X168.89 Y168.89 V0.593 F1200
G1 X151.11 Y168.89 V0.593 F1200
G1 X151.11 Y151.11 V0.593 F1200
; Cutting completed.
G1 F600 V-1.000 ; Retract
G1 F1200 Z1.40
M1002
M1001 L404
G1 F1200 Z2.00
G1 X151.76 Y152.11 F1200
G1 F1200 U55.000 ; Extrude restart
G1 F1200 Z0.80
G1 F600 V1.000 ; Recover matrix retract
G1 F600 V3.000 ; Matrix prime
G1 X168.24 Y152.11 V0.549 U16.156 P0.034 F1200
G1 X168.24 Y152.81 V0.023 U0.686 P0.034 F1200
G1 X151.76 Y152.81 V0.549 U16.156 P0.034 F1200
G1 X151.76 Y153.51 V0.023 U0.686 P0.034 F1200
G1 X168.24 Y153.51 V0.549 U16.156 P0.034 F1200
G1 X168.24 Y154.21 V0.023 U0.686 P0.034 F1200
G1 X151.76 Y154.21 V0.549 U16.156 P0.034 F1200
G1 X151.76 Y154.91 V0.023 U0.686 P0.034 F1200
G1 X168.24 Y154.91 V0.549 U16.156 P0.034 F1200
G1 X168.24 Y155.61 V0.023 U0.686 P0.034 F1200
G1 X151.76 Y155.61 V0.549 U16.156 P0.034 F1200
G1 X151.76 Y156.31 V0.023 U0.686 P0.034 F1200
G1 X168.24 Y156.31 V0.549 U16.156 P0.034 F1200
G1 X168.24 Y157.01 V0.023 U0.686 P0.034 F1200
G1 X151.76 Y157.01 V0.549 U16.156 P0.034 F1200
G1 X151.76 Y157.71 V0.023 U0.686 P0.034 F1200
G1 X168.24 Y157.71 V0.549 U16.156 P0.034 F1200
G1 X168.24 Y158.41 V0.023 U0.686 P0.034 F1200
G1 X151.76 Y158.41 V0.549 U16.156 P0.034 F1200
G1 X151.76 Y159.11 V0.023 U0.686 P0.034 F1200
G1 X168.24 Y159.11 V0.549 U16.156 P0.034 F1200
G1 X168.24 Y159.81 V0.023 U0.686 P0.034 F1200
G1 X151.76 Y159.81 V0.549 U16.156 P0.034 F1200
G1 X151.76 Y160.51 V0.023 U0.686 P0.034 F1200
G1 X168.24 Y160.51 V0.549 U16.156 P0.034 F1200
G1 X168.24 Y161.21 V0.023 U0.686 P0.034 F1200
M73 P5 R58
G1 X151.76 Y161.21 V0.549 U16.156 P0.034 F1200
G1 X151.76 Y161.91 V0.023 U0.686 P0.034 F1200
G1 X168.24 Y161.91 V0.549 U16.156 P0.034 F1200
G1 X168.24 Y162.61 V0.023 U0.686 P0.034 F1200
G1 X151.76 Y162.61 V0.549 U16.156 P0.034 F1200
G1 X151.76 Y163.31 V0.023 U0.686 P0.034 F1200
G1 X168.24 Y163.31 V0.549 U16.156 P0.034 F1200
G1 X168.24 Y164.01 V0.023 U0.686 P0.034 F1200
G1 X151.76 Y164.01 V0.549 U16.156 P0.034 F1200
G1 X151.76 Y164.71 V0.023 U0.686 P0.034 F1200
G1 X168.24 Y164.71 V0.549 U16.156 P0.034 F1200
G1 X168.24 Y165.41 V0.023 U0.686 P0.034 F1200
G1 X151.76 Y165.41 V0.549 U16.156 P0.034 F1200
G1 X151.76 Y166.11 V0.023 U0.686 P0.034 F1200
G1 X165.00 Y166.11 V0.441 U12.979 P0.034 F1200
; Start to cut
M2800
M400
;CUT DISTANCE 54.8
G1 X168.24 Y166.11 V0.108 F1200
G1 X168.24 Y166.81 V0.023 F1200
G1 X151.76 Y166.81 V0.549 F1200
G1 X151.76 Y167.51 V0.023 F1200
G1 X168.24 Y167.51 V0.549 F1200
G1 X168.24 Y168.21 V0.023 F1200
G1 X151.76 Y168.21 V0.549 F1200
; Cutting completed.
G1 F600 V-1.000 ; Retract
G1 F1200 Z1.40
M1002
M400
G1 F600 V-4.000 ; Toolchange matrix retract
M104 S180 T0 ; standby
M104 S250 T1 ; pre-charge
M109 S250 T1
MOVE_TO_BRUSH_STATION
CLEAN_NOZZLE
MOVE_OUT_BRUSH_STATION
M106 P2 S0 ; fibre-side cooling, fan4
M106 P1 S104 ; part-cooling, fan3
T1 ; switch extruder type to:PLASTIC
G1 Z.8 F7200
G1 E10 F1800
M106 S125
;LAYER_CHANGE
;Z:1
;HEIGHT:0.2
;_SET_FAN_SPEED_CHANGING_LAYER
SET_VELOCITY_LIMIT ACCEL=1000 ACCEL_TO_DECEL=500
G1 E-.8 F1800
G1 X158.616 Y168.659 Z1.4 F7200
G1 X169.346 Y169.346 Z1.4 F7200
G1 Z1 F7200
G1 E.8 F1800
;TYPE:Inner wall
;WIDTH:0.449999
G1 F3600
G1 X150.654 Y169.346 E.6327
G1 X150.654 Y150.654 E.6327
G1 X169.346 Y150.654 E.6327
G1 X169.346 Y169.306 E.63135
SET_VELOCITY_LIMIT ACCEL=500 ACCEL_TO_DECEL=250
G1 X169.775 Y169.775 F7200
;TYPE:Outer wall
G1 F3600
G1 X150.225 Y169.775 E.66174
G1 X150.225 Y150.225 E.66174
G1 X169.775 Y150.225 E.66174
G1 X169.775 Y169.735 E.66039
SET_VELOCITY_LIMIT ACCEL=1000 ACCEL_TO_DECEL=500
G1 E-.8 F1800
G1 X169.445 Y162.11 Z1.4 F7200
G1 X169 Y151.828 Z1.4 F7200
G1 Z1 F7200
G1 E.8 F1800
SET_VELOCITY_LIMIT ACCEL=500 ACCEL_TO_DECEL=250
;TYPE:Sparse infill
;WIDTH:0.45
G1 F6000
G1 X169 Y153.457 E.05512
G1 X166.543 Y151 E.11762
G1 X163.435 Y151 E.10523
G1 X169 Y156.565 E.26643
G1 X169 Y159.674 E.10523
G1 X160.326 Y151 E.41525
G1 X157.217 Y151 E.10523
G1 X169 Y162.783 E.56406
G1 X169 Y165.892 E.10523
G1 X154.108 Y151 E.71288
G1 X151 Y151 E.10523
G1 X169 Y169 E.86169
G1 X165.892 Y169 E.10523
G1 X151 Y154.108 E.71288
G1 X151 Y157.217 E.10523
G1 X162.783 Y169 E.56406
G1 X159.674 Y169 E.10523
G1 X151 Y160.326 E.41525
G1 X151 Y163.435 E.10523
G1 X156.565 Y169 E.26643
G1 X153.457 Y169 E.10523
G1 X151 Y166.543 E.11762
G1 X151 Y168.172 E.05512
M400
G1 E-10 F1800
G1 Z1.4 F7200
M104 S150 T1 ; standby
M104 S270 T0 ; pre-charge
M109 S270 T0
MOVE_TO_BRUSH_STATION
CLEAN_NOZZLE
MOVE_OUT_BRUSH_STATION
M106 P2 S130 ; fibre-side cooling, fan4
M106 P1 S0 ; part-cooling, fan3
T0 ; switch extruder type to:FIBER
; LAYER:5 [1.00]
M1001 L71
G1 F1200 Z2.20
G1 X151.11 Y151.11 F1200
G1 F1200 U55.000 ; Extrude restart
G1 F1200 Z1.00
G1 F600 V1.000 ; Recover matrix retract
G1 F600 V3.000 ; Matrix prime
G1 X167.45 Y151.11 V0.545 U16.017 P0.034 F1200
; Start to cut
M2800
M400
;CUT DISTANCE 54.8
G1 X168.89 Y151.11 V0.048 F1200
G1 X168.89 Y168.89 V0.593 F1200
G1 X151.11 Y168.89 V0.593 F1200
G1 X151.11 Y151.11 V0.593 F1200
; Cutting completed.
G1 F600 V-1.000 ; Retract
G1 F1200 Z1.60
M1002
M1001 L404
G1 F1200 Z2.20
G1 X167.89 Y151.76 F1200
G1 F1200 U55.000 ; Extrude restart
G1 F1200 Z1.00
G1 F600 V1.000 ; Recover matrix retract
G1 F600 V3.000 ; Matrix prime
G1 X167.89 Y168.24 V0.549 U16.156 P0.034 F1200
G1 X167.19 Y168.24 V0.023 U0.686 P0.034 F1200
G1 X167.19 Y151.76 V0.549 U16.156 P0.034 F1200
G1 X166.49 Y151.76 V0.023 U0.686 P0.034 F1200
G1 X166.49 Y168.24 V0.549 U16.156 P0.034 F1200
G1 X165.79 Y168.24 V0.023 U0.686 P0.034 F1200
G1 X165.79 Y151.76 V0.549 U16.156 P0.034 F1200
G1 X165.09 Y151.76 V0.023 U0.686 P0.034 F1200
G1 X165.09 Y168.24 V0.549 U16.156 P0.034 F1200
G1 X164.39 Y168.24 V0.023 U0.686 P0.034 F1200
G1 X164.39 Y151.76 V0.549 U16.156 P0.034 F1200
G1 X163.69 Y151.76 V0.023 U0.686 P0.034 F1200
G1 X163.69 Y168.24 V0.549 U16.156 P0.034 F1200
G1 X162.99 Y168.24 V0.023 U0.686 P0.034 F1200
G1 X162.99 Y151.76 V0.549 U16.156 P0.034 F1200
G1 X162.29 Y151.76 V0.023 U0.686 P0.034 F1200
G1 X162.29 Y168.24 V0.549 U16.156 P0.034 F1200
G1 X161.59 Y168.24 V0.023 U0.686 P0.034 F1200
G1 X161.59 Y151.76 V0.549 U16.156 P0.034 F1200
G1 X160.89 Y151.76 V0.023 U0.686 P0.034 F1200
G1 X160.89 Y168.24 V0.549 U16.156 P0.034 F1200
G1 X160.19 Y168.24 V0.023 U0.686 P0.034 F1200
G1 X160.19 Y151.76 V0.549 U16.156 P0.034 F1200
G1 X159.49 Y151.76 V0.023 U0.686 P0.034 F1200
G1 X159.49 Y168.24 V0.549 U16.156 P0.034 F1200
G1 X158.79 Y168.24 V0.023 U0.686 P0.034 F1200
G1 X158.79 Y151.76 V0.549 U16.156 P0.034 F1200
G1 X158.09 Y151.76 V0.023 U0.686 P0.034 F1200
M73 P6 R58
G1 X158.09 Y168.24 V0.549 U16.156 P0.034 F1200
G1 X157.39 Y168.24 V0.023 U0.686 P0.034 F1200
G1 X157.39 Y151.76 V0.549 U16.156 P0.034 F1200
G1 X156.69 Y151.76 V0.023 U0.686 P0.034 F1200
G1 X156.69 Y168.24 V0.549 U16.156 P0.034 F1200
G1 X155.99 Y168.24 V0.023 U0.686 P0.034 F1200
G1 X155.99 Y151.76 V0.549 U16.156 P0.034 F1200
G1 X155.29 Y151.76 V0.023 U0.686 P0.034 F1200
G1 X155.29 Y168.24 V0.549 U16.156 P0.034 F1200
G1 X154.59 Y168.24 V0.023 U0.686 P0.034 F1200
M73 P6 R57
G1 X154.59 Y151.76 V0.549 U16.156 P0.034 F1200
G1 X153.89 Y151.76 V0.023 U0.686 P0.034 F1200
G1 X153.89 Y165.00 V0.441 U12.979 P0.034 F1200
; Start to cut
M2800
M400
;CUT DISTANCE 54.8
G1 X153.89 Y168.24 V0.108 F1200
G1 X153.19 Y168.24 V0.023 F1200
G1 X153.19 Y151.76 V0.549 F1200
G1 X152.49 Y151.76 V0.023 F1200
G1 X152.49 Y168.24 V0.549 F1200
G1 X151.79 Y168.24 V0.023 F1200
G1 X151.79 Y151.76 V0.549 F1200
; Cutting completed.
G1 F600 V-1.000 ; Retract
G1 F1200 Z1.60
M1002
M400
G1 F600 V-4.000 ; Toolchange matrix retract
M104 S180 T0 ; standby
M104 S250 T1 ; pre-charge
M109 S250 T1
MOVE_TO_BRUSH_STATION
CLEAN_NOZZLE
MOVE_OUT_BRUSH_STATION
M106 P2 S0 ; fibre-side cooling, fan4
M106 P1 S130 ; part-cooling, fan3
T1 ; switch extruder type to:PLASTIC
G1 Z1 F7200
G1 E10 F1800
M106 S130
;LAYER_CHANGE
;Z:1.2
;HEIGHT:0.2
;_SET_FAN_SPEED_CHANGING_LAYER
SET_VELOCITY_LIMIT ACCEL=1000 ACCEL_TO_DECEL=500
G1 E-.8 F1800
G1 X158.616 Y168.659 Z1.6 F7200
G1 X169.346 Y169.346 Z1.6 F7200
G1 Z1.2 F7200
G1 E.8 F1800
;TYPE:Inner wall
;WIDTH:0.449999
G1 F3600
G1 X150.654 Y169.346 E.6327
G1 X150.654 Y150.654 E.6327
G1 X169.346 Y150.654 E.6327
G1 X169.346 Y169.306 E.63135
SET_VELOCITY_LIMIT ACCEL=500 ACCEL_TO_DECEL=250
G1 X169.775 Y169.775 F7200
;TYPE:Outer wall
G1 F3600
G1 X150.225 Y169.775 E.66174
G1 X150.225 Y150.225 E.66174
G1 X169.775 Y150.225 E.66174
G1 X169.775 Y169.735 E.66039
SET_VELOCITY_LIMIT ACCEL=1000 ACCEL_TO_DECEL=500
G1 E-.8 F1800
G1 X169.445 Y162.11 Z1.6 F7200
G1 X169 Y151.828 Z1.6 F7200
G1 Z1.2 F7200
G1 E.8 F1800
SET_VELOCITY_LIMIT ACCEL=500 ACCEL_TO_DECEL=250
;TYPE:Sparse infill
;WIDTH:0.45
G1 F6000
G1 X169 Y153.457 E.05512
G1 X166.543 Y151 E.11762
G1 X163.435 Y151 E.10523
G1 X169 Y156.565 E.26643
G1 X169 Y159.674 E.10523
G1 X160.326 Y151 E.41525
G1 X157.217 Y151 E.10523
G1 X169 Y162.783 E.56406
G1 X169 Y165.892 E.10523
G1 X154.108 Y151 E.71288
G1 X151 Y151 E.10523
G1 X169 Y169 E.86169
G1 X165.892 Y169 E.10523
G1 X151 Y154.108 E.71288
G1 X151 Y157.217 E.10523
G1 X162.783 Y169 E.56406
G1 X159.674 Y169 E.10523
G1 X151 Y160.326 E.41525
G1 X151 Y163.435 E.10523
G1 X156.565 Y169 E.26643
G1 X153.457 Y169 E.10523
G1 X151 Y166.543 E.11762
G1 X151 Y168.172 E.05512
M400
G1 E-10 F1800
G1 Z1.6 F7200
M104 S150 T1 ; standby
M104 S270 T0 ; pre-charge
M109 S270 T0
MOVE_TO_BRUSH_STATION
CLEAN_NOZZLE
MOVE_OUT_BRUSH_STATION
M106 P2 S124 ; fibre-side cooling, fan4
M106 P1 S0 ; part-cooling, fan3
T0 ; switch extruder type to:FIBER
; LAYER:6 [1.20]
M1001 L71
G1 F1200 Z2.40
G1 X151.11 Y151.11 F1200
G1 F1200 U55.000 ; Extrude restart
G1 F1200 Z1.20
G1 F600 V1.000 ; Recover matrix retract
G1 F600 V3.000 ; Matrix prime
G1 X167.45 Y151.11 V0.545 U16.017 P0.034 F1200
; Start to cut
M2800
M400
;CUT DISTANCE 54.8
G1 X168.89 Y151.11 V0.048 F1200
G1 X168.89 Y168.89 V0.593 F1200
G1 X151.11 Y168.89 V0.593 F1200
G1 X151.11 Y151.11 V0.593 F1200
; Cutting completed.
G1 F600 V-1.000 ; Retract
G1 F1200 Z1.80
M1002
M1001 L404
G1 F1200 Z2.40
G1 X151.76 Y152.11 F1200
G1 F1200 U55.000 ; Extrude restart
G1 F1200 Z1.20
G1 F600 V1.000 ; Recover matrix retract
G1 F600 V3.000 ; Matrix prime
G1 X168.24 Y152.11 V0.549 U16.156 P0.034 F1200
G1 X168.24 Y152.81 V0.023 U0.686 P0.034 F1200
G1 X151.76 Y152.81 V0.549 U16.156 P0.034 F1200
G1 X151.76 Y153.51 V0.023 U0.686 P0.034 F1200
G1 X168.24 Y153.51 V0.549 U16.156 P0.034 F1200
G1 X168.24 Y154.21 V0.023 U0.686 P0.034 F1200
G1 X151.76 Y154.21 V0.549 U16.156 P0.034 F1200
G1 X151.76 Y154.91 V0.023 U0.686 P0.034 F1200
G1 X168.24 Y154.91 V0.549 U16.156 P0.034 F1200
G1 X168.24 Y155.61 V0.023 U0.686 P0.034 F1200
G1 X151.76 Y155.61 V0.549 U16.156 P0.034 F1200
G1 X151.76 Y156.31 V0.023 U0.686 P0.034 F1200
G1 X168.24 Y156.31 V0.549 U16.156 P0.034 F1200
G1 X168.24 Y157.01 V0.023 U0.686 P0.034 F1200
G1 X151.76 Y157.01 V0.549 U16.156 P0.034 F1200
G1 X151.76 Y157.71 V0.023 U0.686 P0.034 F1200
G1 X168.24 Y157.71 V0.549 U16.156 P0.034 F1200
G1 X168.24 Y158.41 V0.023 U0.686 P0.034 F1200
G1 X151.76 Y158.41 V0.549 U16.156 P0.034 F1200
G1 X151.76 Y159.11 V0.023 U0.686 P0.034 F1200
G1 X168.24 Y159.11 V0.549 U16.156 P0.034 F1200
G1 X168.24 Y159.81 V0.023 U0.686 P0.034 F1200
G1 X151.76 Y159.81 V0.549 U16.156 P0.034 F1200
G1 X151.76 Y160.51 V0.023 U0.686 P0.034 F1200
G1 X168.24 Y160.51 V0.549 U16.156 P0.034 F1200
G1 X168.24 Y161.21 V0.023 U0.686 P0.034 F1200
G1 X151.76 Y161.21 V0.549 U16.156 P0.034 F1200
G1 X151.76 Y161.91 V0.023 U0.686 P0.034 F1200
G1 X168.24 Y161.91 V0.549 U16.156 P0.034 F1200
G1 X168.24 Y162.61 V0.023 U0.686 P0.034 F1200
G1 X151.76 Y162.61 V0.549 U16.156 P0.034 F1200
G1 X151.76 Y163.31 V0.023 U0.686 P0.034 F1200
M73 P7 R57
G1 X168.24 Y163.31 V0.549 U16.156 P0.034 F1200
G1 X168.24 Y164.01 V0.023 U0.686 P0.034 F1200
G1 X151.76 Y164.01 V0.549 U16.156 P0.034 F1200
G1 X151.76 Y164.71 V0.023 U0.686 P0.034 F1200
G1 X168.24 Y164.71 V0.549 U16.156 P0.034 F1200
G1 X168.24 Y165.41 V0.023 U0.686 P0.034 F1200
G1 X151.76 Y165.41 V0.549 U16.156 P0.034 F1200
G1 X151.76 Y166.11 V0.023 U0.686 P0.034 F1200
G1 X165.00 Y166.11 V0.441 U12.979 P0.034 F1200
; Start to cut
M2800
M400
;CUT DISTANCE 54.8
G1 X168.24 Y166.11 V0.108 F1200
G1 X168.24 Y166.81 V0.023 F1200
G1 X151.76 Y166.81 V0.549 F1200
G1 X151.76 Y167.51 V0.023 F1200
G1 X168.24 Y167.51 V0.549 F1200
G1 X168.24 Y168.21 V0.023 F1200
G1 X151.76 Y168.21 V0.549 F1200
; Cutting completed.
G1 F600 V-1.000 ; Retract
G1 F1200 Z1.80
M1002
M400
G1 F600 V-4.000 ; Toolchange matrix retract
M104 S180 T0 ; standby
M104 S250 T1 ; pre-charge
M109 S250 T1
MOVE_TO_BRUSH_STATION
CLEAN_NOZZLE
MOVE_OUT_BRUSH_STATION
M106 P2 S0 ; fibre-side cooling, fan4
M106 P1 S124 ; part-cooling, fan3
T1 ; switch extruder type to:PLASTIC
G1 Z1.2 F7200
G1 E10 F1800
;LAYER_CHANGE
;Z:1.4
;HEIGHT:0.2
;_SET_FAN_SPEED_CHANGING_LAYER
SET_VELOCITY_LIMIT ACCEL=1000 ACCEL_TO_DECEL=500
G1 E-.8 F1800
G1 X158.616 Y168.659 Z1.8 F7200
G1 X169.346 Y169.346 Z1.8 F7200
G1 Z1.4 F7200
G1 E.8 F1800
;TYPE:Inner wall
;WIDTH:0.449999
G1 F3600
G1 X150.654 Y169.346 E.6327
G1 X150.654 Y150.654 E.6327
G1 X169.346 Y150.654 E.6327
G1 X169.346 Y169.306 E.63135
SET_VELOCITY_LIMIT ACCEL=500 ACCEL_TO_DECEL=250
G1 X169.775 Y169.775 F7200
;TYPE:Outer wall
G1 F3600
G1 X150.225 Y169.775 E.66174
G1 X150.225 Y150.225 E.66174
G1 X169.775 Y150.225 E.66174
G1 X169.775 Y169.735 E.66039
SET_VELOCITY_LIMIT ACCEL=1000 ACCEL_TO_DECEL=500
G1 E-.8 F1800
G1 X169.445 Y162.11 Z1.8 F7200
G1 X169 Y151.828 Z1.8 F7200
G1 Z1.4 F7200
G1 E.8 F1800
SET_VELOCITY_LIMIT ACCEL=500 ACCEL_TO_DECEL=250
;TYPE:Sparse infill
;WIDTH:0.45
G1 F6000
G1 X169 Y153.457 E.05512
G1 X166.543 Y151 E.11762
G1 X163.435 Y151 E.10523
G1 X169 Y156.565 E.26643
G1 X169 Y159.674 E.10523
G1 X160.326 Y151 E.41525
G1 X157.217 Y151 E.10523
G1 X169 Y162.783 E.56406
G1 X169 Y165.892 E.10523
G1 X154.108 Y151 E.71288
G1 X151 Y151 E.10523
G1 X169 Y169 E.86169
G1 X165.892 Y169 E.10523
G1 X151 Y154.108 E.71288
G1 X151 Y157.217 E.10523
G1 X162.783 Y169 E.56406
G1 X159.674 Y169 E.10523
G1 X151 Y160.326 E.41525
G1 X151 Y163.435 E.10523
G1 X156.565 Y169 E.26643
G1 X153.457 Y169 E.10523
G1 X151 Y166.543 E.11762
G1 X151 Y168.172 E.05512
M400
G1 E-10 F1800
G1 Z1.8 F7200
M104 S150 T1 ; standby
M104 S270 T0 ; pre-charge
M109 S270 T0
MOVE_TO_BRUSH_STATION
CLEAN_NOZZLE
MOVE_OUT_BRUSH_STATION
M106 P2 S130 ; fibre-side cooling, fan4
M106 P1 S0 ; part-cooling, fan3
T0 ; switch extruder type to:FIBER
; LAYER:7 [1.40]
M1001 L71
G1 F1200 Z2.60
G1 X151.11 Y151.11 F1200
G1 F1200 U55.000 ; Extrude restart
G1 F1200 Z1.40
G1 F600 V1.000 ; Recover matrix retract
G1 F600 V3.000 ; Matrix prime
G1 X167.45 Y151.11 V0.545 U16.017 P0.034 F1200
; Start to cut
M2800
M400
;CUT DISTANCE 54.8
G1 X168.89 Y151.11 V0.048 F1200
G1 X168.89 Y168.89 V0.593 F1200
G1 X151.11 Y168.89 V0.593 F1200
G1 X151.11 Y151.11 V0.593 F1200
; Cutting completed.
G1 F600 V-1.000 ; Retract
G1 F1200 Z2.00
M1002
M1001 L404
G1 F1200 Z2.60
G1 X151.76 Y152.11 F1200
G1 F1200 U55.000 ; Extrude restart
G1 F1200 Z1.40
G1 F600 V1.000 ; Recover matrix retract
G1 F600 V3.000 ; Matrix prime
G1 X168.24 Y152.11 V0.549 U16.156 P0.034 F1200
G1 X168.24 Y152.81 V0.023 U0.686 P0.034 F1200
G1 X151.76 Y152.81 V0.549 U16.156 P0.034 F1200
G1 X151.76 Y153.51 V0.023 U0.686 P0.034 F1200
G1 X168.24 Y153.51 V0.549 U16.156 P0.034 F1200
G1 X168.24 Y154.21 V0.023 U0.686 P0.034 F1200
G1 X151.76 Y154.21 V0.549 U16.156 P0.034 F1200
G1 X151.76 Y154.91 V0.023 U0.686 P0.034 F1200
G1 X168.24 Y154.91 V0.549 U16.156 P0.034 F1200
G1 X168.24 Y155.61 V0.023 U0.686 P0.034 F1200
G1 X151.76 Y155.61 V0.549 U16.156 P0.034 F1200
G1 X151.76 Y156.31 V0.023 U0.686 P0.034 F1200
G1 X168.24 Y156.31 V0.549 U16.156 P0.034 F1200
G1 X168.24 Y157.01 V0.023 U0.686 P0.034 F1200
M73 P7 R56
G1 X151.76 Y157.01 V0.549 U16.156 P0.034 F1200
G1 X151.76 Y157.71 V0.023 U0.686 P0.034 F1200
G1 X168.24 Y157.71 V0.549 U16.156 P0.034 F1200
G1 X168.24 Y158.41 V0.023 U0.686 P0.034 F1200
G1 X151.76 Y158.41 V0.549 U16.156 P0.034 F1200
G1 X151.76 Y159.11 V0.023 U0.686 P0.034 F1200
G1 X168.24 Y159.11 V0.549 U16.156 P0.034 F1200
G1 X168.24 Y159.81 V0.023 U0.686 P0.034 F1200
G1 X151.76 Y159.81 V0.549 U16.156 P0.034 F1200
G1 X151.76 Y160.51 V0.023 U0.686 P0.034 F1200
G1 X168.24 Y160.51 V0.549 U16.156 P0.034 F1200
G1 X168.24 Y161.21 V0.023 U0.686 P0.034 F1200
G1 X151.76 Y161.21 V0.549 U16.156 P0.034 F1200
G1 X151.76 Y161.91 V0.023 U0.686 P0.034 F1200
G1 X168.24 Y161.91 V0.549 U16.156 P0.034 F1200
G1 X168.24 Y162.61 V0.023 U0.686 P0.034 F1200
G1 X151.76 Y162.61 V0.549 U16.156 P0.034 F1200
G1 X151.76 Y163.31 V0.023 U0.686 P0.034 F1200
G1 X168.24 Y163.31 V0.549 U16.156 P0.034 F1200
G1 X168.24 Y164.01 V0.023 U0.686 P0.034 F1200
G1 X151.76 Y164.01 V0.549 U16.156 P0.034 F1200
G1 X151.76 Y164.71 V0.023 U0.686 P0.034 F1200
G1 X168.24 Y164.71 V0.549 U16.156 P0.034 F1200
G1 X168.24 Y165.41 V0.023 U0.686 P0.034 F1200
M73 P8 R56
G1 X151.76 Y165.41 V0.549 U16.156 P0.034 F1200
G1 X151.76 Y166.11 V0.023 U0.686 P0.034 F1200
G1 X165.00 Y166.11 V0.441 U12.979 P0.034 F1200
; Start to cut
M2800
M400
;CUT DISTANCE 54.8
G1 X168.24 Y166.11 V0.108 F1200
G1 X168.24 Y166.81 V0.023 F1200
G1 X151.76 Y166.81 V0.549 F1200
G1 X151.76 Y167.51 V0.023 F1200
G1 X168.24 Y167.51 V0.549 F1200
G1 X168.24 Y168.21 V0.023 F1200
G1 X151.76 Y168.21 V0.549 F1200
; Cutting completed.
G1 F600 V-1.000 ; Retract
G1 F1200 Z2.00
M1002
M400
G1 F600 V-4.000 ; Toolchange matrix retract
M104 S180 T0 ; standby
M104 S250 T1 ; pre-charge
M109 S250 T1
MOVE_TO_BRUSH_STATION
CLEAN_NOZZLE
MOVE_OUT_BRUSH_STATION
M106 P2 S0 ; fibre-side cooling, fan4
M106 P1 S130 ; part-cooling, fan3
T1 ; switch extruder type to:PLASTIC
G1 Z1.4 F7200
G1 E10 F1800
M106 S125
;LAYER_CHANGE
;Z:1.6
;HEIGHT:0.2
;_SET_FAN_SPEED_CHANGING_LAYER
SET_VELOCITY_LIMIT ACCEL=1000 ACCEL_TO_DECEL=500
G1 E-.8 F1800
G1 X158.616 Y168.659 Z2 F7200
G1 X169.346 Y169.346 Z2 F7200
G1 Z1.6 F7200
G1 E.8 F1800
;TYPE:Inner wall
;WIDTH:0.449999
G1 F3600
G1 X150.654 Y169.346 E.6327
G1 X150.654 Y150.654 E.6327
G1 X169.346 Y150.654 E.6327
G1 X169.346 Y169.306 E.63135
SET_VELOCITY_LIMIT ACCEL=500 ACCEL_TO_DECEL=250
G1 X169.775 Y169.775 F7200
;TYPE:Outer wall
G1 F3600
G1 X150.225 Y169.775 E.66174
G1 X150.225 Y150.225 E.66174
G1 X169.775 Y150.225 E.66174
G1 X169.775 Y169.735 E.66039
SET_VELOCITY_LIMIT ACCEL=1000 ACCEL_TO_DECEL=500
G1 E-.8 F1800
G1 X169.445 Y162.11 Z2 F7200
G1 X169 Y151.828 Z2 F7200
G1 Z1.6 F7200
G1 E.8 F1800
SET_VELOCITY_LIMIT ACCEL=500 ACCEL_TO_DECEL=250
;TYPE:Sparse infill
;WIDTH:0.45
G1 F6000
G1 X169 Y153.457 E.05512
G1 X166.543 Y151 E.11762
G1 X163.435 Y151 E.10523
G1 X169 Y156.565 E.26643
G1 X169 Y159.674 E.10523
G1 X160.326 Y151 E.41525
G1 X157.217 Y151 E.10523
G1 X169 Y162.783 E.56406
G1 X169 Y165.892 E.10523
G1 X154.108 Y151 E.71288
G1 X151 Y151 E.10523
G1 X169 Y169 E.86169
G1 X165.892 Y169 E.10523
G1 X151 Y154.108 E.71288
G1 X151 Y157.217 E.10523
G1 X162.783 Y169 E.56406
G1 X159.674 Y169 E.10523
G1 X151 Y160.326 E.41525
G1 X151 Y163.435 E.10523
G1 X156.565 Y169 E.26643
G1 X153.457 Y169 E.10523
G1 X151 Y166.543 E.11762
G1 X151 Y168.172 E.05512
M400
G1 E-10 F1800
G1 Z2 F7200
M104 S150 T1 ; standby
M104 S270 T0 ; pre-charge
M109 S270 T0
MOVE_TO_BRUSH_STATION
CLEAN_NOZZLE
MOVE_OUT_BRUSH_STATION
M106 P2 S130 ; fibre-side cooling, fan4
M106 P1 S0 ; part-cooling, fan3
T0 ; switch extruder type to:FIBER
; LAYER:8 [1.60]
M1001 L71
G1 F1200 Z2.80
G1 X151.11 Y151.11 F1200
G1 F1200 U55.000 ; Extrude restart
G1 F1200 Z1.60
G1 F600 V1.000 ; Recover matrix retract
G1 F600 V3.000 ; Matrix prime
G1 X167.45 Y151.11 V0.545 U16.017 P0.034 F1200
; Start to cut
M2800
M400
;CUT DISTANCE 54.8
G1 X168.89 Y151.11 V0.048 F1200
G1 X168.89 Y168.89 V0.593 F1200
G1 X151.11 Y168.89 V0.593 F1200
G1 X151.11 Y151.11 V0.593 F1200
; Cutting completed.
G1 F600 V-1.000 ; Retract
G1 F1200 Z2.20
M1002
M1001 L404
G1 F1200 Z2.80
G1 X167.89 Y151.76 F1200
G1 F1200 U55.000 ; Extrude restart
G1 F1200 Z1.60
G1 F600 V1.000 ; Recover matrix retract
G1 F600 V3.000 ; Matrix prime
G1 X167.89 Y168.24 V0.549 U16.156 P0.034 F1200
G1 X167.19 Y168.24 V0.023 U0.686 P0.034 F1200
G1 X167.19 Y151.76 V0.549 U16.156 P0.034 F1200
G1 X166.49 Y151.76 V0.023 U0.686 P0.034 F1200
G1 X166.49 Y168.24 V0.549 U16.156 P0.034 F1200
G1 X165.79 Y168.24 V0.023 U0.686 P0.034 F1200
G1 X165.79 Y151.76 V0.549 U16.156 P0.034 F1200
G1 X165.09 Y151.76 V0.023 U0.686 P0.034 F1200
G1 X165.09 Y168.24 V0.549 U16.156 P0.034 F1200
G1 X164.39 Y168.24 V0.023 U0.686 P0.034 F1200
G1 X164.39 Y151.76 V0.549 U16.156 P0.034 F1200
G1 X163.69 Y151.76 V0.023 U0.686 P0.034 F1200
G1 X163.69 Y168.24 V0.549 U16.156 P0.034 F1200
G1 X162.99 Y168.24 V0.023 U0.686 P0.034 F1200
G1 X162.99 Y151.76 V0.549 U16.156 P0.034 F1200
G1 X162.29 Y151.76 V0.023 U0.686 P0.034 F1200
G1 X162.29 Y168.24 V0.549 U16.156 P0.034 F1200
G1 X161.59 Y168.24 V0.023 U0.686 P0.034 F1200
G1 X161.59 Y151.76 V0.549 U16.156 P0.034 F1200
G1 X160.89 Y151.76 V0.023 U0.686 P0.034 F1200
G1 X160.89 Y168.24 V0.549 U16.156 P0.034 F1200
G1 X160.19 Y168.24 V0.023 U0.686 P0.034 F1200
G1 X160.19 Y151.76 V0.549 U16.156 P0.034 F1200
G1 X159.49 Y151.76 V0.023 U0.686 P0.034 F1200
G1 X159.49 Y168.24 V0.549 U16.156 P0.034 F1200
G1 X158.79 Y168.24 V0.023 U0.686 P0.034 F1200
G1 X158.79 Y151.76 V0.549 U16.156 P0.034 F1200
G1 X158.09 Y151.76 V0.023 U0.686 P0.034 F1200
G1 X158.09 Y168.24 V0.549 U16.156 P0.034 F1200
G1 X157.39 Y168.24 V0.023 U0.686 P0.034 F1200
G1 X157.39 Y151.76 V0.549 U16.156 P0.034 F1200
G1 X156.69 Y151.76 V0.023 U0.686 P0.034 F1200
G1 X156.69 Y168.24 V0.549 U16.156 P0.034 F1200
G1 X155.99 Y168.24 V0.023 U0.686 P0.034 F1200
G1 X155.99 Y151.76 V0.549 U16.156 P0.034 F1200
G1 X155.29 Y151.76 V0.023 U0.686 P0.034 F1200
G1 X155.29 Y168.24 V0.549 U16.156 P0.034 F1200
G1 X154.59 Y168.24 V0.023 U0.686 P0.034 F1200
G1 X154.59 Y151.76 V0.549 U16.156 P0.034 F1200
G1 X153.89 Y151.76 V0.023 U0.686 P0.034 F1200
M73 P9 R56
G1 X153.89 Y165.00 V0.441 U12.979 P0.034 F1200
; Start to cut
M2800
M400
;CUT DISTANCE 54.8
G1 X153.89 Y168.24 V0.108 F1200
G1 X153.19 Y168.24 V0.023 F1200
G1 X153.19 Y151.76 V0.549 F1200
G1 X152.49 Y151.76 V0.023 F1200
G1 X152.49 Y168.24 V0.549 F1200
G1 X151.79 Y168.24 V0.023 F1200
G1 X151.79 Y151.76 V0.549 F1200
; Cutting completed.
G1 F600 V-1.000 ; Retract
G1 F1200 Z2.20
M1002
M400
G1 F600 V-4.000 ; Toolchange matrix retract
M104 S180 T0 ; standby
M104 S250 T1 ; pre-charge
M109 S250 T1
MOVE_TO_BRUSH_STATION
CLEAN_NOZZLE
MOVE_OUT_BRUSH_STATION
M106 P2 S0 ; fibre-side cooling, fan4
M106 P1 S130 ; part-cooling, fan3
T1 ; switch extruder type to:PLASTIC
G1 Z1.6 F7200
G1 E10 F1800
M106 S130
;LAYER_CHANGE
;Z:1.8
;HEIGHT:0.2
;_SET_FAN_SPEED_CHANGING_LAYER
SET_VELOCITY_LIMIT ACCEL=1000 ACCEL_TO_DECEL=500
G1 E-.8 F1800
G1 X158.616 Y168.659 Z2.2 F7200
G1 X169.346 Y169.346 Z2.2 F7200
G1 Z1.8 F7200
G1 E.8 F1800
;TYPE:Inner wall
;WIDTH:0.449999
G1 F3600
G1 X150.654 Y169.346 E.6327
G1 X150.654 Y150.654 E.6327
G1 X169.346 Y150.654 E.6327
G1 X169.346 Y169.306 E.63135
SET_VELOCITY_LIMIT ACCEL=500 ACCEL_TO_DECEL=250
G1 X169.775 Y169.775 F7200
;TYPE:Outer wall
G1 F3600
G1 X150.225 Y169.775 E.66174
G1 X150.225 Y150.225 E.66174
G1 X169.775 Y150.225 E.66174
G1 X169.775 Y169.735 E.66039
SET_VELOCITY_LIMIT ACCEL=1000 ACCEL_TO_DECEL=500
G1 E-.8 F1800
G1 X169.445 Y162.11 Z2.2 F7200
G1 X169 Y151.828 Z2.2 F7200
G1 Z1.8 F7200
G1 E.8 F1800
SET_VELOCITY_LIMIT ACCEL=500 ACCEL_TO_DECEL=250
;TYPE:Sparse infill
;WIDTH:0.45
G1 F6000
G1 X169 Y153.457 E.05512
G1 X166.543 Y151 E.11762
G1 X163.435 Y151 E.10523
G1 X169 Y156.565 E.26643
G1 X169 Y159.674 E.10523
G1 X160.326 Y151 E.41525
G1 X157.217 Y151 E.10523
G1 X169 Y162.783 E.56406
G1 X169 Y165.892 E.10523
G1 X154.108 Y151 E.71288
G1 X151 Y151 E.10523
G1 X169 Y169 E.86169
G1 X165.892 Y169 E.10523
G1 X151 Y154.108 E.71288
G1 X151 Y157.217 E.10523
G1 X162.783 Y169 E.56406
G1 X159.674 Y169 E.10523
G1 X151 Y160.326 E.41525
G1 X151 Y163.435 E.10523
G1 X156.565 Y169 E.26643
G1 X153.457 Y169 E.10523
G1 X151 Y166.543 E.11762
G1 X151 Y168.172 E.05512
M400
G1 E-10 F1800
G1 Z2.2 F7200
M104 S150 T1 ; standby
M104 S270 T0 ; pre-charge
M109 S270 T0
MOVE_TO_BRUSH_STATION
CLEAN_NOZZLE
MOVE_OUT_BRUSH_STATION
M106 P2 S124 ; fibre-side cooling, fan4
M106 P1 S0 ; part-cooling, fan3
T0 ; switch extruder type to:FIBER
; LAYER:9 [1.80]
M1001 L71
G1 F1200 Z3.00
G1 X151.11 Y151.11 F1200
G1 F1200 U55.000 ; Extrude restart
M73 P9 R55
G1 F1200 Z1.80
G1 F600 V1.000 ; Recover matrix retract
G1 F600 V3.000 ; Matrix prime
G1 X167.45 Y151.11 V0.545 U16.017 P0.034 F1200
; Start to cut
M2800
M400
;CUT DISTANCE 54.8
G1 X168.89 Y151.11 V0.048 F1200
G1 X168.89 Y168.89 V0.593 F1200
G1 X151.11 Y168.89 V0.593 F1200
G1 X151.11 Y151.11 V0.593 F1200
; Cutting completed.
G1 F600 V-1.000 ; Retract
G1 F1200 Z2.40
M1002
M1001 L404
G1 F1200 Z3.00
G1 X151.76 Y152.11 F1200
G1 F1200 U55.000 ; Extrude restart
G1 F1200 Z1.80
G1 F600 V1.000 ; Recover matrix retract
G1 F600 V3.000 ; Matrix prime
G1 X168.24 Y152.11 V0.549 U16.156 P0.034 F1200
G1 X168.24 Y152.81 V0.023 U0.686 P0.034 F1200
G1 X151.76 Y152.81 V0.549 U16.156 P0.034 F1200
G1 X151.76 Y153.51 V0.023 U0.686 P0.034 F1200
G1 X168.24 Y153.51 V0.549 U16.156 P0.034 F1200
G1 X168.24 Y154.21 V0.023 U0.686 P0.034 F1200
G1 X151.76 Y154.21 V0.549 U16.156 P0.034 F1200
G1 X151.76 Y154.91 V0.023 U0.686 P0.034 F1200
G1 X168.24 Y154.91 V0.549 U16.156 P0.034 F1200
G1 X168.24 Y155.61 V0.023 U0.686 P0.034 F1200
G1 X151.76 Y155.61 V0.549 U16.156 P0.034 F1200
G1 X151.76 Y156.31 V0.023 U0.686 P0.034 F1200
G1 X168.24 Y156.31 V0.549 U16.156 P0.034 F1200
G1 X168.24 Y157.01 V0.023 U0.686 P0.034 F1200
G1 X151.76 Y157.01 V0.549 U16.156 P0.034 F1200
G1 X151.76 Y157.71 V0.023 U0.686 P0.034 F1200
G1 X168.24 Y157.71 V0.549 U16.156 P0.034 F1200
G1 X168.24 Y158.41 V0.023 U0.686 P0.034 F1200
G1 X151.76 Y158.41 V0.549 U16.156 P0.034 F1200
G1 X151.76 Y159.11 V0.023 U0.686 P0.034 F1200
G1 X168.24 Y159.11 V0.549 U16.156 P0.034 F1200
G1 X168.24 Y159.81 V0.023 U0.686 P0.034 F1200
G1 X151.76 Y159.81 V0.549 U16.156 P0.034 F1200
G1 X151.76 Y160.51 V0.023 U0.686 P0.034 F1200
G1 X168.24 Y160.51 V0.549 U16.156 P0.034 F1200
G1 X168.24 Y161.21 V0.023 U0.686 P0.034 F1200
G1 X151.76 Y161.21 V0.549 U16.156 P0.034 F1200
G1 X151.76 Y161.91 V0.023 U0.686 P0.034 F1200
G1 X168.24 Y161.91 V0.549 U16.156 P0.034 F1200
G1 X168.24 Y162.61 V0.023 U0.686 P0.034 F1200
G1 X151.76 Y162.61 V0.549 U16.156 P0.034 F1200
G1 X151.76 Y163.31 V0.023 U0.686 P0.034 F1200
G1 X168.24 Y163.31 V0.549 U16.156 P0.034 F1200
G1 X168.24 Y164.01 V0.023 U0.686 P0.034 F1200
G1 X151.76 Y164.01 V0.549 U16.156 P0.034 F1200
G1 X151.76 Y164.71 V0.023 U0.686 P0.034 F1200
G1 X168.24 Y164.71 V0.549 U16.156 P0.034 F1200
G1 X168.24 Y165.41 V0.023 U0.686 P0.034 F1200
G1 X151.76 Y165.41 V0.549 U16.156 P0.034 F1200
G1 X151.76 Y166.11 V0.023 U0.686 P0.034 F1200
G1 X165.00 Y166.11 V0.441 U12.979 P0.034 F1200
; Start to cut
M2800
M400
;CUT DISTANCE 54.8
G1 X168.24 Y166.11 V0.108 F1200
G1 X168.24 Y166.81 V0.023 F1200
G1 X151.76 Y166.81 V0.549 F1200
G1 X151.76 Y167.51 V0.023 F1200
G1 X168.24 Y167.51 V0.549 F1200
G1 X168.24 Y168.21 V0.023 F1200
M73 P10 R55
G1 X151.76 Y168.21 V0.549 F1200
; Cutting completed.
G1 F600 V-1.000 ; Retract
G1 F1200 Z2.40
M1002
M400
G1 F600 V-4.000 ; Toolchange matrix retract
M104 S180 T0 ; standby
M104 S250 T1 ; pre-charge
M109 S250 T1
MOVE_TO_BRUSH_STATION
CLEAN_NOZZLE
MOVE_OUT_BRUSH_STATION
M106 P2 S0 ; fibre-side cooling, fan4
M106 P1 S124 ; part-cooling, fan3
T1 ; switch extruder type to:PLASTIC
G1 Z1.8 F7200
G1 E10 F1800
;LAYER_CHANGE
;Z:2
;HEIGHT:0.2
;_SET_FAN_SPEED_CHANGING_LAYER
SET_VELOCITY_LIMIT ACCEL=1000 ACCEL_TO_DECEL=500
G1 E-.8 F1800
G1 X158.616 Y168.659 Z2.4 F7200
G1 X169.346 Y169.346 Z2.4 F7200
G1 Z2 F7200
G1 E.8 F1800
;TYPE:Inner wall
;WIDTH:0.449999
G1 F3600
G1 X150.654 Y169.346 E.6327
G1 X150.654 Y150.654 E.6327
G1 X169.346 Y150.654 E.6327
G1 X169.346 Y169.306 E.63135
SET_VELOCITY_LIMIT ACCEL=500 ACCEL_TO_DECEL=250
G1 X169.775 Y169.775 F7200
;TYPE:Outer wall
G1 F3600
G1 X150.225 Y169.775 E.66174
G1 X150.225 Y150.225 E.66174
G1 X169.775 Y150.225 E.66174
G1 X169.775 Y169.735 E.66039
SET_VELOCITY_LIMIT ACCEL=1000 ACCEL_TO_DECEL=500
G1 E-.8 F1800
G1 X169.445 Y162.11 Z2.4 F7200
G1 X169 Y151.828 Z2.4 F7200
G1 Z2 F7200
G1 E.8 F1800
SET_VELOCITY_LIMIT ACCEL=500 ACCEL_TO_DECEL=250
;TYPE:Sparse infill
;WIDTH:0.45
G1 F6000
G1 X169 Y153.457 E.05512
G1 X166.543 Y151 E.11762
G1 X163.435 Y151 E.10523
G1 X169 Y156.565 E.26643
G1 X169 Y159.674 E.10523
G1 X160.326 Y151 E.41525
G1 X157.217 Y151 E.10523
G1 X169 Y162.783 E.56406
G1 X169 Y165.892 E.10523
G1 X154.108 Y151 E.71288
G1 X151 Y151 E.10523
G1 X169 Y169 E.86169
G1 X165.892 Y169 E.10523
G1 X151 Y154.108 E.71288
G1 X151 Y157.217 E.10523
G1 X162.783 Y169 E.56406
G1 X159.674 Y169 E.10523
G1 X151 Y160.326 E.41525
G1 X151 Y163.435 E.10523
G1 X156.565 Y169 E.26643
G1 X153.457 Y169 E.10523
G1 X151 Y166.543 E.11762
G1 X151 Y168.172 E.05512
M400
G1 E-10 F1800
G1 Z2.4 F7200
M104 S150 T1 ; standby
M104 S270 T0 ; pre-charge
M109 S270 T0
MOVE_TO_BRUSH_STATION
CLEAN_NOZZLE
MOVE_OUT_BRUSH_STATION
M106 P2 S130 ; fibre-side cooling, fan4
M106 P1 S0 ; part-cooling, fan3
T0 ; switch extruder type to:FIBER
; LAYER:10 [2.00]
M1001 L71
G1 F1200 Z3.20
G1 X151.11 Y151.11 F1200
G1 F1200 U55.000 ; Extrude restart
G1 F1200 Z2.00
G1 F600 V1.000 ; Recover matrix retract
G1 F600 V3.000 ; Matrix prime
G1 X167.45 Y151.11 V0.545 U16.017 P0.034 F1200
; Start to cut
M2800
M400
;CUT DISTANCE 54.8
G1 X168.89 Y151.11 V0.048 F1200
G1 X168.89 Y168.89 V0.593 F1200
G1 X151.11 Y168.89 V0.593 F1200
G1 X151.11 Y151.11 V0.593 F1200
; Cutting completed.
G1 F600 V-1.000 ; Retract
G1 F1200 Z2.60
M1002
M1001 L404
G1 F1200 Z3.20
G1 X151.76 Y152.11 F1200
G1 F1200 U55.000 ; Extrude restart
G1 F1200 Z2.00
G1 F600 V1.000 ; Recover matrix retract
G1 F600 V3.000 ; Matrix prime
G1 X168.24 Y152.11 V0.549 U16.156 P0.034 F1200
G1 X168.24 Y152.81 V0.023 U0.686 P0.034 F1200
G1 X151.76 Y152.81 V0.549 U16.156 P0.034 F1200
G1 X151.76 Y153.51 V0.023 U0.686 P0.034 F1200
G1 X168.24 Y153.51 V0.549 U16.156 P0.034 F1200
G1 X168.24 Y154.21 V0.023 U0.686 P0.034 F1200
G1 X151.76 Y154.21 V0.549 U16.156 P0.034 F1200
G1 X151.76 Y154.91 V0.023 U0.686 P0.034 F1200
G1 X168.24 Y154.91 V0.549 U16.156 P0.034 F1200
G1 X168.24 Y155.61 V0.023 U0.686 P0.034 F1200
G1 X151.76 Y155.61 V0.549 U16.156 P0.034 F1200
G1 X151.76 Y156.31 V0.023 U0.686 P0.034 F1200
G1 X168.24 Y156.31 V0.549 U16.156 P0.034 F1200
G1 X168.24 Y157.01 V0.023 U0.686 P0.034 F1200
G1 X151.76 Y157.01 V0.549 U16.156 P0.034 F1200
G1 X151.76 Y157.71 V0.023 U0.686 P0.034 F1200
G1 X168.24 Y157.71 V0.549 U16.156 P0.034 F1200
G1 X168.24 Y158.41 V0.023 U0.686 P0.034 F1200
G1 X151.76 Y158.41 V0.549 U16.156 P0.034 F1200
G1 X151.76 Y159.11 V0.023 U0.686 P0.034 F1200
G1 X168.24 Y159.11 V0.549 U16.156 P0.034 F1200
G1 X168.24 Y159.81 V0.023 U0.686 P0.034 F1200
G1 X151.76 Y159.81 V0.549 U16.156 P0.034 F1200
G1 X151.76 Y160.51 V0.023 U0.686 P0.034 F1200
G1 X168.24 Y160.51 V0.549 U16.156 P0.034 F1200
G1 X168.24 Y161.21 V0.023 U0.686 P0.034 F1200
G1 X151.76 Y161.21 V0.549 U16.156 P0.034 F1200
G1 X151.76 Y161.91 V0.023 U0.686 P0.034 F1200
G1 X168.24 Y161.91 V0.549 U16.156 P0.034 F1200
G1 X168.24 Y162.61 V0.023 U0.686 P0.034 F1200
G1 X151.76 Y162.61 V0.549 U16.156 P0.034 F1200
G1 X151.76 Y163.31 V0.023 U0.686 P0.034 F1200
G1 X168.24 Y163.31 V0.549 U16.156 P0.034 F1200
G1 X168.24 Y164.01 V0.023 U0.686 P0.034 F1200
G1 X151.76 Y164.01 V0.549 U16.156 P0.034 F1200
G1 X151.76 Y164.71 V0.023 U0.686 P0.034 F1200
G1 X168.24 Y164.71 V0.549 U16.156 P0.034 F1200
G1 X168.24 Y165.41 V0.023 U0.686 P0.034 F1200
G1 X151.76 Y165.41 V0.549 U16.156 P0.034 F1200
G1 X151.76 Y166.11 V0.023 U0.686 P0.034 F1200
G1 X165.00 Y166.11 V0.441 U12.979 P0.034 F1200
; Start to cut
M2800
M400
;CUT DISTANCE 54.8
G1 X168.24 Y166.11 V0.108 F1200
G1 X168.24 Y166.81 V0.023 F1200
G1 X151.76 Y166.81 V0.549 F1200
G1 X151.76 Y167.51 V0.023 F1200
G1 X168.24 Y167.51 V0.549 F1200
G1 X168.24 Y168.21 V0.023 F1200
G1 X151.76 Y168.21 V0.549 F1200
; Cutting completed.
G1 F600 V-1.000 ; Retract
M73 P10 R54
G1 F1200 Z2.60
M1002
M400
G1 F600 V-4.000 ; Toolchange matrix retract
M104 S180 T0 ; standby
M104 S250 T1 ; pre-charge
M109 S250 T1
MOVE_TO_BRUSH_STATION
CLEAN_NOZZLE
MOVE_OUT_BRUSH_STATION
M106 P2 S0 ; fibre-side cooling, fan4
M106 P1 S130 ; part-cooling, fan3
T1 ; switch extruder type to:PLASTIC
G1 Z2 F7200
G1 E10 F1800
M106 S125
;LAYER_CHANGE
;Z:2.2
;HEIGHT:0.2
;_SET_FAN_SPEED_CHANGING_LAYER
SET_VELOCITY_LIMIT ACCEL=1000 ACCEL_TO_DECEL=500
G1 E-.8 F1800
G1 X158.616 Y168.659 Z2.6 F7200
G1 X169.346 Y169.346 Z2.6 F7200
M73 P11 R54
G1 Z2.2 F7200
G1 E.8 F1800
;TYPE:Inner wall
;WIDTH:0.449999
G1 F3600
G1 X150.654 Y169.346 E.6327
G1 X150.654 Y150.654 E.6327
G1 X169.346 Y150.654 E.6327
G1 X169.346 Y169.306 E.63135
SET_VELOCITY_LIMIT ACCEL=500 ACCEL_TO_DECEL=250
G1 X169.775 Y169.775 F7200
;TYPE:Outer wall
G1 F3600
G1 X150.225 Y169.775 E.66174
G1 X150.225 Y150.225 E.66174
G1 X169.775 Y150.225 E.66174
G1 X169.775 Y169.735 E.66039
SET_VELOCITY_LIMIT ACCEL=1000 ACCEL_TO_DECEL=500
G1 E-.8 F1800
G1 X167.653 Y169 Z2.6 F7200
G1 Z2.2 F7200
G1 E.8 F1800
SET_VELOCITY_LIMIT ACCEL=500 ACCEL_TO_DECEL=250
;TYPE:Sparse infill
;WIDTH:0.45
G1 F6000
G1 X169 Y169 E.0456
G1 X169 Y168.719 E.00951
G1 X168.909 Y168.549 E.00654
G1 X168.549 Y168.189 E.01723
G1 X166.995 Y167.355 E.05972
G1 X166.635 Y166.995 E.01723
G1 X165.8 Y165.44 E.05972
G1 X165.44 Y165.08 E.01723
G1 X163.886 Y164.246 E.05972
G1 X163.526 Y163.886 E.01723
G1 X162.692 Y162.332 E.05972
G1 X162.332 Y161.972 E.01723
G1 X160.777 Y161.137 E.05972
G1 X160.417 Y160.777 E.01723
G1 X159.583 Y159.223 E.05972
G1 X159.223 Y158.863 E.01723
G1 X157.668 Y158.028 E.05972
G1 X157.308 Y157.668 E.01723
G1 X156.474 Y156.114 E.05972
G1 X156.114 Y155.754 E.01723
G1 X154.56 Y154.92 E.05972
G1 X154.2 Y154.56 E.01723
G1 X153.365 Y153.005 E.05972
G1 X153.005 Y152.645 E.01723
G1 X151.451 Y151.811 E.05972
G1 X151.091 Y151.451 E.01723
G1 X151 Y151.281 E.00654
G1 X151 Y154.389 E.10523
G1 X151.091 Y154.56 E.00654
G1 X151.451 Y154.92 E.01723
G1 X153.005 Y155.754 E.05972
G1 X153.365 Y156.114 E.01723
G1 X154.2 Y157.668 E.05972
G1 X154.56 Y158.028 E.01723
G1 X156.114 Y158.863 E.05972
G1 X156.474 Y159.223 E.01723
G1 X157.308 Y160.777 E.05972
G1 X157.668 Y161.137 E.01723
G1 X159.223 Y161.972 E.05972
G1 X159.583 Y162.332 E.01723
G1 X160.417 Y163.886 E.05972
G1 X160.777 Y164.246 E.01723
G1 X162.332 Y165.08 E.05972
G1 X162.692 Y165.44 E.01723
G1 X163.526 Y166.995 E.05972
G1 X163.886 Y167.355 E.01723
G1 X165.44 Y168.189 E.05972
G1 X165.8 Y168.549 E.01723
G1 X166.043 Y169 E.01734
G1 X162.934 Y169 E.10523
G1 X162.692 Y168.549 E.01734
G1 X162.332 Y168.189 E.01723
G1 X160.777 Y167.355 E.05972
G1 X160.417 Y166.995 E.01723
G1 X159.583 Y165.44 E.05972
G1 X159.223 Y165.08 E.01723
G1 X157.668 Y164.246 E.05972
G1 X157.308 Y163.886 E.01723
G1 X156.474 Y162.332 E.05972
G1 X156.114 Y161.972 E.01723
G1 X154.56 Y161.137 E.05972
G1 X154.2 Y160.777 E.01723
G1 X153.365 Y159.223 E.05972
G1 X153.005 Y158.863 E.01723
G1 X151.451 Y158.028 E.05972
G1 X151.091 Y157.668 E.01723
G1 X151 Y157.498 E.00654
G1 X151 Y160.607 E.10523
G1 X151.091 Y160.777 E.00654
G1 X151.451 Y161.137 E.01723
G1 X153.005 Y161.972 E.05972
G1 X153.365 Y162.332 E.01723
G1 X154.2 Y163.886 E.05972
G1 X154.56 Y164.246 E.01723
G1 X156.114 Y165.08 E.05972
G1 X156.474 Y165.44 E.01723
G1 X157.308 Y166.995 E.05972
G1 X157.668 Y167.355 E.01723
G1 X159.223 Y168.189 E.05972
G1 X159.583 Y168.549 E.01723
G1 X159.825 Y169 E.01734
G1 X156.716 Y169 E.10523
G1 X156.474 Y168.549 E.01734
G1 X156.114 Y168.189 E.01723
G1 X154.56 Y167.355 E.05972
G1 X154.2 Y166.995 E.01723
G1 X153.365 Y165.44 E.05972
G1 X153.005 Y165.08 E.01723
G1 X151.451 Y164.246 E.05972
G1 X151.091 Y163.886 E.01723
G1 X151 Y163.716 E.00654
G1 X151 Y166.824 E.10523
G1 X151.091 Y166.995 E.00654
G1 X151.451 Y167.355 E.01723
G1 X153.005 Y168.189 E.05972
G1 X153.365 Y168.549 E.01723
G1 X153.608 Y169 E.01734
G1 X151.979 Y169 E.05512
SET_VELOCITY_LIMIT ACCEL=1000 ACCEL_TO_DECEL=500
G1 E-.8 F1800
G1 X152.128 Y161.369 Z2.6 F7200
G1 X152.329 Y151 Z2.6 F7200
G1 Z2.2 F7200
G1 E.8 F1800
SET_VELOCITY_LIMIT ACCEL=500 ACCEL_TO_DECEL=250
G1 F6000
G1 X153.957 Y151 E.05512
G1 X154.2 Y151.451 E.01734
G1 X154.56 Y151.811 E.01723
G1 X156.114 Y152.645 E.05972
G1 X156.474 Y153.005 E.01723
G1 X157.308 Y154.56 E.05972
G1 X157.668 Y154.92 E.01723
G1 X159.223 Y155.754 E.05972
G1 X159.583 Y156.114 E.01723
G1 X160.417 Y157.668 E.05972
G1 X160.777 Y158.028 E.01723
G1 X162.332 Y158.863 E.05972
G1 X162.692 Y159.223 E.01723
G1 X163.526 Y160.777 E.05972
G1 X163.886 Y161.137 E.01723
G1 X165.44 Y161.972 E.05972
G1 X165.8 Y162.332 E.01723
G1 X166.635 Y163.886 E.05972
G1 X166.995 Y164.246 E.01723
G1 X168.549 Y165.08 E.05972
G1 X168.909 Y165.44 E.01723
G1 X169 Y165.611 E.00654
G1 X169 Y162.502 E.10523
G1 X168.909 Y162.332 E.00654
G1 X168.549 Y161.972 E.01723
G1 X166.995 Y161.137 E.05972
G1 X166.635 Y160.777 E.01723
G1 X165.8 Y159.223 E.05972
G1 X165.44 Y158.863 E.01723
G1 X163.886 Y158.028 E.05972
G1 X163.526 Y157.668 E.01723
G1 X162.692 Y156.114 E.05972
G1 X162.332 Y155.754 E.01723
G1 X160.777 Y154.92 E.05972
G1 X160.417 Y154.56 E.01723
G1 X159.583 Y153.005 E.05972
G1 X159.223 Y152.645 E.01723
G1 X157.668 Y151.811 E.05972
G1 X157.308 Y151.451 E.01723
G1 X157.066 Y151 E.01734
G1 X158.694 Y151 E.05512
SET_VELOCITY_LIMIT ACCEL=1000 ACCEL_TO_DECEL=500
G1 E-.8 F1800
G1 X166.327 Y151 Z2.6 F7200
G1 X168.021 Y151 Z2.6 F7200
G1 Z2.2 F7200
G1 E.8 F1800
SET_VELOCITY_LIMIT ACCEL=500 ACCEL_TO_DECEL=250
G1 F6000
G1 X166.392 Y151 E.05512
G1 X166.635 Y151.451 E.01734
G1 X166.995 Y151.811 E.01723
G1 X168.549 Y152.645 E.05972
G1 X168.909 Y153.005 E.01723
G1 X169 Y153.176 E.00654
G1 X169 Y156.284 E.10523
G1 X168.909 Y156.114 E.00654
G1 X168.549 Y155.754 E.01723
G1 X166.995 Y154.92 E.05972
G1 X166.635 Y154.56 E.01723
G1 X165.8 Y153.005 E.05972
G1 X165.44 Y152.645 E.01723
G1 X163.886 Y151.811 E.05972
G1 X163.526 Y151.451 E.01723
G1 X163.284 Y151 E.01734
G1 X160.175 Y151 E.10523
G1 X160.417 Y151.451 E.01734
G1 X160.777 Y151.811 E.01723
G1 X162.332 Y152.645 E.05972
G1 X162.692 Y153.005 E.01723
G1 X163.526 Y154.56 E.05972
G1 X163.886 Y154.92 E.01723
G1 X165.44 Y155.754 E.05972
G1 X165.8 Y156.114 E.01723
G1 X166.635 Y157.668 E.05972
G1 X166.995 Y158.028 E.01723
G1 X168.549 Y158.863 E.05972
G1 X168.909 Y159.223 E.01723
G1 X169 Y159.393 E.00654
G1 X169 Y161.021 E.05512
M400
G1 E-10 F1800
G1 Z2.6 F7200
M104 S150 T1 ; standby
M104 S270 T0 ; pre-charge
M109 S270 T0
MOVE_TO_BRUSH_STATION
CLEAN_NOZZLE
MOVE_OUT_BRUSH_STATION
M106 P2 S130 ; fibre-side cooling, fan4
M106 P1 S0 ; part-cooling, fan3
T0 ; switch extruder type to:FIBER
; LAYER:11 [2.20]
M1001 L71
G1 F1200 Z3.40
G1 X151.11 Y151.11 F1200
G1 F1200 U55.000 ; Extrude restart
G1 F1200 Z2.20
G1 F600 V1.000 ; Recover matrix retract
G1 F600 V3.000 ; Matrix prime
G1 X167.45 Y151.11 V0.545 U16.017 P0.034 F1200
; Start to cut
M2800
M400
;CUT DISTANCE 54.8
G1 X168.89 Y151.11 V0.048 F1200
G1 X168.89 Y168.89 V0.593 F1200
G1 X151.11 Y168.89 V0.593 F1200
G1 X151.11 Y151.11 V0.593 F1200
; Cutting completed.
G1 F600 V-1.000 ; Retract
G1 F1200 Z2.80
M1002
M1001 L404
G1 F1200 Z3.40
G1 X167.89 Y151.76 F1200
G1 F1200 U55.000 ; Extrude restart
G1 F1200 Z2.20
G1 F600 V1.000 ; Recover matrix retract
G1 F600 V3.000 ; Matrix prime
G1 X167.89 Y168.24 V0.549 U16.156 P0.034 F1200
G1 X167.19 Y168.24 V0.023 U0.686 P0.034 F1200
G1 X167.19 Y151.76 V0.549 U16.156 P0.034 F1200
G1 X166.49 Y151.76 V0.023 U0.686 P0.034 F1200
G1 X166.49 Y168.24 V0.549 U16.156 P0.034 F1200
G1 X165.79 Y168.24 V0.023 U0.686 P0.034 F1200
G1 X165.79 Y151.76 V0.549 U16.156 P0.034 F1200
G1 X165.09 Y151.76 V0.023 U0.686 P0.034 F1200
G1 X165.09 Y168.24 V0.549 U16.156 P0.034 F1200
G1 X164.39 Y168.24 V0.023 U0.686 P0.034 F1200
G1 X164.39 Y151.76 V0.549 U16.156 P0.034 F1200
G1 X163.69 Y151.76 V0.023 U0.686 P0.034 F1200
G1 X163.69 Y168.24 V0.549 U16.156 P0.034 F1200
G1 X162.99 Y168.24 V0.023 U0.686 P0.034 F1200
G1 X162.99 Y151.76 V0.549 U16.156 P0.034 F1200
G1 X162.29 Y151.76 V0.023 U0.686 P0.034 F1200
G1 X162.29 Y168.24 V0.549 U16.156 P0.034 F1200
G1 X161.59 Y168.24 V0.023 U0.686 P0.034 F1200
G1 X161.59 Y151.76 V0.549 U16.156 P0.034 F1200
G1 X160.89 Y151.76 V0.023 U0.686 P0.034 F1200
G1 X160.89 Y168.24 V0.549 U16.156 P0.034 F1200
G1 X160.19 Y168.24 V0.023 U0.686 P0.034 F1200
G1 X160.19 Y151.76 V0.549 U16.156 P0.034 F1200
G1 X159.49 Y151.76 V0.023 U0.686 P0.034 F1200
G1 X159.49 Y168.24 V0.549 U16.156 P0.034 F1200
G1 X158.79 Y168.24 V0.023 U0.686 P0.034 F1200
G1 X158.79 Y151.76 V0.549 U16.156 P0.034 F1200
G1 X158.09 Y151.76 V0.023 U0.686 P0.034 F1200
G1 X158.09 Y168.24 V0.549 U16.156 P0.034 F1200
G1 X157.39 Y168.24 V0.023 U0.686 P0.034 F1200
G1 X157.39 Y151.76 V0.549 U16.156 P0.034 F1200
G1 X156.69 Y151.76 V0.023 U0.686 P0.034 F1200
G1 X156.69 Y168.24 V0.549 U16.156 P0.034 F1200
G1 X155.99 Y168.24 V0.023 U0.686 P0.034 F1200
G1 X155.99 Y151.76 V0.549 U16.156 P0.034 F1200
G1 X155.29 Y151.76 V0.023 U0.686 P0.034 F1200
G1 X155.29 Y168.24 V0.549 U16.156 P0.034 F1200
G1 X154.59 Y168.24 V0.023 U0.686 P0.034 F1200
G1 X154.59 Y151.76 V0.549 U16.156 P0.034 F1200
G1 X153.89 Y151.76 V0.023 U0.686 P0.034 F1200
G1 X153.89 Y165.00 V0.441 U12.979 P0.034 F1200
; Start to cut
M2800
M400
;CUT DISTANCE 54.8
G1 X153.89 Y168.24 V0.108 F1200
G1 X153.19 Y168.24 V0.023 F1200
G1 X153.19 Y151.76 V0.549 F1200
G1 X152.49 Y151.76 V0.023 F1200
G1 X152.49 Y168.24 V0.549 F1200
G1 X151.79 Y168.24 V0.023 F1200
G1 X151.79 Y151.76 V0.549 F1200
M73 P12 R54
; Cutting completed.
G1 F600 V-1.000 ; Retract
G1 F1200 Z2.80
M1002
M400
G1 F600 V-4.000 ; Toolchange matrix retract
M104 S180 T0 ; standby
M104 S250 T1 ; pre-charge
M109 S250 T1
MOVE_TO_BRUSH_STATION
CLEAN_NOZZLE
MOVE_OUT_BRUSH_STATION
M106 P2 S0 ; fibre-side cooling, fan4
M106 P1 S130 ; part-cooling, fan3
T1 ; switch extruder type to:PLASTIC
G1 Z2.2 F7200
G1 E10 F1800
M106 S127
;LAYER_CHANGE
;Z:2.4
;HEIGHT:0.2
;_SET_FAN_SPEED_CHANGING_LAYER
SET_VELOCITY_LIMIT ACCEL=1000 ACCEL_TO_DECEL=500
G1 E-.8 F1800
G1 X169.317 Y168.647 Z2.8 F7200
G1 X169.346 Y169.346 Z2.8 F7200
G1 Z2.4 F7200
G1 E.8 F1800
;TYPE:Inner wall
;WIDTH:0.449999
G1 F3600
G1 X150.654 Y169.346 E.6327
G1 X150.654 Y150.654 E.6327
G1 X169.346 Y150.654 E.6327
G1 X169.346 Y169.306 E.63135
SET_VELOCITY_LIMIT ACCEL=500 ACCEL_TO_DECEL=250
G1 X169.775 Y169.775 F7200
;TYPE:Outer wall
G1 F3600
G1 X150.225 Y169.775 E.66174
G1 X150.225 Y150.225 E.66174
G1 X169.775 Y150.225 E.66174
G1 X169.775 Y169.735 E.66039
SET_VELOCITY_LIMIT ACCEL=1000 ACCEL_TO_DECEL=500
G1 E-.8 F1800
G1 X167.819 Y169 Z2.8 F7200
G1 Z2.4 F7200
G1 E.8 F1800
SET_VELOCITY_LIMIT ACCEL=500 ACCEL_TO_DECEL=250
;TYPE:Sparse infill
;WIDTH:0.45
G1 F6000
G1 X166.191 Y169 E.05512
G1 X166.154 Y168.549 E.01533
G1 X165.44 Y167.836 E.03415
G1 X163.886 Y167.708 E.05279
G1 X163.172 Y166.995 E.03415
G1 X163.045 Y165.44 E.05279
G1 X162.332 Y164.727 E.03415
G1 X160.777 Y164.599 E.05279
G1 X160.064 Y163.886 E.03415
G1 X159.936 Y162.332 E.05279
G1 X159.223 Y161.618 E.03415
G1 X157.668 Y161.491 E.05279
G1 X156.955 Y160.777 E.03415
G1 X156.828 Y159.223 E.05279
G1 X156.114 Y158.509 E.03415
G1 X154.56 Y158.382 E.05279
G1 X153.846 Y157.668 E.03415
G1 X153.719 Y156.114 E.05279
G1 X153.005 Y155.401 E.03415
G1 X151.451 Y155.273 E.05279
G1 X151 Y154.822 E.02161
G1 X151 Y157.931 E.10523
G1 X151.451 Y158.382 E.02161
G1 X153.005 Y158.509 E.05279
G1 X153.719 Y159.223 E.03415
G1 X153.846 Y160.777 E.05279
G1 X154.56 Y161.491 E.03415
G1 X156.114 Y161.618 E.05279
G1 X156.828 Y162.332 E.03415
G1 X156.955 Y163.886 E.05279
G1 X157.668 Y164.599 E.03415
G1 X159.223 Y164.727 E.05279
G1 X159.936 Y165.44 E.03415
G1 X160.064 Y166.995 E.05279
G1 X160.777 Y167.708 E.03415
G1 X162.332 Y167.836 E.05279
G1 X163.045 Y168.549 E.03415
G1 X163.082 Y169 E.01533
G1 X159.973 Y169 E.10523
G1 X159.936 Y168.549 E.01533
G1 X159.223 Y167.836 E.03415
G1 X157.668 Y167.708 E.05279
G1 X156.955 Y166.995 E.03415
G1 X156.828 Y165.44 E.05279
G1 X156.114 Y164.727 E.03415
G1 X154.56 Y164.599 E.05279
G1 X153.846 Y163.886 E.03415
G1 X153.719 Y162.332 E.05279
G1 X153.005 Y161.618 E.03415
G1 X151.451 Y161.491 E.05279
G1 X151 Y161.039 E.02161
G1 X151 Y164.148 E.10523
G1 X151.451 Y164.599 E.02161
G1 X153.005 Y164.727 E.05279
G1 X153.719 Y165.44 E.03415
G1 X153.846 Y166.995 E.05279
G1 X154.56 Y167.708 E.03415
G1 X156.114 Y167.836 E.05279
G1 X156.828 Y168.549 E.03415
G1 X156.865 Y169 E.01533
G1 X153.756 Y169 E.10523
G1 X153.719 Y168.549 E.01533
G1 X153.005 Y167.836 E.03415
G1 X151.451 Y167.708 E.05279
G1 X151 Y167.257 E.02161
G1 X151 Y168.885 E.05512
SET_VELOCITY_LIMIT ACCEL=1000 ACCEL_TO_DECEL=500
G1 E-.8 F1800
G1 X151.389 Y161.263 Z2.8 F7200
G1 X151.914 Y151 Z2.8 F7200
G1 Z2.4 F7200
G1 E.8 F1800
SET_VELOCITY_LIMIT ACCEL=500 ACCEL_TO_DECEL=250
G1 F6000
G1 X151 Y151 E.03097
G1 X151 Y151.713 E.02415
G1 X151.451 Y152.164 E.02161
G1 X153.005 Y152.292 E.05279
G1 X153.719 Y153.005 E.03415
G1 X153.846 Y154.56 E.05279
G1 X154.56 Y155.273 E.03415
G1 X156.114 Y155.401 E.05279
G1 X156.828 Y156.114 E.03415
G1 X156.955 Y157.668 E.05279
G1 X157.668 Y158.382 E.03415
G1 X159.223 Y158.509 E.05279
G1 X159.936 Y159.223 E.03415
G1 X160.064 Y160.777 E.05279
G1 X160.777 Y161.491 E.03415
G1 X162.332 Y161.618 E.05279
G1 X163.045 Y162.332 E.03415
G1 X163.172 Y163.886 E.05279
G1 X163.886 Y164.599 E.03415
G1 X165.44 Y164.727 E.05279
G1 X166.154 Y165.44 E.03415
G1 X166.281 Y166.995 E.05279
G1 X166.995 Y167.708 E.03415
G1 X168.549 Y167.836 E.05279
G1 X169 Y168.287 E.02161
G1 X169 Y165.178 E.10523
G1 X168.549 Y164.727 E.02161
G1 X166.995 Y164.599 E.05279
G1 X166.281 Y163.886 E.03415
G1 X166.154 Y162.332 E.05279
G1 X165.44 Y161.618 E.03415
G1 X163.886 Y161.491 E.05279
G1 X163.172 Y160.777 E.03415
G1 X163.045 Y159.223 E.05279
G1 X162.332 Y158.509 E.03415
G1 X160.777 Y158.382 E.05279
G1 X160.064 Y157.668 E.03415
G1 X159.936 Y156.114 E.05279
G1 X159.223 Y155.401 E.03415
G1 X157.668 Y155.273 E.05279
G1 X156.955 Y154.56 E.03415
G1 X156.828 Y153.005 E.05279
G1 X156.114 Y152.292 E.03415
G1 X154.56 Y152.164 E.05279
G1 X153.846 Y151.451 E.03415
G1 X153.809 Y151 E.01533
G1 X156.918 Y151 E.10523
G1 X156.955 Y151.451 E.01533
G1 X157.668 Y152.164 E.03415
G1 X159.223 Y152.292 E.05279
G1 X159.936 Y153.005 E.03415
G1 X160.064 Y154.56 E.05279
G1 X160.777 Y155.273 E.03415
G1 X162.332 Y155.401 E.05279
G1 X163.045 Y156.114 E.03415
G1 X163.172 Y157.668 E.05279
G1 X163.886 Y158.382 E.03415
G1 X165.44 Y158.509 E.05279
G1 X166.154 Y159.223 E.03415
G1 X166.281 Y160.777 E.05279
G1 X166.995 Y161.491 E.03415
G1 X168.549 Y161.618 E.05279
G1 X169 Y162.069 E.02161
G1 X169 Y158.961 E.10523
G1 X168.549 Y158.509 E.02161
G1 X166.995 Y158.382 E.05279
G1 X166.281 Y157.668 E.03415
G1 X166.154 Y156.114 E.05279
G1 X165.44 Y155.401 E.03415
G1 X163.886 Y155.273 E.05279
G1 X163.172 Y154.56 E.03415
G1 X163.045 Y153.005 E.05279
G1 X162.332 Y152.292 E.03415
G1 X160.777 Y152.164 E.05279
G1 X160.064 Y151.451 E.03415
G1 X160.027 Y151 E.01533
G1 X163.135 Y151 E.10523
G1 X163.172 Y151.451 E.01533
G1 X163.886 Y152.164 E.03415
G1 X165.44 Y152.292 E.05279
G1 X166.154 Y153.005 E.03415
G1 X166.281 Y154.56 E.05279
G1 X166.995 Y155.273 E.03415
G1 X168.549 Y155.401 E.05279
G1 X169 Y155.852 E.02161
G1 X169 Y152.743 E.10523
G1 X168.549 Y152.292 E.02161
G1 X166.995 Y152.164 E.05279
G1 X166.281 Y151.451 E.03415
G1 X166.244 Y151 E.01533
G1 X167.873 Y151 E.05512
M400
G1 E-10 F1800
G1 Z2.8 F7200
M104 S150 T1 ; standby
M104 S270 T0 ; pre-charge
M109 S270 T0
MOVE_TO_BRUSH_STATION
CLEAN_NOZZLE
MOVE_OUT_BRUSH_STATION
M106 P2 S124 ; fibre-side cooling, fan4
M106 P1 S0 ; part-cooling, fan3
T0 ; switch extruder type to:FIBER
; LAYER:12 [2.40]
M1001 L71
G1 F1200 Z3.60
G1 X151.11 Y151.11 F1200
G1 F1200 U55.000 ; Extrude restart
G1 F1200 Z2.40
G1 F600 V1.000 ; Recover matrix retract
G1 F600 V3.000 ; Matrix prime
G1 X167.45 Y151.11 V0.545 U16.017 P0.034 F1200
; Start to cut
M2800
M400
;CUT DISTANCE 54.8
G1 X168.89 Y151.11 V0.048 F1200
G1 X168.89 Y168.89 V0.593 F1200
G1 X151.11 Y168.89 V0.593 F1200
G1 X151.11 Y151.11 V0.593 F1200
; Cutting completed.
G1 F600 V-1.000 ; Retract
G1 F1200 Z3.00
M1002
M1001 L404
G1 F1200 Z3.60
G1 X151.76 Y152.11 F1200
G1 F1200 U55.000 ; Extrude restart
G1 F1200 Z2.40
G1 F600 V1.000 ; Recover matrix retract
G1 F600 V3.000 ; Matrix prime
G1 X168.24 Y152.11 V0.549 U16.156 P0.034 F1200
G1 X168.24 Y152.81 V0.023 U0.686 P0.034 F1200
G1 X151.76 Y152.81 V0.549 U16.156 P0.034 F1200
G1 X151.76 Y153.51 V0.023 U0.686 P0.034 F1200
G1 X168.24 Y153.51 V0.549 U16.156 P0.034 F1200
G1 X168.24 Y154.21 V0.023 U0.686 P0.034 F1200
G1 X151.76 Y154.21 V0.549 U16.156 P0.034 F1200
G1 X151.76 Y154.91 V0.023 U0.686 P0.034 F1200
G1 X168.24 Y154.91 V0.549 U16.156 P0.034 F1200
G1 X168.24 Y155.61 V0.023 U0.686 P0.034 F1200
M73 P12 R53
G1 X151.76 Y155.61 V0.549 U16.156 P0.034 F1200
G1 X151.76 Y156.31 V0.023 U0.686 P0.034 F1200
G1 X168.24 Y156.31 V0.549 U16.156 P0.034 F1200
G1 X168.24 Y157.01 V0.023 U0.686 P0.034 F1200
G1 X151.76 Y157.01 V0.549 U16.156 P0.034 F1200
G1 X151.76 Y157.71 V0.023 U0.686 P0.034 F1200
G1 X168.24 Y157.71 V0.549 U16.156 P0.034 F1200
G1 X168.24 Y158.41 V0.023 U0.686 P0.034 F1200
G1 X151.76 Y158.41 V0.549 U16.156 P0.034 F1200
G1 X151.76 Y159.11 V0.023 U0.686 P0.034 F1200
G1 X168.24 Y159.11 V0.549 U16.156 P0.034 F1200
G1 X168.24 Y159.81 V0.023 U0.686 P0.034 F1200
G1 X151.76 Y159.81 V0.549 U16.156 P0.034 F1200
G1 X151.76 Y160.51 V0.023 U0.686 P0.034 F1200
G1 X168.24 Y160.51 V0.549 U16.156 P0.034 F1200
G1 X168.24 Y161.21 V0.023 U0.686 P0.034 F1200
G1 X151.76 Y161.21 V0.549 U16.156 P0.034 F1200
G1 X151.76 Y161.91 V0.023 U0.686 P0.034 F1200
G1 X168.24 Y161.91 V0.549 U16.156 P0.034 F1200
G1 X168.24 Y162.61 V0.023 U0.686 P0.034 F1200
G1 X151.76 Y162.61 V0.549 U16.156 P0.034 F1200
G1 X151.76 Y163.31 V0.023 U0.686 P0.034 F1200
G1 X168.24 Y163.31 V0.549 U16.156 P0.034 F1200
G1 X168.24 Y164.01 V0.023 U0.686 P0.034 F1200
G1 X151.76 Y164.01 V0.549 U16.156 P0.034 F1200
G1 X151.76 Y164.71 V0.023 U0.686 P0.034 F1200
G1 X168.24 Y164.71 V0.549 U16.156 P0.034 F1200
G1 X168.24 Y165.41 V0.023 U0.686 P0.034 F1200
G1 X151.76 Y165.41 V0.549 U16.156 P0.034 F1200
G1 X151.76 Y166.11 V0.023 U0.686 P0.034 F1200
G1 X165.00 Y166.11 V0.441 U12.979 P0.034 F1200
; Start to cut
M2800
M400
;CUT DISTANCE 54.8
G1 X168.24 Y166.11 V0.108 F1200
G1 X168.24 Y166.81 V0.023 F1200
G1 X151.76 Y166.81 V0.549 F1200
G1 X151.76 Y167.51 V0.023 F1200
M73 P13 R53
G1 X168.24 Y167.51 V0.549 F1200
G1 X168.24 Y168.21 V0.023 F1200
G1 X151.76 Y168.21 V0.549 F1200
; Cutting completed.
G1 F600 V-1.000 ; Retract
G1 F1200 Z3.00
M1002
M400
G1 F600 V-4.000 ; Toolchange matrix retract
M104 S180 T0 ; standby
M104 S250 T1 ; pre-charge
M109 S250 T1
MOVE_TO_BRUSH_STATION
CLEAN_NOZZLE
MOVE_OUT_BRUSH_STATION
M106 P2 S0 ; fibre-side cooling, fan4
M106 P1 S124 ; part-cooling, fan3
T1 ; switch extruder type to:PLASTIC
G1 Z2.4 F7200
G1 E10 F1800
;LAYER_CHANGE
;Z:2.6
;HEIGHT:0.2
;_SET_FAN_SPEED_CHANGING_LAYER
SET_VELOCITY_LIMIT ACCEL=1000 ACCEL_TO_DECEL=500
G1 E-.8 F1800
G1 X168.484 Y158.608 Z3 F7200
G1 X169.346 Y169.346 Z3 F7200
G1 Z2.6 F7200
G1 E.8 F1800
;TYPE:Inner wall
;WIDTH:0.449999
G1 F3600
G1 X150.654 Y169.346 E.6327
G1 X150.654 Y150.654 E.6327
G1 X169.346 Y150.654 E.6327
G1 X169.346 Y169.306 E.63135
SET_VELOCITY_LIMIT ACCEL=500 ACCEL_TO_DECEL=250
G1 X169.775 Y169.775 F7200
;TYPE:Outer wall
G1 F3600
G1 X150.225 Y169.775 E.66174
G1 X150.225 Y150.225 E.66174
G1 X169.775 Y150.225 E.66174
G1 X169.775 Y169.735 E.66039
SET_VELOCITY_LIMIT ACCEL=1000 ACCEL_TO_DECEL=500
G1 X169 Y168.97 F7200
SET_VELOCITY_LIMIT ACCEL=500 ACCEL_TO_DECEL=250
;TYPE:Sparse infill
;WIDTH:0.45
G1 F6000
G1 X169 Y167.342 E.05512
G1 X168.549 Y167.793 E.02161
G1 X166.995 Y167.751 E.05263
G1 X166.197 Y168.549 E.03821
G1 X166.209 Y169 E.01528
G1 X163.1 Y169 E.10523
G1 X163.088 Y168.549 E.01528
G1 X163.886 Y167.751 E.03821
G1 X165.44 Y167.793 E.05263
G1 X166.239 Y166.995 E.03821
G1 X166.197 Y165.44 E.05263
G1 X166.995 Y164.642 E.03821
G1 X168.549 Y164.684 E.05263
G1 X169 Y164.233 E.02161
G1 X169 Y161.124 E.10523
G1 X168.549 Y161.575 E.02161
G1 X166.995 Y161.533 E.05263
G1 X166.197 Y162.332 E.03821
G1 X166.239 Y163.886 E.05263
G1 X165.44 Y164.684 E.03821
G1 X163.886 Y164.642 E.05263
G1 X163.088 Y165.44 E.03821
G1 X163.13 Y166.995 E.05263
G1 X162.332 Y167.793 E.03821
G1 X160.777 Y167.751 E.05263
G1 X159.979 Y168.549 E.03821
G1 X159.991 Y169 E.01528
G1 X161.62 Y169 E.05512
SET_VELOCITY_LIMIT ACCEL=1000 ACCEL_TO_DECEL=500
G1 E-.8 F1800
G1 X166.347 Y163.008 Z3 F7200
G1 X169 Y159.644 Z3 F7200
G1 Z2.6 F7200
G1 E.8 F1800
SET_VELOCITY_LIMIT ACCEL=500 ACCEL_TO_DECEL=250
G1 F6000
G1 X169 Y158.015 E.05512
G1 X168.549 Y158.467 E.02161
G1 X166.995 Y158.425 E.05263
G1 X166.197 Y159.223 E.03821
G1 X166.239 Y160.777 E.05263
G1 X165.44 Y161.575 E.03821
G1 X163.886 Y161.533 E.05263
G1 X163.088 Y162.332 E.03821
G1 X163.13 Y163.886 E.05263
G1 X162.332 Y164.684 E.03821
G1 X160.777 Y164.642 E.05263
G1 X159.979 Y165.44 E.03821
G1 X160.021 Y166.995 E.05263
G1 X159.223 Y167.793 E.03821
G1 X157.668 Y167.751 E.05263
G1 X156.87 Y168.549 E.03821
G1 X156.882 Y169 E.01528
G1 X153.774 Y169 E.10523
G1 X153.761 Y168.549 E.01528
G1 X154.56 Y167.751 E.03821
G1 X156.114 Y167.793 E.05263
G1 X156.912 Y166.995 E.03821
G1 X156.87 Y165.44 E.05263
G1 X157.668 Y164.642 E.03821
G1 X159.223 Y164.684 E.05263
G1 X160.021 Y163.886 E.03821
G1 X159.979 Y162.332 E.05263
G1 X160.777 Y161.533 E.03821
G1 X162.332 Y161.575 E.05263
G1 X163.13 Y160.777 E.03821
G1 X163.088 Y159.223 E.05263
G1 X163.886 Y158.425 E.03821
G1 X165.44 Y158.467 E.05263
G1 X166.239 Y157.668 E.03821
G1 X166.197 Y156.114 E.05263
G1 X166.995 Y155.316 E.03821
G1 X168.549 Y155.358 E.05263
G1 X169 Y154.907 E.02161
G1 X169 Y151.798 E.10523
G1 X168.549 Y152.249 E.02161
G1 X166.995 Y152.207 E.05263
G1 X166.197 Y153.005 E.03821
G1 X166.239 Y154.56 E.05263
G1 X165.44 Y155.358 E.03821
G1 X163.886 Y155.316 E.05263
G1 X163.088 Y156.114 E.03821
G1 X163.13 Y157.668 E.05263
G1 X162.332 Y158.467 E.03821
G1 X160.777 Y158.425 E.05263
G1 X159.979 Y159.223 E.03821
G1 X160.021 Y160.777 E.05263
G1 X159.223 Y161.575 E.03821
G1 X157.668 Y161.533 E.05263
G1 X156.87 Y162.332 E.03821
G1 X156.912 Y163.886 E.05263
G1 X156.114 Y164.684 E.03821
G1 X154.56 Y164.642 E.05263
G1 X153.761 Y165.44 E.03821
G1 X153.803 Y166.995 E.05263
G1 X153.005 Y167.793 E.03821
G1 X151.451 Y167.751 E.05263
G1 X151 Y168.202 E.02161
G1 X151 Y165.093 E.10523
G1 X151.451 Y164.642 E.02161
G1 X153.005 Y164.684 E.05263
G1 X153.803 Y163.886 E.03821
G1 X153.761 Y162.332 E.05263
G1 X154.56 Y161.533 E.03821
G1 X156.114 Y161.575 E.05263
G1 X156.912 Y160.777 E.03821
G1 X156.87 Y159.223 E.05263
G1 X157.668 Y158.425 E.03821
G1 X159.223 Y158.467 E.05263
G1 X160.021 Y157.668 E.03821
G1 X159.979 Y156.114 E.05263
G1 X160.777 Y155.316 E.03821
G1 X162.332 Y155.358 E.05263
G1 X163.13 Y154.56 E.03821
G1 X163.088 Y153.005 E.05263
G1 X163.886 Y152.207 E.03821
G1 X165.44 Y152.249 E.05263
G1 X166.239 Y151.451 E.03821
G1 X166.226 Y151 E.01528
G1 X167.855 Y151 E.05512
SET_VELOCITY_LIMIT ACCEL=1000 ACCEL_TO_DECEL=500
G1 E-.8 F1800
G1 X160.222 Y151.013 Z3 F7200
G1 X151 Y151.03 Z3 F7200
G1 Z2.6 F7200
G1 E.8 F1800
SET_VELOCITY_LIMIT ACCEL=500 ACCEL_TO_DECEL=250
G1 F6000
G1 X151 Y152.658 E.05512
G1 X151.451 Y152.207 E.02161
G1 X153.005 Y152.249 E.05263
G1 X153.803 Y151.451 E.03821
G1 X153.791 Y151 E.01528
G1 X156.9 Y151 E.10523
G1 X156.912 Y151.451 E.01528
G1 X156.114 Y152.249 E.03821
G1 X154.56 Y152.207 E.05263
G1 X153.761 Y153.005 E.03821
G1 X153.803 Y154.56 E.05263
G1 X153.005 Y155.358 E.03821
G1 X151.451 Y155.316 E.05263
G1 X151 Y155.767 E.02161
G1 X151 Y158.876 E.10523
G1 X151.451 Y158.425 E.02161
G1 X153.005 Y158.467 E.05263
G1 X153.803 Y157.668 E.03821
G1 X153.761 Y156.114 E.05263
G1 X154.56 Y155.316 E.03821
G1 X156.114 Y155.358 E.05263
G1 X156.912 Y154.56 E.03821
G1 X156.87 Y153.005 E.05263
G1 X157.668 Y152.207 E.03821
G1 X159.223 Y152.249 E.05263
G1 X160.021 Y151.451 E.03821
G1 X160.009 Y151 E.01528
G1 X163.118 Y151 E.10523
G1 X163.13 Y151.451 E.01528
G1 X162.332 Y152.249 E.03821
G1 X160.777 Y152.207 E.05263
G1 X159.979 Y153.005 E.03821
G1 X160.021 Y154.56 E.05263
G1 X159.223 Y155.358 E.03821
G1 X157.668 Y155.316 E.05263
G1 X156.87 Y156.114 E.03821
G1 X156.912 Y157.668 E.05263
G1 X156.114 Y158.467 E.03821
G1 X154.56 Y158.425 E.05263
G1 X153.761 Y159.223 E.03821
G1 X153.803 Y160.777 E.05263
G1 X153.005 Y161.575 E.03821
G1 X151.451 Y161.533 E.05263
G1 X151 Y161.985 E.02161
G1 X151 Y160.356 E.05512
M400
G1 E-10 F1800
G1 Z3 F7200
M104 S150 T1 ; standby
M104 S270 T0 ; pre-charge
M109 S270 T0
MOVE_TO_BRUSH_STATION
CLEAN_NOZZLE
MOVE_OUT_BRUSH_STATION
M106 P2 S127 ; fibre-side cooling, fan4
M106 P1 S0 ; part-cooling, fan3
T0 ; switch extruder type to:FIBER
; LAYER:13 [2.60]
M1001 L71
G1 F1200 Z3.80
G1 X151.11 Y151.11 F1200
G1 F1200 U55.000 ; Extrude restart
G1 F1200 Z2.60
G1 F600 V1.000 ; Recover matrix retract
G1 F600 V3.000 ; Matrix prime
G1 X167.45 Y151.11 V0.545 U16.017 P0.034 F1200
; Start to cut
M2800
M400
;CUT DISTANCE 54.8
G1 X168.89 Y151.11 V0.048 F1200
G1 X168.89 Y168.89 V0.593 F1200
G1 X151.11 Y168.89 V0.593 F1200
G1 X151.11 Y151.11 V0.593 F1200
; Cutting completed.
G1 F600 V-1.000 ; Retract
G1 F1200 Z3.20
M1002
M1001 L404
G1 F1200 Z3.80
G1 X151.76 Y152.11 F1200
G1 F1200 U55.000 ; Extrude restart
G1 F1200 Z2.60
G1 F600 V1.000 ; Recover matrix retract
G1 F600 V3.000 ; Matrix prime
G1 X168.24 Y152.11 V0.549 U16.156 P0.034 F1200
G1 X168.24 Y152.81 V0.023 U0.686 P0.034 F1200
G1 X151.76 Y152.81 V0.549 U16.156 P0.034 F1200
G1 X151.76 Y153.51 V0.023 U0.686 P0.034 F1200
G1 X168.24 Y153.51 V0.549 U16.156 P0.034 F1200
G1 X168.24 Y154.21 V0.023 U0.686 P0.034 F1200
G1 X151.76 Y154.21 V0.549 U16.156 P0.034 F1200
G1 X151.76 Y154.91 V0.023 U0.686 P0.034 F1200
G1 X168.24 Y154.91 V0.549 U16.156 P0.034 F1200
G1 X168.24 Y155.61 V0.023 U0.686 P0.034 F1200
G1 X151.76 Y155.61 V0.549 U16.156 P0.034 F1200
G1 X151.76 Y156.31 V0.023 U0.686 P0.034 F1200
G1 X168.24 Y156.31 V0.549 U16.156 P0.034 F1200
G1 X168.24 Y157.01 V0.023 U0.686 P0.034 F1200
G1 X151.76 Y157.01 V0.549 U16.156 P0.034 F1200
G1 X151.76 Y157.71 V0.023 U0.686 P0.034 F1200
G1 X168.24 Y157.71 V0.549 U16.156 P0.034 F1200
G1 X168.24 Y158.41 V0.023 U0.686 P0.034 F1200
G1 X151.76 Y158.41 V0.549 U16.156 P0.034 F1200
G1 X151.76 Y159.11 V0.023 U0.686 P0.034 F1200
G1 X168.24 Y159.11 V0.549 U16.156 P0.034 F1200
G1 X168.24 Y159.81 V0.023 U0.686 P0.034 F1200
G1 X151.76 Y159.81 V0.549 U16.156 P0.034 F1200
G1 X151.76 Y160.51 V0.023 U0.686 P0.034 F1200
G1 X168.24 Y160.51 V0.549 U16.156 P0.034 F1200
G1 X168.24 Y161.21 V0.023 U0.686 P0.034 F1200
G1 X151.76 Y161.21 V0.549 U16.156 P0.034 F1200
G1 X151.76 Y161.91 V0.023 U0.686 P0.034 F1200
G1 X168.24 Y161.91 V0.549 U16.156 P0.034 F1200
G1 X168.24 Y162.61 V0.023 U0.686 P0.034 F1200
G1 X151.76 Y162.61 V0.549 U16.156 P0.034 F1200
G1 X151.76 Y163.31 V0.023 U0.686 P0.034 F1200
G1 X168.24 Y163.31 V0.549 U16.156 P0.034 F1200
G1 X168.24 Y164.01 V0.023 U0.686 P0.034 F1200
G1 X151.76 Y164.01 V0.549 U16.156 P0.034 F1200
G1 X151.76 Y164.71 V0.023 U0.686 P0.034 F1200
G1 X168.24 Y164.71 V0.549 U16.156 P0.034 F1200
G1 X168.24 Y165.41 V0.023 U0.686 P0.034 F1200
G1 X151.76 Y165.41 V0.549 U16.156 P0.034 F1200
G1 X151.76 Y166.11 V0.023 U0.686 P0.034 F1200
M73 P14 R53
G1 X165.00 Y166.11 V0.441 U12.979 P0.034 F1200
; Start to cut
M2800
M400
;CUT DISTANCE 54.8
G1 X168.24 Y166.11 V0.108 F1200
G1 X168.24 Y166.81 V0.023 F1200
G1 X151.76 Y166.81 V0.549 F1200
G1 X151.76 Y167.51 V0.023 F1200
G1 X168.24 Y167.51 V0.549 F1200
G1 X168.24 Y168.21 V0.023 F1200
G1 X151.76 Y168.21 V0.549 F1200
; Cutting completed.
G1 F600 V-1.000 ; Retract
G1 F1200 Z3.20
M1002
M400
G1 F600 V-4.000 ; Toolchange matrix retract
M104 S180 T0 ; standby
M104 S250 T1 ; pre-charge
M109 S250 T1
MOVE_TO_BRUSH_STATION
CLEAN_NOZZLE
MOVE_OUT_BRUSH_STATION
M106 P2 S0 ; fibre-side cooling, fan4
M106 P1 S127 ; part-cooling, fan3
T1 ; switch extruder type to:PLASTIC
G1 Z2.6 F7200
G1 E10 F1800
M106 S130
;LAYER_CHANGE
;Z:2.8
;HEIGHT:0.2
;_SET_FAN_SPEED_CHANGING_LAYER
SET_VELOCITY_LIMIT ACCEL=1000 ACCEL_TO_DECEL=500
G1 E-.8 F1800
G1 X157.853 Y163.715 Z3.2 F7200
G1 X169.346 Y169.346 Z3.2 F7200
G1 Z2.8 F7200
G1 E.8 F1800
;TYPE:Inner wall
;WIDTH:0.449999
G1 F3600
G1 X150.654 Y169.346 E.6327
G1 X150.654 Y150.654 E.6327
G1 X169.346 Y150.654 E.6327
G1 X169.346 Y169.306 E.63135
SET_VELOCITY_LIMIT ACCEL=500 ACCEL_TO_DECEL=250
G1 X169.775 Y169.775 F7200
;TYPE:Outer wall
G1 F3600
G1 X150.225 Y169.775 E.66174
G1 X150.225 Y150.225 E.66174
G1 X169.775 Y150.225 E.66174
G1 X169.775 Y169.735 E.66039
SET_VELOCITY_LIMIT ACCEL=1000 ACCEL_TO_DECEL=500
G1 X167.985 Y169 F7200
SET_VELOCITY_LIMIT ACCEL=500 ACCEL_TO_DECEL=250
;TYPE:Sparse infill
;WIDTH:0.45
G1 F6000
G1 X166.357 Y169 E.05512
G1 X166.55 Y168.549 E.01662
M73 P14 R52
G1 X166.995 Y168.104 E.02129
G1 X168.549 Y167.439 E.05723
G1 X168.994 Y166.995 E.02129
G1 X169 Y163.87 E.10576
G1 X168.549 Y164.331 E.02182
G1 X166.995 Y164.996 E.05723
G1 X166.55 Y165.44 E.02129
G1 X165.885 Y166.995 E.05723
G1 X165.44 Y167.439 E.02129
G1 X163.886 Y168.104 E.05723
G1 X163.441 Y168.549 E.02129
G1 X163.248 Y169 E.01662
G1 X160.139 Y169 E.10523
G1 X160.333 Y168.549 E.01662
G1 X160.777 Y168.104 E.02129
G1 X162.332 Y167.439 E.05723
G1 X162.776 Y166.995 E.02129
G1 X163.441 Y165.44 E.05723
G1 X163.886 Y164.996 E.02129
G1 X165.44 Y164.331 E.05723
G1 X165.885 Y163.886 E.02129
G1 X166.55 Y162.332 E.05723
G1 X166.995 Y161.887 E.02129
G1 X168.549 Y161.222 E.05723
G1 X168.994 Y160.777 E.02129
G1 X169 Y157.653 E.10576
G1 X168.549 Y158.113 E.02182
G1 X166.995 Y158.778 E.05723
G1 X166.55 Y159.223 E.02129
G1 X165.885 Y160.777 E.05723
G1 X165.44 Y161.222 E.02129
G1 X163.886 Y161.887 E.05723
G1 X163.441 Y162.332 E.02129
G1 X162.776 Y163.886 E.05723
G1 X162.332 Y164.331 E.02129
G1 X160.777 Y164.996 E.05723
G1 X160.333 Y165.44 E.02129
G1 X159.667 Y166.995 E.05723
G1 X159.223 Y167.439 E.02129
G1 X157.668 Y168.104 E.05723
G1 X157.224 Y168.549 E.02129
G1 X157.031 Y169 E.01662
G1 X153.922 Y169 E.10523
G1 X154.115 Y168.549 E.01662
G1 X154.56 Y168.104 E.02129
G1 X156.114 Y167.439 E.05723
G1 X156.559 Y166.995 E.02129
G1 X157.224 Y165.44 E.05723
G1 X157.668 Y164.996 E.02129
G1 X159.223 Y164.331 E.05723
G1 X159.667 Y163.886 E.02129
G1 X160.333 Y162.332 E.05723
G1 X160.777 Y161.887 E.02129
G1 X162.332 Y161.222 E.05723
G1 X162.776 Y160.777 E.02129
G1 X163.441 Y159.223 E.05723
G1 X163.886 Y158.778 E.02129
G1 X165.44 Y158.113 E.05723
G1 X165.885 Y157.668 E.02129
G1 X166.55 Y156.114 E.05723
G1 X166.995 Y155.669 E.02129
G1 X168.549 Y155.004 E.05723
G1 X168.994 Y154.56 E.02129
G1 X169 Y151.435 E.10576
G1 X168.549 Y151.896 E.02182
G1 X166.995 Y152.561 E.05723
G1 X166.55 Y153.005 E.02129
G1 X165.885 Y154.56 E.05723
G1 X165.44 Y155.004 E.02129
G1 X163.886 Y155.669 E.05723
G1 X163.441 Y156.114 E.02129
G1 X162.776 Y157.668 E.05723
G1 X162.332 Y158.113 E.02129
G1 X160.777 Y158.778 E.05723
G1 X160.333 Y159.223 E.02129
G1 X159.667 Y160.777 E.05723
G1 X159.223 Y161.222 E.02129
G1 X157.668 Y161.887 E.05723
G1 X157.224 Y162.332 E.02129
G1 X156.559 Y163.886 E.05723
G1 X156.114 Y164.331 E.02129
G1 X154.56 Y164.996 E.05723
G1 X154.115 Y165.44 E.02129
G1 X153.45 Y166.995 E.05723
G1 X153.005 Y167.439 E.02129
G1 X151.451 Y168.104 E.05723
G1 X151 Y168.565 E.02182
G1 X151.006 Y165.44 E.10576
G1 X151.451 Y164.996 E.02129
G1 X153.005 Y164.331 E.05723
G1 X153.45 Y163.886 E.02129
G1 X154.115 Y162.332 E.05723
G1 X154.56 Y161.887 E.02129
G1 X156.114 Y161.222 E.05723
G1 X156.559 Y160.777 E.02129
G1 X157.224 Y159.223 E.05723
G1 X157.668 Y158.778 E.02129
G1 X159.223 Y158.113 E.05723
G1 X159.667 Y157.668 E.02129
G1 X160.333 Y156.114 E.05723
G1 X160.777 Y155.669 E.02129
G1 X162.332 Y155.004 E.05723
G1 X162.776 Y154.56 E.02129
G1 X163.441 Y153.005 E.05723
G1 X163.886 Y152.561 E.02129
G1 X165.44 Y151.896 E.05723
G1 X165.885 Y151.451 E.02129
G1 X166.078 Y151 E.01662
G1 X162.969 Y151 E.10523
G1 X162.776 Y151.451 E.01662
G1 X162.332 Y151.896 E.02129
G1 X160.777 Y152.561 E.05723
G1 X160.333 Y153.005 E.02129
G1 X159.667 Y154.56 E.05723
G1 X159.223 Y155.004 E.02129
G1 X157.668 Y155.669 E.05723
G1 X157.224 Y156.114 E.02129
G1 X156.559 Y157.668 E.05723
G1 X156.114 Y158.113 E.02129
G1 X154.56 Y158.778 E.05723
G1 X154.115 Y159.223 E.02129
G1 X153.45 Y160.777 E.05723
G1 X153.005 Y161.222 E.02129
G1 X151.451 Y161.887 E.05723
G1 X151 Y162.347 E.02182
G1 X151.006 Y159.223 E.10576
G1 X151.451 Y158.778 E.02129
G1 X153.005 Y158.113 E.05723
G1 X153.45 Y157.668 E.02129
G1 X154.115 Y156.114 E.05723
G1 X154.56 Y155.669 E.02129
G1 X156.114 Y155.004 E.05723
G1 X156.559 Y154.56 E.02129
G1 X157.224 Y153.005 E.05723
G1 X157.668 Y152.561 E.02129
G1 X159.223 Y151.896 E.05723
G1 X159.667 Y151.451 E.02129
G1 X159.861 Y151 E.01662
G1 X156.752 Y151 E.10523
G1 X156.559 Y151.451 E.01662
G1 X156.114 Y151.896 E.02129
G1 X154.56 Y152.561 E.05723
G1 X154.115 Y153.005 E.02129
G1 X153.45 Y154.56 E.05723
G1 X153.005 Y155.004 E.02129
G1 X151.451 Y155.669 E.05723
G1 X151 Y156.13 E.02182
G1 X151.006 Y153.005 E.10576
G1 X151.451 Y152.561 E.02129
G1 X153.005 Y151.896 E.05723
G1 X153.45 Y151.451 E.02129
G1 X153.643 Y151 E.01662
G1 X152.015 Y151 E.05512
M400
G1 E-10 F1800
G1 Z3.2 F7200
M104 S150 T1 ; standby
M104 S270 T0 ; pre-charge
M109 S270 T0
MOVE_TO_BRUSH_STATION
CLEAN_NOZZLE
MOVE_OUT_BRUSH_STATION
M106 P2 S127 ; fibre-side cooling, fan4
M106 P1 S0 ; part-cooling, fan3
T0 ; switch extruder type to:FIBER
; LAYER:14 [2.80]
M1001 L71
G1 F1200 Z4.00
G1 X151.11 Y151.11 F1200
G1 F1200 U55.000 ; Extrude restart
G1 F1200 Z2.80
G1 F600 V1.000 ; Recover matrix retract
G1 F600 V3.000 ; Matrix prime
G1 X167.45 Y151.11 V0.545 U16.017 P0.034 F1200
; Start to cut
M2800
M400
;CUT DISTANCE 54.8
G1 X168.89 Y151.11 V0.048 F1200
G1 X168.89 Y168.89 V0.593 F1200
G1 X151.11 Y168.89 V0.593 F1200
G1 X151.11 Y151.11 V0.593 F1200
; Cutting completed.
G1 F600 V-1.000 ; Retract
G1 F1200 Z3.40
M1002
M1001 L404
G1 F1200 Z4.00
G1 X167.89 Y151.76 F1200
G1 F1200 U55.000 ; Extrude restart
G1 F1200 Z2.80
G1 F600 V1.000 ; Recover matrix retract
G1 F600 V3.000 ; Matrix prime
G1 X167.89 Y168.24 V0.549 U16.156 P0.034 F1200
G1 X167.19 Y168.24 V0.023 U0.686 P0.034 F1200
G1 X167.19 Y151.76 V0.549 U16.156 P0.034 F1200
G1 X166.49 Y151.76 V0.023 U0.686 P0.034 F1200
G1 X166.49 Y168.24 V0.549 U16.156 P0.034 F1200
G1 X165.79 Y168.24 V0.023 U0.686 P0.034 F1200
G1 X165.79 Y151.76 V0.549 U16.156 P0.034 F1200
G1 X165.09 Y151.76 V0.023 U0.686 P0.034 F1200
G1 X165.09 Y168.24 V0.549 U16.156 P0.034 F1200
G1 X164.39 Y168.24 V0.023 U0.686 P0.034 F1200
G1 X164.39 Y151.76 V0.549 U16.156 P0.034 F1200
G1 X163.69 Y151.76 V0.023 U0.686 P0.034 F1200
G1 X163.69 Y168.24 V0.549 U16.156 P0.034 F1200
G1 X162.99 Y168.24 V0.023 U0.686 P0.034 F1200
G1 X162.99 Y151.76 V0.549 U16.156 P0.034 F1200
G1 X162.29 Y151.76 V0.023 U0.686 P0.034 F1200
G1 X162.29 Y168.24 V0.549 U16.156 P0.034 F1200
G1 X161.59 Y168.24 V0.023 U0.686 P0.034 F1200
G1 X161.59 Y151.76 V0.549 U16.156 P0.034 F1200
G1 X160.89 Y151.76 V0.023 U0.686 P0.034 F1200
G1 X160.89 Y168.24 V0.549 U16.156 P0.034 F1200
G1 X160.19 Y168.24 V0.023 U0.686 P0.034 F1200
G1 X160.19 Y151.76 V0.549 U16.156 P0.034 F1200
G1 X159.49 Y151.76 V0.023 U0.686 P0.034 F1200
G1 X159.49 Y168.24 V0.549 U16.156 P0.034 F1200
G1 X158.79 Y168.24 V0.023 U0.686 P0.034 F1200
G1 X158.79 Y151.76 V0.549 U16.156 P0.034 F1200
G1 X158.09 Y151.76 V0.023 U0.686 P0.034 F1200
G1 X158.09 Y168.24 V0.549 U16.156 P0.034 F1200
G1 X157.39 Y168.24 V0.023 U0.686 P0.034 F1200
G1 X157.39 Y151.76 V0.549 U16.156 P0.034 F1200
G1 X156.69 Y151.76 V0.023 U0.686 P0.034 F1200
G1 X156.69 Y168.24 V0.549 U16.156 P0.034 F1200
G1 X155.99 Y168.24 V0.023 U0.686 P0.034 F1200
G1 X155.99 Y151.76 V0.549 U16.156 P0.034 F1200
G1 X155.29 Y151.76 V0.023 U0.686 P0.034 F1200
G1 X155.29 Y168.24 V0.549 U16.156 P0.034 F1200
G1 X154.59 Y168.24 V0.023 U0.686 P0.034 F1200
G1 X154.59 Y151.76 V0.549 U16.156 P0.034 F1200
G1 X153.89 Y151.76 V0.023 U0.686 P0.034 F1200
G1 X153.89 Y165.00 V0.441 U12.979 P0.034 F1200
; Start to cut
M2800
M400
;CUT DISTANCE 54.8
G1 X153.89 Y168.24 V0.108 F1200
M73 P15 R52
G1 X153.19 Y168.24 V0.023 F1200
G1 X153.19 Y151.76 V0.549 F1200
G1 X152.49 Y151.76 V0.023 F1200
G1 X152.49 Y168.24 V0.549 F1200
G1 X151.79 Y168.24 V0.023 F1200
G1 X151.79 Y151.76 V0.549 F1200
; Cutting completed.
G1 F600 V-1.000 ; Retract
G1 F1200 Z3.40
M1002
M400
G1 F600 V-4.000 ; Toolchange matrix retract
M104 S180 T0 ; standby
M104 S250 T1 ; pre-charge
M109 S250 T1
MOVE_TO_BRUSH_STATION
CLEAN_NOZZLE
MOVE_OUT_BRUSH_STATION
M106 P2 S0 ; fibre-side cooling, fan4
M106 P1 S127 ; part-cooling, fan3
T1 ; switch extruder type to:PLASTIC
G1 Z2.8 F7200
G1 E10 F1800
M106 S132
;LAYER_CHANGE
;Z:3
;HEIGHT:0.2
;_SET_FAN_SPEED_CHANGING_LAYER
SET_VELOCITY_LIMIT ACCEL=1000 ACCEL_TO_DECEL=500
G1 E-.8 F1800
G1 X157.256 Y156.548 Z3.4 F7200
G1 X169.346 Y169.346 Z3.4 F7200
G1 Z3 F7200
G1 E.8 F1800
;TYPE:Inner wall
;WIDTH:0.449999
G1 F3600
G1 X150.654 Y169.346 E.6327
G1 X150.654 Y150.654 E.6327
G1 X169.346 Y150.654 E.6327
G1 X169.346 Y169.306 E.63135
SET_VELOCITY_LIMIT ACCEL=500 ACCEL_TO_DECEL=250
G1 X169.775 Y169.775 F7200
;TYPE:Outer wall
G1 F3600
G1 X150.225 Y169.775 E.66174
G1 X150.225 Y150.225 E.66174
G1 X169.775 Y150.225 E.66174
G1 X169.775 Y169.735 E.66039
SET_VELOCITY_LIMIT ACCEL=1000 ACCEL_TO_DECEL=500
G1 X169 Y168.172 F7200
SET_VELOCITY_LIMIT ACCEL=500 ACCEL_TO_DECEL=250
;TYPE:Sparse infill
;WIDTH:0.45
G1 F6000
G1 X169 Y166.543 E.05512
G1 X166.543 Y169 E.11762
G1 X163.435 Y169 E.10523
G1 X169 Y163.435 E.26643
G1 X169 Y165.063 E.05512
SET_VELOCITY_LIMIT ACCEL=1000 ACCEL_TO_DECEL=500
G1 E-.8 F1800
G1 X161.871 Y167.788 Z3.4 F7200
G1 X158.698 Y169 Z3.4 F7200
G1 Z3 F7200
G1 E.8 F1800
SET_VELOCITY_LIMIT ACCEL=500 ACCEL_TO_DECEL=250
G1 F6000
G1 X160.326 Y169 E.05512
G1 X169 Y160.326 E.41525
G1 X169 Y157.217 E.10523
G1 X157.217 Y169 E.56406
G1 X154.108 Y169 E.10523
G1 X169 Y154.108 E.71288
G1 X169 Y151 E.10523
G1 X151 Y169 E.86169
G1 X151 Y165.892 E.10523
G1 X165.892 Y151 E.71288
G1 X162.783 Y151 E.10523
G1 X151 Y162.783 E.56406
G1 X151 Y159.674 E.10523
G1 X159.674 Y151 E.41525
G1 X156.565 Y151 E.10523
G1 X151 Y156.565 E.26643
G1 X151 Y153.457 E.10523
G1 X153.457 Y151 E.11762
G1 X151.828 Y151 E.05512
M400
G1 E-10 F1800
G1 Z3.4 F7200
M104 S150 T1 ; standby
M104 S270 T0 ; pre-charge
M109 S270 T0
MOVE_TO_BRUSH_STATION
CLEAN_NOZZLE
MOVE_OUT_BRUSH_STATION
M106 P2 S130 ; fibre-side cooling, fan4
M106 P1 S0 ; part-cooling, fan3
T0 ; switch extruder type to:FIBER
; LAYER:15 [3.00]
M1001 L71
G1 F1200 Z4.20
G1 X151.11 Y151.11 F1200
G1 F1200 U55.000 ; Extrude restart
G1 F1200 Z3.00
G1 F600 V1.000 ; Recover matrix retract
G1 F600 V3.000 ; Matrix prime
G1 X167.45 Y151.11 V0.545 U16.017 P0.034 F1200
; Start to cut
M2800
M400
;CUT DISTANCE 54.8
G1 X168.89 Y151.11 V0.048 F1200
G1 X168.89 Y168.89 V0.593 F1200
G1 X151.11 Y168.89 V0.593 F1200
G1 X151.11 Y151.11 V0.593 F1200
; Cutting completed.
G1 F600 V-1.000 ; Retract
G1 F1200 Z3.60
M1002
M1001 L404
G1 F1200 Z4.20
G1 X151.76 Y152.11 F1200
G1 F1200 U55.000 ; Extrude restart
G1 F1200 Z3.00
G1 F600 V1.000 ; Recover matrix retract
G1 F600 V3.000 ; Matrix prime
G1 X168.24 Y152.11 V0.549 U16.156 P0.034 F1200
G1 X168.24 Y152.81 V0.023 U0.686 P0.034 F1200
G1 X151.76 Y152.81 V0.549 U16.156 P0.034 F1200
G1 X151.76 Y153.51 V0.023 U0.686 P0.034 F1200
G1 X168.24 Y153.51 V0.549 U16.156 P0.034 F1200
G1 X168.24 Y154.21 V0.023 U0.686 P0.034 F1200
G1 X151.76 Y154.21 V0.549 U16.156 P0.034 F1200
G1 X151.76 Y154.91 V0.023 U0.686 P0.034 F1200
G1 X168.24 Y154.91 V0.549 U16.156 P0.034 F1200
G1 X168.24 Y155.61 V0.023 U0.686 P0.034 F1200
G1 X151.76 Y155.61 V0.549 U16.156 P0.034 F1200
G1 X151.76 Y156.31 V0.023 U0.686 P0.034 F1200
G1 X168.24 Y156.31 V0.549 U16.156 P0.034 F1200
G1 X168.24 Y157.01 V0.023 U0.686 P0.034 F1200
G1 X151.76 Y157.01 V0.549 U16.156 P0.034 F1200
G1 X151.76 Y157.71 V0.023 U0.686 P0.034 F1200
G1 X168.24 Y157.71 V0.549 U16.156 P0.034 F1200
G1 X168.24 Y158.41 V0.023 U0.686 P0.034 F1200
G1 X151.76 Y158.41 V0.549 U16.156 P0.034 F1200
G1 X151.76 Y159.11 V0.023 U0.686 P0.034 F1200
G1 X168.24 Y159.11 V0.549 U16.156 P0.034 F1200
G1 X168.24 Y159.81 V0.023 U0.686 P0.034 F1200
G1 X151.76 Y159.81 V0.549 U16.156 P0.034 F1200
G1 X151.76 Y160.51 V0.023 U0.686 P0.034 F1200
G1 X168.24 Y160.51 V0.549 U16.156 P0.034 F1200
G1 X168.24 Y161.21 V0.023 U0.686 P0.034 F1200
G1 X151.76 Y161.21 V0.549 U16.156 P0.034 F1200
G1 X151.76 Y161.91 V0.023 U0.686 P0.034 F1200
G1 X168.24 Y161.91 V0.549 U16.156 P0.034 F1200
G1 X168.24 Y162.61 V0.023 U0.686 P0.034 F1200
G1 X151.76 Y162.61 V0.549 U16.156 P0.034 F1200
G1 X151.76 Y163.31 V0.023 U0.686 P0.034 F1200
G1 X168.24 Y163.31 V0.549 U16.156 P0.034 F1200
G1 X168.24 Y164.01 V0.023 U0.686 P0.034 F1200
M73 P15 R51
G1 X151.76 Y164.01 V0.549 U16.156 P0.034 F1200
G1 X151.76 Y164.71 V0.023 U0.686 P0.034 F1200
G1 X168.24 Y164.71 V0.549 U16.156 P0.034 F1200
G1 X168.24 Y165.41 V0.023 U0.686 P0.034 F1200
G1 X151.76 Y165.41 V0.549 U16.156 P0.034 F1200
G1 X151.76 Y166.11 V0.023 U0.686 P0.034 F1200
G1 X165.00 Y166.11 V0.441 U12.979 P0.034 F1200
; Start to cut
M2800
M400
;CUT DISTANCE 54.8
G1 X168.24 Y166.11 V0.108 F1200
G1 X168.24 Y166.81 V0.023 F1200
G1 X151.76 Y166.81 V0.549 F1200
G1 X151.76 Y167.51 V0.023 F1200
G1 X168.24 Y167.51 V0.549 F1200
G1 X168.24 Y168.21 V0.023 F1200
G1 X151.76 Y168.21 V0.549 F1200
; Cutting completed.
G1 F600 V-1.000 ; Retract
M73 P16 R51
G1 F1200 Z3.60
M1002
M400
G1 F600 V-4.000 ; Toolchange matrix retract
M104 S180 T0 ; standby
M104 S250 T1 ; pre-charge
M109 S250 T1
MOVE_TO_BRUSH_STATION
CLEAN_NOZZLE
MOVE_OUT_BRUSH_STATION
M106 P2 S0 ; fibre-side cooling, fan4
M106 P1 S130 ; part-cooling, fan3
T1 ; switch extruder type to:PLASTIC
G1 Z3 F7200
G1 E10 F1800
;LAYER_CHANGE
;Z:3.2
;HEIGHT:0.2
;_SET_FAN_SPEED_CHANGING_LAYER
SET_VELOCITY_LIMIT ACCEL=1000 ACCEL_TO_DECEL=500
G1 E-.8 F1800
G1 X157.099 Y156.52 Z3.6 F7200
G1 X169.346 Y169.346 Z3.6 F7200
G1 Z3.2 F7200
G1 E.8 F1800
;TYPE:Inner wall
;WIDTH:0.449999
G1 F3600
G1 X150.654 Y169.346 E.6327
G1 X150.654 Y150.654 E.6327
G1 X169.346 Y150.654 E.6327
G1 X169.346 Y169.306 E.63135
SET_VELOCITY_LIMIT ACCEL=500 ACCEL_TO_DECEL=250
G1 X169.775 Y169.775 F7200
;TYPE:Outer wall
G1 F3600
G1 X150.225 Y169.775 E.66174
G1 X150.225 Y150.225 E.66174
G1 X169.775 Y150.225 E.66174
G1 X169.775 Y169.735 E.66039
SET_VELOCITY_LIMIT ACCEL=1000 ACCEL_TO_DECEL=500
G1 X169 Y168.172 F7200
SET_VELOCITY_LIMIT ACCEL=500 ACCEL_TO_DECEL=250
;TYPE:Sparse infill
;WIDTH:0.45
G1 F6000
G1 X169 Y166.543 E.05512
G1 X166.543 Y169 E.11762
G1 X163.435 Y169 E.10523
G1 X169 Y163.435 E.26643
G1 X169 Y165.063 E.05512
SET_VELOCITY_LIMIT ACCEL=1000 ACCEL_TO_DECEL=500
G1 E-.8 F1800
G1 X161.871 Y167.788 Z3.6 F7200
G1 X158.698 Y169 Z3.6 F7200
G1 Z3.2 F7200
G1 E.8 F1800
SET_VELOCITY_LIMIT ACCEL=500 ACCEL_TO_DECEL=250
G1 F6000
G1 X160.326 Y169 E.05512
G1 X169 Y160.326 E.41525
G1 X169 Y157.217 E.10523
G1 X157.217 Y169 E.56406
G1 X154.108 Y169 E.10523
G1 X169 Y154.108 E.71288
G1 X169 Y151 E.10523
G1 X151 Y169 E.86169
G1 X151 Y165.892 E.10523
G1 X165.892 Y151 E.71288
G1 X162.783 Y151 E.10523
G1 X151 Y162.783 E.56406
G1 X151 Y159.674 E.10523
G1 X159.674 Y151 E.41525
G1 X156.565 Y151 E.10523
G1 X151 Y156.565 E.26643
G1 X151 Y153.457 E.10523
G1 X153.457 Y151 E.11762
G1 X151.828 Y151 E.05512
M400
G1 E-10 F1800
G1 Z3.6 F7200
M104 S150 T1 ; standby
M104 S270 T0 ; pre-charge
M109 S270 T0
MOVE_TO_BRUSH_STATION
CLEAN_NOZZLE
MOVE_OUT_BRUSH_STATION
M106 P2 S132 ; fibre-side cooling, fan4
M106 P1 S0 ; part-cooling, fan3
T0 ; switch extruder type to:FIBER
; LAYER:16 [3.20]
M1001 L71
G1 F1200 Z4.40
G1 X151.11 Y151.11 F1200
G1 F1200 U55.000 ; Extrude restart
G1 F1200 Z3.20
G1 F600 V1.000 ; Recover matrix retract
G1 F600 V3.000 ; Matrix prime
G1 X167.45 Y151.11 V0.545 U16.017 P0.034 F1200
; Start to cut
M2800
M400
;CUT DISTANCE 54.8
G1 X168.89 Y151.11 V0.048 F1200
G1 X168.89 Y168.89 V0.593 F1200
G1 X151.11 Y168.89 V0.593 F1200
G1 X151.11 Y151.11 V0.593 F1200
; Cutting completed.
G1 F600 V-1.000 ; Retract
G1 F1200 Z3.80
M1002
M1001 L404
G1 F1200 Z4.40
G1 X151.76 Y152.11 F1200
G1 F1200 U55.000 ; Extrude restart
G1 F1200 Z3.20
G1 F600 V1.000 ; Recover matrix retract
G1 F600 V3.000 ; Matrix prime
G1 X168.24 Y152.11 V0.549 U16.156 P0.034 F1200
G1 X168.24 Y152.81 V0.023 U0.686 P0.034 F1200
G1 X151.76 Y152.81 V0.549 U16.156 P0.034 F1200
G1 X151.76 Y153.51 V0.023 U0.686 P0.034 F1200
G1 X168.24 Y153.51 V0.549 U16.156 P0.034 F1200
G1 X168.24 Y154.21 V0.023 U0.686 P0.034 F1200
G1 X151.76 Y154.21 V0.549 U16.156 P0.034 F1200
G1 X151.76 Y154.91 V0.023 U0.686 P0.034 F1200
G1 X168.24 Y154.91 V0.549 U16.156 P0.034 F1200
G1 X168.24 Y155.61 V0.023 U0.686 P0.034 F1200
G1 X151.76 Y155.61 V0.549 U16.156 P0.034 F1200
G1 X151.76 Y156.31 V0.023 U0.686 P0.034 F1200
G1 X168.24 Y156.31 V0.549 U16.156 P0.034 F1200
G1 X168.24 Y157.01 V0.023 U0.686 P0.034 F1200
G1 X151.76 Y157.01 V0.549 U16.156 P0.034 F1200
G1 X151.76 Y157.71 V0.023 U0.686 P0.034 F1200
G1 X168.24 Y157.71 V0.549 U16.156 P0.034 F1200
G1 X168.24 Y158.41 V0.023 U0.686 P0.034 F1200
G1 X151.76 Y158.41 V0.549 U16.156 P0.034 F1200
G1 X151.76 Y159.11 V0.023 U0.686 P0.034 F1200
G1 X168.24 Y159.11 V0.549 U16.156 P0.034 F1200
G1 X168.24 Y159.81 V0.023 U0.686 P0.034 F1200
G1 X151.76 Y159.81 V0.549 U16.156 P0.034 F1200
G1 X151.76 Y160.51 V0.023 U0.686 P0.034 F1200
G1 X168.24 Y160.51 V0.549 U16.156 P0.034 F1200
G1 X168.24 Y161.21 V0.023 U0.686 P0.034 F1200
G1 X151.76 Y161.21 V0.549 U16.156 P0.034 F1200
G1 X151.76 Y161.91 V0.023 U0.686 P0.034 F1200
G1 X168.24 Y161.91 V0.549 U16.156 P0.034 F1200
G1 X168.24 Y162.61 V0.023 U0.686 P0.034 F1200
G1 X151.76 Y162.61 V0.549 U16.156 P0.034 F1200
G1 X151.76 Y163.31 V0.023 U0.686 P0.034 F1200
G1 X168.24 Y163.31 V0.549 U16.156 P0.034 F1200
G1 X168.24 Y164.01 V0.023 U0.686 P0.034 F1200
G1 X151.76 Y164.01 V0.549 U16.156 P0.034 F1200
G1 X151.76 Y164.71 V0.023 U0.686 P0.034 F1200
G1 X168.24 Y164.71 V0.549 U16.156 P0.034 F1200
G1 X168.24 Y165.41 V0.023 U0.686 P0.034 F1200
G1 X151.76 Y165.41 V0.549 U16.156 P0.034 F1200
G1 X151.76 Y166.11 V0.023 U0.686 P0.034 F1200
G1 X165.00 Y166.11 V0.441 U12.979 P0.034 F1200
; Start to cut
M2800
M400
;CUT DISTANCE 54.8
G1 X168.24 Y166.11 V0.108 F1200
G1 X168.24 Y166.81 V0.023 F1200
G1 X151.76 Y166.81 V0.549 F1200
G1 X151.76 Y167.51 V0.023 F1200
G1 X168.24 Y167.51 V0.549 F1200
G1 X168.24 Y168.21 V0.023 F1200
G1 X151.76 Y168.21 V0.549 F1200
; Cutting completed.
G1 F600 V-1.000 ; Retract
G1 F1200 Z3.80
M1002
M400
G1 F600 V-4.000 ; Toolchange matrix retract
M104 S180 T0 ; standby
M104 S250 T1 ; pre-charge
M109 S250 T1
MOVE_TO_BRUSH_STATION
CLEAN_NOZZLE
MOVE_OUT_BRUSH_STATION
M106 P2 S0 ; fibre-side cooling, fan4
M106 P1 S132 ; part-cooling, fan3
T1 ; switch extruder type to:PLASTIC
G1 Z3.2 F7200
G1 E10 F1800
M106 S130
;LAYER_CHANGE
;Z:3.4
;HEIGHT:0.2
;_SET_FAN_SPEED_CHANGING_LAYER
SET_VELOCITY_LIMIT ACCEL=1000 ACCEL_TO_DECEL=500
G1 E-.8 F1800
G1 X157.099 Y156.52 Z3.8 F7200
G1 X169.346 Y169.346 Z3.8 F7200
G1 Z3.4 F7200
G1 E.8 F1800
;TYPE:Inner wall
;WIDTH:0.449999
G1 F3600
G1 X150.654 Y169.346 E.6327
G1 X150.654 Y150.654 E.6327
G1 X169.346 Y150.654 E.6327
G1 X169.346 Y169.306 E.63135
SET_VELOCITY_LIMIT ACCEL=500 ACCEL_TO_DECEL=250
G1 X169.775 Y169.775 F7200
M73 P17 R51
;TYPE:Outer wall
G1 F3600
G1 X150.225 Y169.775 E.66174
G1 X150.225 Y150.225 E.66174
G1 X169.775 Y150.225 E.66174
G1 X169.775 Y169.735 E.66039
SET_VELOCITY_LIMIT ACCEL=1000 ACCEL_TO_DECEL=500
G1 X169 Y168.172 F7200
SET_VELOCITY_LIMIT ACCEL=500 ACCEL_TO_DECEL=250
;TYPE:Sparse infill
;WIDTH:0.45
G1 F6000
G1 X169 Y166.543 E.05512
G1 X166.543 Y169 E.11762
G1 X163.435 Y169 E.10523
G1 X169 Y163.435 E.26643
G1 X169 Y165.063 E.05512
SET_VELOCITY_LIMIT ACCEL=1000 ACCEL_TO_DECEL=500
G1 E-.8 F1800
G1 X161.871 Y167.788 Z3.8 F7200
G1 X158.698 Y169 Z3.8 F7200
G1 Z3.4 F7200
G1 E.8 F1800
SET_VELOCITY_LIMIT ACCEL=500 ACCEL_TO_DECEL=250
G1 F6000
G1 X160.326 Y169 E.05512
G1 X169 Y160.326 E.41525
G1 X169 Y157.217 E.10523
G1 X157.217 Y169 E.56406
G1 X154.108 Y169 E.10523
G1 X169 Y154.108 E.71288
G1 X169 Y151 E.10523
G1 X151 Y169 E.86169
G1 X151 Y165.892 E.10523
G1 X165.892 Y151 E.71288
G1 X162.783 Y151 E.10523
G1 X151 Y162.783 E.56406
G1 X151 Y159.674 E.10523
G1 X159.674 Y151 E.41525
G1 X156.565 Y151 E.10523
G1 X151 Y156.565 E.26643
G1 X151 Y153.457 E.10523
G1 X153.457 Y151 E.11762
G1 X151.828 Y151 E.05512
M400
G1 E-10 F1800
G1 Z3.8 F7200
M104 S150 T1 ; standby
M104 S270 T0 ; pre-charge
M109 S270 T0
MOVE_TO_BRUSH_STATION
CLEAN_NOZZLE
MOVE_OUT_BRUSH_STATION
M106 P2 S132 ; fibre-side cooling, fan4
M106 P1 S0 ; part-cooling, fan3
T0 ; switch extruder type to:FIBER
; LAYER:17 [3.40]
M1001 L71
G1 F1200 Z4.60
G1 X151.11 Y151.11 F1200
G1 F1200 U55.000 ; Extrude restart
G1 F1200 Z3.40
G1 F600 V1.000 ; Recover matrix retract
G1 F600 V3.000 ; Matrix prime
G1 X167.45 Y151.11 V0.545 U16.017 P0.034 F1200
; Start to cut
M2800
M400
;CUT DISTANCE 54.8
G1 X168.89 Y151.11 V0.048 F1200
G1 X168.89 Y168.89 V0.593 F1200
G1 X151.11 Y168.89 V0.593 F1200
G1 X151.11 Y151.11 V0.593 F1200
; Cutting completed.
G1 F600 V-1.000 ; Retract
G1 F1200 Z4.00
M1002
M1001 L404
G1 F1200 Z4.60
G1 X167.89 Y151.76 F1200
G1 F1200 U55.000 ; Extrude restart
G1 F1200 Z3.40
G1 F600 V1.000 ; Recover matrix retract
G1 F600 V3.000 ; Matrix prime
G1 X167.89 Y168.24 V0.549 U16.156 P0.034 F1200
G1 X167.19 Y168.24 V0.023 U0.686 P0.034 F1200
G1 X167.19 Y151.76 V0.549 U16.156 P0.034 F1200
G1 X166.49 Y151.76 V0.023 U0.686 P0.034 F1200
G1 X166.49 Y168.24 V0.549 U16.156 P0.034 F1200
G1 X165.79 Y168.24 V0.023 U0.686 P0.034 F1200
G1 X165.79 Y151.76 V0.549 U16.156 P0.034 F1200
G1 X165.09 Y151.76 V0.023 U0.686 P0.034 F1200
G1 X165.09 Y168.24 V0.549 U16.156 P0.034 F1200
G1 X164.39 Y168.24 V0.023 U0.686 P0.034 F1200
G1 X164.39 Y151.76 V0.549 U16.156 P0.034 F1200
G1 X163.69 Y151.76 V0.023 U0.686 P0.034 F1200
M73 P17 R50
G1 X163.69 Y168.24 V0.549 U16.156 P0.034 F1200
G1 X162.99 Y168.24 V0.023 U0.686 P0.034 F1200
G1 X162.99 Y151.76 V0.549 U16.156 P0.034 F1200
G1 X162.29 Y151.76 V0.023 U0.686 P0.034 F1200
G1 X162.29 Y168.24 V0.549 U16.156 P0.034 F1200
G1 X161.59 Y168.24 V0.023 U0.686 P0.034 F1200
G1 X161.59 Y151.76 V0.549 U16.156 P0.034 F1200
G1 X160.89 Y151.76 V0.023 U0.686 P0.034 F1200
G1 X160.89 Y168.24 V0.549 U16.156 P0.034 F1200
G1 X160.19 Y168.24 V0.023 U0.686 P0.034 F1200
G1 X160.19 Y151.76 V0.549 U16.156 P0.034 F1200
G1 X159.49 Y151.76 V0.023 U0.686 P0.034 F1200
G1 X159.49 Y168.24 V0.549 U16.156 P0.034 F1200
G1 X158.79 Y168.24 V0.023 U0.686 P0.034 F1200
G1 X158.79 Y151.76 V0.549 U16.156 P0.034 F1200
G1 X158.09 Y151.76 V0.023 U0.686 P0.034 F1200
G1 X158.09 Y168.24 V0.549 U16.156 P0.034 F1200
G1 X157.39 Y168.24 V0.023 U0.686 P0.034 F1200
G1 X157.39 Y151.76 V0.549 U16.156 P0.034 F1200
G1 X156.69 Y151.76 V0.023 U0.686 P0.034 F1200
G1 X156.69 Y168.24 V0.549 U16.156 P0.034 F1200
G1 X155.99 Y168.24 V0.023 U0.686 P0.034 F1200
G1 X155.99 Y151.76 V0.549 U16.156 P0.034 F1200
G1 X155.29 Y151.76 V0.023 U0.686 P0.034 F1200
G1 X155.29 Y168.24 V0.549 U16.156 P0.034 F1200
G1 X154.59 Y168.24 V0.023 U0.686 P0.034 F1200
G1 X154.59 Y151.76 V0.549 U16.156 P0.034 F1200
G1 X153.89 Y151.76 V0.023 U0.686 P0.034 F1200
G1 X153.89 Y165.00 V0.441 U12.979 P0.034 F1200
; Start to cut
M2800
M400
;CUT DISTANCE 54.8
G1 X153.89 Y168.24 V0.108 F1200
G1 X153.19 Y168.24 V0.023 F1200
G1 X153.19 Y151.76 V0.549 F1200
G1 X152.49 Y151.76 V0.023 F1200
G1 X152.49 Y168.24 V0.549 F1200
G1 X151.79 Y168.24 V0.023 F1200
G1 X151.79 Y151.76 V0.549 F1200
; Cutting completed.
G1 F600 V-1.000 ; Retract
G1 F1200 Z4.00
M1002
M400
G1 F600 V-4.000 ; Toolchange matrix retract
M104 S180 T0 ; standby
M104 S250 T1 ; pre-charge
M109 S250 T1
MOVE_TO_BRUSH_STATION
CLEAN_NOZZLE
MOVE_OUT_BRUSH_STATION
M106 P2 S0 ; fibre-side cooling, fan4
M106 P1 S132 ; part-cooling, fan3
T1 ; switch extruder type to:PLASTIC
G1 Z3.4 F7200
G1 E10 F1800
M106 S132
;LAYER_CHANGE
;Z:3.6
;HEIGHT:0.2
;_SET_FAN_SPEED_CHANGING_LAYER
SET_VELOCITY_LIMIT ACCEL=1000 ACCEL_TO_DECEL=500
G1 E-.8 F1800
G1 X157.099 Y156.52 Z4 F7200
G1 X169.346 Y169.346 Z4 F7200
G1 Z3.6 F7200
G1 E.8 F1800
;TYPE:Inner wall
;WIDTH:0.449999
G1 F3600
G1 X150.654 Y169.346 E.6327
G1 X150.654 Y150.654 E.6327
G1 X169.346 Y150.654 E.6327
G1 X169.346 Y169.306 E.63135
SET_VELOCITY_LIMIT ACCEL=500 ACCEL_TO_DECEL=250
G1 X169.775 Y169.775 F7200
;TYPE:Outer wall
G1 F3600
G1 X150.225 Y169.775 E.66174
G1 X150.225 Y150.225 E.66174
G1 X169.775 Y150.225 E.66174
G1 X169.775 Y169.735 E.66039
SET_VELOCITY_LIMIT ACCEL=1000 ACCEL_TO_DECEL=500
G1 X169 Y168.172 F7200
SET_VELOCITY_LIMIT ACCEL=500 ACCEL_TO_DECEL=250
;TYPE:Sparse infill
;WIDTH:0.45
G1 F6000
G1 X169 Y166.543 E.05512
G1 X166.543 Y169 E.11762
G1 X163.435 Y169 E.10523
G1 X169 Y163.435 E.26643
G1 X169 Y165.063 E.05512
M73 P18 R50
SET_VELOCITY_LIMIT ACCEL=1000 ACCEL_TO_DECEL=500
G1 E-.8 F1800
G1 X161.871 Y167.788 Z4 F7200
G1 X158.698 Y169 Z4 F7200
G1 Z3.6 F7200
G1 E.8 F1800
SET_VELOCITY_LIMIT ACCEL=500 ACCEL_TO_DECEL=250
G1 F6000
G1 X160.326 Y169 E.05512
G1 X169 Y160.326 E.41525
G1 X169 Y157.217 E.10523
G1 X157.217 Y169 E.56406
G1 X154.108 Y169 E.10523
G1 X169 Y154.108 E.71288
G1 X169 Y151 E.10523
G1 X151 Y169 E.86169
G1 X151 Y165.892 E.10523
G1 X165.892 Y151 E.71288
G1 X162.783 Y151 E.10523
G1 X151 Y162.783 E.56406
G1 X151 Y159.674 E.10523
G1 X159.674 Y151 E.41525
G1 X156.565 Y151 E.10523
G1 X151 Y156.565 E.26643
G1 X151 Y153.457 E.10523
G1 X153.457 Y151 E.11762
G1 X151.828 Y151 E.05512
M400
G1 E-10 F1800
G1 Z4 F7200
M104 S150 T1 ; standby
M104 S270 T0 ; pre-charge
M109 S270 T0
MOVE_TO_BRUSH_STATION
CLEAN_NOZZLE
MOVE_OUT_BRUSH_STATION
M106 P2 S130 ; fibre-side cooling, fan4
M106 P1 S0 ; part-cooling, fan3
T0 ; switch extruder type to:FIBER
; LAYER:18 [3.60]
M1001 L71
G1 F1200 Z4.80
G1 X151.11 Y151.11 F1200
G1 F1200 U55.000 ; Extrude restart
G1 F1200 Z3.60
G1 F600 V1.000 ; Recover matrix retract
G1 F600 V3.000 ; Matrix prime
G1 X167.45 Y151.11 V0.545 U16.017 P0.034 F1200
; Start to cut
M2800
M400
;CUT DISTANCE 54.8
G1 X168.89 Y151.11 V0.048 F1200
G1 X168.89 Y168.89 V0.593 F1200
G1 X151.11 Y168.89 V0.593 F1200
G1 X151.11 Y151.11 V0.593 F1200
; Cutting completed.
G1 F600 V-1.000 ; Retract
G1 F1200 Z4.20
M1002
M1001 L404
G1 F1200 Z4.80
G1 X151.76 Y152.11 F1200
G1 F1200 U55.000 ; Extrude restart
G1 F1200 Z3.60
G1 F600 V1.000 ; Recover matrix retract
G1 F600 V3.000 ; Matrix prime
G1 X168.24 Y152.11 V0.549 U16.156 P0.034 F1200
G1 X168.24 Y152.81 V0.023 U0.686 P0.034 F1200
G1 X151.76 Y152.81 V0.549 U16.156 P0.034 F1200
G1 X151.76 Y153.51 V0.023 U0.686 P0.034 F1200
G1 X168.24 Y153.51 V0.549 U16.156 P0.034 F1200
G1 X168.24 Y154.21 V0.023 U0.686 P0.034 F1200
G1 X151.76 Y154.21 V0.549 U16.156 P0.034 F1200
G1 X151.76 Y154.91 V0.023 U0.686 P0.034 F1200
G1 X168.24 Y154.91 V0.549 U16.156 P0.034 F1200
G1 X168.24 Y155.61 V0.023 U0.686 P0.034 F1200
G1 X151.76 Y155.61 V0.549 U16.156 P0.034 F1200
G1 X151.76 Y156.31 V0.023 U0.686 P0.034 F1200
G1 X168.24 Y156.31 V0.549 U16.156 P0.034 F1200
G1 X168.24 Y157.01 V0.023 U0.686 P0.034 F1200
G1 X151.76 Y157.01 V0.549 U16.156 P0.034 F1200
G1 X151.76 Y157.71 V0.023 U0.686 P0.034 F1200
G1 X168.24 Y157.71 V0.549 U16.156 P0.034 F1200
G1 X168.24 Y158.41 V0.023 U0.686 P0.034 F1200
G1 X151.76 Y158.41 V0.549 U16.156 P0.034 F1200
G1 X151.76 Y159.11 V0.023 U0.686 P0.034 F1200
G1 X168.24 Y159.11 V0.549 U16.156 P0.034 F1200
G1 X168.24 Y159.81 V0.023 U0.686 P0.034 F1200
G1 X151.76 Y159.81 V0.549 U16.156 P0.034 F1200
G1 X151.76 Y160.51 V0.023 U0.686 P0.034 F1200
G1 X168.24 Y160.51 V0.549 U16.156 P0.034 F1200
G1 X168.24 Y161.21 V0.023 U0.686 P0.034 F1200
G1 X151.76 Y161.21 V0.549 U16.156 P0.034 F1200
G1 X151.76 Y161.91 V0.023 U0.686 P0.034 F1200
G1 X168.24 Y161.91 V0.549 U16.156 P0.034 F1200
G1 X168.24 Y162.61 V0.023 U0.686 P0.034 F1200
G1 X151.76 Y162.61 V0.549 U16.156 P0.034 F1200
G1 X151.76 Y163.31 V0.023 U0.686 P0.034 F1200
G1 X168.24 Y163.31 V0.549 U16.156 P0.034 F1200
G1 X168.24 Y164.01 V0.023 U0.686 P0.034 F1200
G1 X151.76 Y164.01 V0.549 U16.156 P0.034 F1200
G1 X151.76 Y164.71 V0.023 U0.686 P0.034 F1200
G1 X168.24 Y164.71 V0.549 U16.156 P0.034 F1200
G1 X168.24 Y165.41 V0.023 U0.686 P0.034 F1200
G1 X151.76 Y165.41 V0.549 U16.156 P0.034 F1200
G1 X151.76 Y166.11 V0.023 U0.686 P0.034 F1200
G1 X165.00 Y166.11 V0.441 U12.979 P0.034 F1200
; Start to cut
M2800
M400
;CUT DISTANCE 54.8
G1 X168.24 Y166.11 V0.108 F1200
G1 X168.24 Y166.81 V0.023 F1200
G1 X151.76 Y166.81 V0.549 F1200
G1 X151.76 Y167.51 V0.023 F1200
G1 X168.24 Y167.51 V0.549 F1200
G1 X168.24 Y168.21 V0.023 F1200
G1 X151.76 Y168.21 V0.549 F1200
; Cutting completed.
G1 F600 V-1.000 ; Retract
G1 F1200 Z4.20
M1002
M400
G1 F600 V-4.000 ; Toolchange matrix retract
M104 S180 T0 ; standby
M104 S250 T1 ; pre-charge
M109 S250 T1
MOVE_TO_BRUSH_STATION
CLEAN_NOZZLE
MOVE_OUT_BRUSH_STATION
M106 P2 S0 ; fibre-side cooling, fan4
M106 P1 S130 ; part-cooling, fan3
T1 ; switch extruder type to:PLASTIC
G1 Z3.6 F7200
G1 E10 F1800
;LAYER_CHANGE
;Z:3.8
;HEIGHT:0.2
;_SET_FAN_SPEED_CHANGING_LAYER
SET_VELOCITY_LIMIT ACCEL=1000 ACCEL_TO_DECEL=500
G1 E-.8 F1800
G1 X157.099 Y156.52 Z4.2 F7200
G1 X169.346 Y169.346 Z4.2 F7200
G1 Z3.8 F7200
G1 E.8 F1800
;TYPE:Inner wall
;WIDTH:0.449999
G1 F3600
G1 X150.654 Y169.346 E.6327
G1 X150.654 Y150.654 E.6327
G1 X169.346 Y150.654 E.6327
G1 X169.346 Y169.306 E.63135
SET_VELOCITY_LIMIT ACCEL=500 ACCEL_TO_DECEL=250
G1 X169.775 Y169.775 F7200
;TYPE:Outer wall
G1 F3600
G1 X150.225 Y169.775 E.66174
G1 X150.225 Y150.225 E.66174
G1 X169.775 Y150.225 E.66174
G1 X169.775 Y169.735 E.66039
SET_VELOCITY_LIMIT ACCEL=1000 ACCEL_TO_DECEL=500
G1 X169 Y168.172 F7200
SET_VELOCITY_LIMIT ACCEL=500 ACCEL_TO_DECEL=250
;TYPE:Sparse infill
;WIDTH:0.45
G1 F6000
G1 X169 Y166.543 E.05512
G1 X166.543 Y169 E.11762
G1 X163.435 Y169 E.10523
G1 X169 Y163.435 E.26643
G1 X169 Y165.063 E.05512
SET_VELOCITY_LIMIT ACCEL=1000 ACCEL_TO_DECEL=500
G1 E-.8 F1800
G1 X161.871 Y167.788 Z4.2 F7200
G1 X158.698 Y169 Z4.2 F7200
G1 Z3.8 F7200
G1 E.8 F1800
SET_VELOCITY_LIMIT ACCEL=500 ACCEL_TO_DECEL=250
G1 F6000
G1 X160.326 Y169 E.05512
G1 X169 Y160.326 E.41525
G1 X169 Y157.217 E.10523
G1 X157.217 Y169 E.56406
G1 X154.108 Y169 E.10523
G1 X169 Y154.108 E.71288
G1 X169 Y151 E.10523
G1 X151 Y169 E.86169
G1 X151 Y165.892 E.10523
G1 X165.892 Y151 E.71288
G1 X162.783 Y151 E.10523
M73 P19 R50
G1 X151 Y162.783 E.56406
G1 X151 Y159.674 E.10523
G1 X159.674 Y151 E.41525
G1 X156.565 Y151 E.10523
G1 X151 Y156.565 E.26643
G1 X151 Y153.457 E.10523
G1 X153.457 Y151 E.11762
G1 X151.828 Y151 E.05512
M400
G1 E-10 F1800
G1 Z4.2 F7200
M104 S150 T1 ; standby
M104 S270 T0 ; pre-charge
M109 S270 T0
MOVE_TO_BRUSH_STATION
CLEAN_NOZZLE
MOVE_OUT_BRUSH_STATION
M106 P2 S132 ; fibre-side cooling, fan4
M106 P1 S0 ; part-cooling, fan3
T0 ; switch extruder type to:FIBER
; LAYER:19 [3.80]
M1001 L71
G1 F1200 Z5.00
G1 X151.11 Y151.11 F1200
G1 F1200 U55.000 ; Extrude restart
G1 F1200 Z3.80
G1 F600 V1.000 ; Recover matrix retract
G1 F600 V3.000 ; Matrix prime
G1 X167.45 Y151.11 V0.545 U16.017 P0.034 F1200
; Start to cut
M2800
M400
;CUT DISTANCE 54.8
G1 X168.89 Y151.11 V0.048 F1200
M73 P19 R49
G1 X168.89 Y168.89 V0.593 F1200
G1 X151.11 Y168.89 V0.593 F1200
G1 X151.11 Y151.11 V0.593 F1200
; Cutting completed.
G1 F600 V-1.000 ; Retract
G1 F1200 Z4.40
M1002
M1001 L404
G1 F1200 Z5.00
G1 X151.76 Y152.11 F1200
G1 F1200 U55.000 ; Extrude restart
G1 F1200 Z3.80
G1 F600 V1.000 ; Recover matrix retract
G1 F600 V3.000 ; Matrix prime
G1 X168.24 Y152.11 V0.549 U16.156 P0.034 F1200
G1 X168.24 Y152.81 V0.023 U0.686 P0.034 F1200
G1 X151.76 Y152.81 V0.549 U16.156 P0.034 F1200
G1 X151.76 Y153.51 V0.023 U0.686 P0.034 F1200
G1 X168.24 Y153.51 V0.549 U16.156 P0.034 F1200
G1 X168.24 Y154.21 V0.023 U0.686 P0.034 F1200
G1 X151.76 Y154.21 V0.549 U16.156 P0.034 F1200
G1 X151.76 Y154.91 V0.023 U0.686 P0.034 F1200
G1 X168.24 Y154.91 V0.549 U16.156 P0.034 F1200
G1 X168.24 Y155.61 V0.023 U0.686 P0.034 F1200
G1 X151.76 Y155.61 V0.549 U16.156 P0.034 F1200
G1 X151.76 Y156.31 V0.023 U0.686 P0.034 F1200
G1 X168.24 Y156.31 V0.549 U16.156 P0.034 F1200
G1 X168.24 Y157.01 V0.023 U0.686 P0.034 F1200
G1 X151.76 Y157.01 V0.549 U16.156 P0.034 F1200
G1 X151.76 Y157.71 V0.023 U0.686 P0.034 F1200
G1 X168.24 Y157.71 V0.549 U16.156 P0.034 F1200
G1 X168.24 Y158.41 V0.023 U0.686 P0.034 F1200
G1 X151.76 Y158.41 V0.549 U16.156 P0.034 F1200
G1 X151.76 Y159.11 V0.023 U0.686 P0.034 F1200
G1 X168.24 Y159.11 V0.549 U16.156 P0.034 F1200
G1 X168.24 Y159.81 V0.023 U0.686 P0.034 F1200
G1 X151.76 Y159.81 V0.549 U16.156 P0.034 F1200
G1 X151.76 Y160.51 V0.023 U0.686 P0.034 F1200
G1 X168.24 Y160.51 V0.549 U16.156 P0.034 F1200
G1 X168.24 Y161.21 V0.023 U0.686 P0.034 F1200
G1 X151.76 Y161.21 V0.549 U16.156 P0.034 F1200
G1 X151.76 Y161.91 V0.023 U0.686 P0.034 F1200
G1 X168.24 Y161.91 V0.549 U16.156 P0.034 F1200
G1 X168.24 Y162.61 V0.023 U0.686 P0.034 F1200
G1 X151.76 Y162.61 V0.549 U16.156 P0.034 F1200
G1 X151.76 Y163.31 V0.023 U0.686 P0.034 F1200
G1 X168.24 Y163.31 V0.549 U16.156 P0.034 F1200
G1 X168.24 Y164.01 V0.023 U0.686 P0.034 F1200
G1 X151.76 Y164.01 V0.549 U16.156 P0.034 F1200
G1 X151.76 Y164.71 V0.023 U0.686 P0.034 F1200
G1 X168.24 Y164.71 V0.549 U16.156 P0.034 F1200
G1 X168.24 Y165.41 V0.023 U0.686 P0.034 F1200
G1 X151.76 Y165.41 V0.549 U16.156 P0.034 F1200
G1 X151.76 Y166.11 V0.023 U0.686 P0.034 F1200
G1 X165.00 Y166.11 V0.441 U12.979 P0.034 F1200
; Start to cut
M2800
M400
;CUT DISTANCE 54.8
G1 X168.24 Y166.11 V0.108 F1200
G1 X168.24 Y166.81 V0.023 F1200
G1 X151.76 Y166.81 V0.549 F1200
G1 X151.76 Y167.51 V0.023 F1200
G1 X168.24 Y167.51 V0.549 F1200
G1 X168.24 Y168.21 V0.023 F1200
G1 X151.76 Y168.21 V0.549 F1200
; Cutting completed.
G1 F600 V-1.000 ; Retract
G1 F1200 Z4.40
M1002
M400
G1 F600 V-4.000 ; Toolchange matrix retract
M104 S180 T0 ; standby
M104 S250 T1 ; pre-charge
M109 S250 T1
MOVE_TO_BRUSH_STATION
CLEAN_NOZZLE
MOVE_OUT_BRUSH_STATION
M106 P2 S0 ; fibre-side cooling, fan4
M106 P1 S132 ; part-cooling, fan3
T1 ; switch extruder type to:PLASTIC
G1 Z3.8 F7200
G1 E10 F1800
M106 S130
;LAYER_CHANGE
;Z:4
;HEIGHT:0.2
;_SET_FAN_SPEED_CHANGING_LAYER
SET_VELOCITY_LIMIT ACCEL=1000 ACCEL_TO_DECEL=500
G1 E-.8 F1800
G1 X157.099 Y156.52 Z4.4 F7200
G1 X169.346 Y169.346 Z4.4 F7200
G1 Z4 F7200
G1 E.8 F1800
;TYPE:Inner wall
;WIDTH:0.449999
G1 F3600
G1 X150.654 Y169.346 E.6327
G1 X150.654 Y150.654 E.6327
G1 X169.346 Y150.654 E.6327
G1 X169.346 Y169.306 E.63135
SET_VELOCITY_LIMIT ACCEL=500 ACCEL_TO_DECEL=250
G1 X169.775 Y169.775 F7200
;TYPE:Outer wall
G1 F3600
G1 X150.225 Y169.775 E.66174
G1 X150.225 Y150.225 E.66174
G1 X169.775 Y150.225 E.66174
G1 X169.775 Y169.735 E.66039
SET_VELOCITY_LIMIT ACCEL=1000 ACCEL_TO_DECEL=500
G1 X169 Y168.172 F7200
SET_VELOCITY_LIMIT ACCEL=500 ACCEL_TO_DECEL=250
;TYPE:Sparse infill
;WIDTH:0.45
G1 F6000
G1 X169 Y166.543 E.05512
G1 X166.543 Y169 E.11762
G1 X163.435 Y169 E.10523
G1 X169 Y163.435 E.26643
G1 X169 Y165.063 E.05512
SET_VELOCITY_LIMIT ACCEL=1000 ACCEL_TO_DECEL=500
G1 E-.8 F1800
G1 X161.871 Y167.788 Z4.4 F7200
G1 X158.698 Y169 Z4.4 F7200
G1 Z4 F7200
G1 E.8 F1800
SET_VELOCITY_LIMIT ACCEL=500 ACCEL_TO_DECEL=250
G1 F6000
G1 X160.326 Y169 E.05512
G1 X169 Y160.326 E.41525
G1 X169 Y157.217 E.10523
G1 X157.217 Y169 E.56406
G1 X154.108 Y169 E.10523
G1 X169 Y154.108 E.71288
G1 X169 Y151 E.10523
G1 X151 Y169 E.86169
G1 X151 Y165.892 E.10523
G1 X165.892 Y151 E.71288
G1 X162.783 Y151 E.10523
G1 X151 Y162.783 E.56406
G1 X151 Y159.674 E.10523
G1 X159.674 Y151 E.41525
G1 X156.565 Y151 E.10523
G1 X151 Y156.565 E.26643
G1 X151 Y153.457 E.10523
G1 X153.457 Y151 E.11762
G1 X151.828 Y151 E.05512
M400
G1 E-10 F1800
G1 Z4.4 F7200
M104 S150 T1 ; standby
M104 S270 T0 ; pre-charge
M109 S270 T0
MOVE_TO_BRUSH_STATION
CLEAN_NOZZLE
MOVE_OUT_BRUSH_STATION
M106 P2 S132 ; fibre-side cooling, fan4
M106 P1 S0 ; part-cooling, fan3
T0 ; switch extruder type to:FIBER
; LAYER:20 [4.00]
M1001 L71
G1 F1200 Z5.20
G1 X151.11 Y151.11 F1200
G1 F1200 U55.000 ; Extrude restart
G1 F1200 Z4.00
G1 F600 V1.000 ; Recover matrix retract
G1 F600 V3.000 ; Matrix prime
G1 X167.45 Y151.11 V0.545 U16.017 P0.034 F1200
; Start to cut
M2800
M400
;CUT DISTANCE 54.8
G1 X168.89 Y151.11 V0.048 F1200
M73 P20 R49
G1 X168.89 Y168.89 V0.593 F1200
G1 X151.11 Y168.89 V0.593 F1200
G1 X151.11 Y151.11 V0.593 F1200
; Cutting completed.
G1 F600 V-1.000 ; Retract
G1 F1200 Z4.60
M1002
M1001 L404
G1 F1200 Z5.20
G1 X167.89 Y151.76 F1200
G1 F1200 U55.000 ; Extrude restart
G1 F1200 Z4.00
G1 F600 V1.000 ; Recover matrix retract
G1 F600 V3.000 ; Matrix prime
G1 X167.89 Y168.24 V0.549 U16.156 P0.034 F1200
G1 X167.19 Y168.24 V0.023 U0.686 P0.034 F1200
G1 X167.19 Y151.76 V0.549 U16.156 P0.034 F1200
G1 X166.49 Y151.76 V0.023 U0.686 P0.034 F1200
G1 X166.49 Y168.24 V0.549 U16.156 P0.034 F1200
G1 X165.79 Y168.24 V0.023 U0.686 P0.034 F1200
G1 X165.79 Y151.76 V0.549 U16.156 P0.034 F1200
G1 X165.09 Y151.76 V0.023 U0.686 P0.034 F1200
G1 X165.09 Y168.24 V0.549 U16.156 P0.034 F1200
G1 X164.39 Y168.24 V0.023 U0.686 P0.034 F1200
G1 X164.39 Y151.76 V0.549 U16.156 P0.034 F1200
G1 X163.69 Y151.76 V0.023 U0.686 P0.034 F1200
G1 X163.69 Y168.24 V0.549 U16.156 P0.034 F1200
G1 X162.99 Y168.24 V0.023 U0.686 P0.034 F1200
G1 X162.99 Y151.76 V0.549 U16.156 P0.034 F1200
G1 X162.29 Y151.76 V0.023 U0.686 P0.034 F1200
G1 X162.29 Y168.24 V0.549 U16.156 P0.034 F1200
G1 X161.59 Y168.24 V0.023 U0.686 P0.034 F1200
G1 X161.59 Y151.76 V0.549 U16.156 P0.034 F1200
G1 X160.89 Y151.76 V0.023 U0.686 P0.034 F1200
G1 X160.89 Y168.24 V0.549 U16.156 P0.034 F1200
G1 X160.19 Y168.24 V0.023 U0.686 P0.034 F1200
G1 X160.19 Y151.76 V0.549 U16.156 P0.034 F1200
G1 X159.49 Y151.76 V0.023 U0.686 P0.034 F1200
G1 X159.49 Y168.24 V0.549 U16.156 P0.034 F1200
G1 X158.79 Y168.24 V0.023 U0.686 P0.034 F1200
G1 X158.79 Y151.76 V0.549 U16.156 P0.034 F1200
G1 X158.09 Y151.76 V0.023 U0.686 P0.034 F1200
G1 X158.09 Y168.24 V0.549 U16.156 P0.034 F1200
G1 X157.39 Y168.24 V0.023 U0.686 P0.034 F1200
G1 X157.39 Y151.76 V0.549 U16.156 P0.034 F1200
G1 X156.69 Y151.76 V0.023 U0.686 P0.034 F1200
G1 X156.69 Y168.24 V0.549 U16.156 P0.034 F1200
G1 X155.99 Y168.24 V0.023 U0.686 P0.034 F1200
G1 X155.99 Y151.76 V0.549 U16.156 P0.034 F1200
G1 X155.29 Y151.76 V0.023 U0.686 P0.034 F1200
G1 X155.29 Y168.24 V0.549 U16.156 P0.034 F1200
G1 X154.59 Y168.24 V0.023 U0.686 P0.034 F1200
G1 X154.59 Y151.76 V0.549 U16.156 P0.034 F1200
G1 X153.89 Y151.76 V0.023 U0.686 P0.034 F1200
G1 X153.89 Y165.00 V0.441 U12.979 P0.034 F1200
; Start to cut
M2800
M400
;CUT DISTANCE 54.8
G1 X153.89 Y168.24 V0.108 F1200
G1 X153.19 Y168.24 V0.023 F1200
G1 X153.19 Y151.76 V0.549 F1200
G1 X152.49 Y151.76 V0.023 F1200
G1 X152.49 Y168.24 V0.549 F1200
G1 X151.79 Y168.24 V0.023 F1200
G1 X151.79 Y151.76 V0.549 F1200
; Cutting completed.
G1 F600 V-1.000 ; Retract
G1 F1200 Z4.60
M1002
M400
G1 F600 V-4.000 ; Toolchange matrix retract
M104 S180 T0 ; standby
M104 S250 T1 ; pre-charge
M109 S250 T1
MOVE_TO_BRUSH_STATION
CLEAN_NOZZLE
MOVE_OUT_BRUSH_STATION
M106 P2 S0 ; fibre-side cooling, fan4
M106 P1 S132 ; part-cooling, fan3
T1 ; switch extruder type to:PLASTIC
G1 Z4 F7200
G1 E10 F1800
M73 P20 R48
M106 S132
;LAYER_CHANGE
;Z:4.2
;HEIGHT:0.2
;_SET_FAN_SPEED_CHANGING_LAYER
SET_VELOCITY_LIMIT ACCEL=1000 ACCEL_TO_DECEL=500
G1 E-.8 F1800
G1 X157.099 Y156.52 Z4.6 F7200
G1 X169.346 Y169.346 Z4.6 F7200
G1 Z4.2 F7200
G1 E.8 F1800
;TYPE:Inner wall
;WIDTH:0.449999
G1 F3600
G1 X150.654 Y169.346 E.6327
G1 X150.654 Y150.654 E.6327
G1 X169.346 Y150.654 E.6327
G1 X169.346 Y169.306 E.63135
SET_VELOCITY_LIMIT ACCEL=500 ACCEL_TO_DECEL=250
G1 X169.775 Y169.775 F7200
;TYPE:Outer wall
G1 F3600
G1 X150.225 Y169.775 E.66174
G1 X150.225 Y150.225 E.66174
G1 X169.775 Y150.225 E.66174
G1 X169.775 Y169.735 E.66039
SET_VELOCITY_LIMIT ACCEL=1000 ACCEL_TO_DECEL=500
G1 X169 Y168.172 F7200
SET_VELOCITY_LIMIT ACCEL=500 ACCEL_TO_DECEL=250
;TYPE:Sparse infill
;WIDTH:0.45
G1 F6000
G1 X169 Y166.543 E.05512
G1 X166.543 Y169 E.11762
G1 X163.435 Y169 E.10523
G1 X169 Y163.435 E.26643
G1 X169 Y165.063 E.05512
SET_VELOCITY_LIMIT ACCEL=1000 ACCEL_TO_DECEL=500
G1 E-.8 F1800
G1 X161.871 Y167.788 Z4.6 F7200
G1 X158.698 Y169 Z4.6 F7200
G1 Z4.2 F7200
G1 E.8 F1800
SET_VELOCITY_LIMIT ACCEL=500 ACCEL_TO_DECEL=250
G1 F6000
G1 X160.326 Y169 E.05512
G1 X169 Y160.326 E.41525
G1 X169 Y157.217 E.10523
G1 X157.217 Y169 E.56406
G1 X154.108 Y169 E.10523
G1 X169 Y154.108 E.71288
G1 X169 Y151 E.10523
G1 X151 Y169 E.86169
G1 X151 Y165.892 E.10523
G1 X165.892 Y151 E.71288
G1 X162.783 Y151 E.10523
G1 X151 Y162.783 E.56406
G1 X151 Y159.674 E.10523
G1 X159.674 Y151 E.41525
G1 X156.565 Y151 E.10523
G1 X151 Y156.565 E.26643
G1 X151 Y153.457 E.10523
G1 X153.457 Y151 E.11762
G1 X151.828 Y151 E.05512
M400
G1 E-10 F1800
G1 Z4.6 F7200
M104 S150 T1 ; standby
M104 S270 T0 ; pre-charge
M109 S270 T0
MOVE_TO_BRUSH_STATION
CLEAN_NOZZLE
MOVE_OUT_BRUSH_STATION
M106 P2 S130 ; fibre-side cooling, fan4
M106 P1 S0 ; part-cooling, fan3
T0 ; switch extruder type to:FIBER
; LAYER:21 [4.20]
M1001 L71
G1 F1200 Z5.40
G1 X151.11 Y151.11 F1200
G1 F1200 U55.000 ; Extrude restart
G1 F1200 Z4.20
G1 F600 V1.000 ; Recover matrix retract
G1 F600 V3.000 ; Matrix prime
G1 X167.45 Y151.11 V0.545 U16.017 P0.034 F1200
; Start to cut
M2800
M400
;CUT DISTANCE 54.8
G1 X168.89 Y151.11 V0.048 F1200
G1 X168.89 Y168.89 V0.593 F1200
G1 X151.11 Y168.89 V0.593 F1200
G1 X151.11 Y151.11 V0.593 F1200
M73 P21 R48
; Cutting completed.
G1 F600 V-1.000 ; Retract
G1 F1200 Z4.80
M1002
M1001 L404
G1 F1200 Z5.40
G1 X151.76 Y152.11 F1200
G1 F1200 U55.000 ; Extrude restart
G1 F1200 Z4.20
G1 F600 V1.000 ; Recover matrix retract
G1 F600 V3.000 ; Matrix prime
G1 X168.24 Y152.11 V0.549 U16.156 P0.034 F1200
G1 X168.24 Y152.81 V0.023 U0.686 P0.034 F1200
G1 X151.76 Y152.81 V0.549 U16.156 P0.034 F1200
G1 X151.76 Y153.51 V0.023 U0.686 P0.034 F1200
G1 X168.24 Y153.51 V0.549 U16.156 P0.034 F1200
G1 X168.24 Y154.21 V0.023 U0.686 P0.034 F1200
G1 X151.76 Y154.21 V0.549 U16.156 P0.034 F1200
G1 X151.76 Y154.91 V0.023 U0.686 P0.034 F1200
G1 X168.24 Y154.91 V0.549 U16.156 P0.034 F1200
G1 X168.24 Y155.61 V0.023 U0.686 P0.034 F1200
G1 X151.76 Y155.61 V0.549 U16.156 P0.034 F1200
G1 X151.76 Y156.31 V0.023 U0.686 P0.034 F1200
G1 X168.24 Y156.31 V0.549 U16.156 P0.034 F1200
G1 X168.24 Y157.01 V0.023 U0.686 P0.034 F1200
G1 X151.76 Y157.01 V0.549 U16.156 P0.034 F1200
G1 X151.76 Y157.71 V0.023 U0.686 P0.034 F1200
G1 X168.24 Y157.71 V0.549 U16.156 P0.034 F1200
G1 X168.24 Y158.41 V0.023 U0.686 P0.034 F1200
G1 X151.76 Y158.41 V0.549 U16.156 P0.034 F1200
G1 X151.76 Y159.11 V0.023 U0.686 P0.034 F1200
G1 X168.24 Y159.11 V0.549 U16.156 P0.034 F1200
G1 X168.24 Y159.81 V0.023 U0.686 P0.034 F1200
G1 X151.76 Y159.81 V0.549 U16.156 P0.034 F1200
G1 X151.76 Y160.51 V0.023 U0.686 P0.034 F1200
G1 X168.24 Y160.51 V0.549 U16.156 P0.034 F1200
G1 X168.24 Y161.21 V0.023 U0.686 P0.034 F1200
G1 X151.76 Y161.21 V0.549 U16.156 P0.034 F1200
G1 X151.76 Y161.91 V0.023 U0.686 P0.034 F1200
G1 X168.24 Y161.91 V0.549 U16.156 P0.034 F1200
G1 X168.24 Y162.61 V0.023 U0.686 P0.034 F1200
G1 X151.76 Y162.61 V0.549 U16.156 P0.034 F1200
G1 X151.76 Y163.31 V0.023 U0.686 P0.034 F1200
G1 X168.24 Y163.31 V0.549 U16.156 P0.034 F1200
G1 X168.24 Y164.01 V0.023 U0.686 P0.034 F1200
G1 X151.76 Y164.01 V0.549 U16.156 P0.034 F1200
G1 X151.76 Y164.71 V0.023 U0.686 P0.034 F1200
G1 X168.24 Y164.71 V0.549 U16.156 P0.034 F1200
G1 X168.24 Y165.41 V0.023 U0.686 P0.034 F1200
G1 X151.76 Y165.41 V0.549 U16.156 P0.034 F1200
G1 X151.76 Y166.11 V0.023 U0.686 P0.034 F1200
G1 X165.00 Y166.11 V0.441 U12.979 P0.034 F1200
; Start to cut
M2800
M400
;CUT DISTANCE 54.8
G1 X168.24 Y166.11 V0.108 F1200
G1 X168.24 Y166.81 V0.023 F1200
G1 X151.76 Y166.81 V0.549 F1200
G1 X151.76 Y167.51 V0.023 F1200
G1 X168.24 Y167.51 V0.549 F1200
G1 X168.24 Y168.21 V0.023 F1200
G1 X151.76 Y168.21 V0.549 F1200
; Cutting completed.
G1 F600 V-1.000 ; Retract
G1 F1200 Z4.80
M1002
M400
G1 F600 V-4.000 ; Toolchange matrix retract
M104 S180 T0 ; standby
M104 S250 T1 ; pre-charge
M109 S250 T1
MOVE_TO_BRUSH_STATION
CLEAN_NOZZLE
MOVE_OUT_BRUSH_STATION
M106 P2 S0 ; fibre-side cooling, fan4
M106 P1 S130 ; part-cooling, fan3
T1 ; switch extruder type to:PLASTIC
G1 Z4.2 F7200
G1 E10 F1800
M106 S127
;LAYER_CHANGE
;Z:4.4
;HEIGHT:0.2
;_SET_FAN_SPEED_CHANGING_LAYER
SET_VELOCITY_LIMIT ACCEL=1000 ACCEL_TO_DECEL=500
G1 E-.8 F1800
G1 X157.099 Y156.52 Z4.8 F7200
G1 X169.346 Y169.346 Z4.8 F7200
G1 Z4.4 F7200
G1 E.8 F1800
;TYPE:Inner wall
;WIDTH:0.449999
G1 F3600
G1 X150.654 Y169.346 E.6327
G1 X150.654 Y150.654 E.6327
G1 X169.346 Y150.654 E.6327
G1 X169.346 Y169.306 E.63135
SET_VELOCITY_LIMIT ACCEL=500 ACCEL_TO_DECEL=250
G1 X169.775 Y169.775 F7200
;TYPE:Outer wall
G1 F3600
G1 X150.225 Y169.775 E.66174
G1 X150.225 Y150.225 E.66174
G1 X169.775 Y150.225 E.66174
G1 X169.775 Y169.735 E.66039
SET_VELOCITY_LIMIT ACCEL=1000 ACCEL_TO_DECEL=500
G1 X169 Y168.316 F7200
SET_VELOCITY_LIMIT ACCEL=500 ACCEL_TO_DECEL=250
;TYPE:Sparse infill
;WIDTH:0.45
G1 F6000
G1 X169 Y166.687 E.05512
G1 X168.787 Y166.995 E.01266
G1 X168.549 Y167.233 E.0114
G1 X166.995 Y168.311 E.06403
G1 X166.756 Y168.549 E.0114
G1 X166.443 Y169 E.01859
G1 X163.335 Y169 E.10523
G1 X163.648 Y168.549 E.01859
G1 X163.886 Y168.311 E.0114
G1 X165.44 Y167.233 E.06403
G1 X165.679 Y166.995 E.0114
G1 X166.756 Y165.44 E.06403
G1 X166.995 Y165.202 E.0114
G1 X168.549 Y164.124 E.06403
G1 X168.787 Y163.886 E.0114
G1 X169 Y163.579 E.01266
G1 X169 Y160.47 E.10523
G1 X168.787 Y160.777 E.01266
G1 X168.549 Y161.015 E.0114
G1 X166.995 Y162.093 E.06403
G1 X166.756 Y162.332 E.0114
G1 X165.679 Y163.886 E.06403
G1 X165.44 Y164.124 E.0114
G1 X163.886 Y165.202 E.06403
G1 X163.648 Y165.44 E.0114
G1 X162.57 Y166.995 E.06403
G1 X162.332 Y167.233 E.0114
G1 X160.777 Y168.311 E.06403
G1 X160.539 Y168.549 E.0114
G1 X160.226 Y169 E.01859
G1 X157.117 Y169 E.10523
G1 X157.43 Y168.549 E.01859
G1 X157.668 Y168.311 E.0114
G1 X159.223 Y167.233 E.06403
G1 X159.461 Y166.995 E.0114
G1 X160.539 Y165.44 E.06403
G1 X160.777 Y165.202 E.0114
G1 X162.332 Y164.124 E.06403
G1 X162.57 Y163.886 E.0114
G1 X163.648 Y162.332 E.06403
G1 X163.886 Y162.093 E.0114
G1 X165.44 Y161.015 E.06403
G1 X165.679 Y160.777 E.0114
G1 X166.756 Y159.223 E.06403
G1 X166.995 Y158.985 E.0114
G1 X168.549 Y157.907 E.06403
G1 X168.787 Y157.668 E.0114
G1 X169 Y157.361 E.01266
G1 X169 Y158.989 E.05512
SET_VELOCITY_LIMIT ACCEL=1000 ACCEL_TO_DECEL=500
G1 E-.8 F1800
G1 X162.088 Y155.754 Z4.8 F7200
G1 X151.928 Y151 Z4.8 F7200
G1 Z4.4 F7200
G1 E.8 F1800
SET_VELOCITY_LIMIT ACCEL=500 ACCEL_TO_DECEL=250
G1 F6000
G1 X153.557 Y151 E.05512
G1 X153.244 Y151.451 E.01859
G1 X153.005 Y151.689 E.0114
G1 X151.451 Y152.767 E.06403
G1 X151.213 Y153.005 E.0114
G1 X151 Y153.313 E.01266
G1 X151 Y156.421 E.10523
G1 X151.213 Y156.114 E.01266
G1 X151.451 Y155.876 E.0114
G1 X153.005 Y154.798 E.06403
G1 X153.244 Y154.56 E.0114
G1 X154.321 Y153.005 E.06403
G1 X154.56 Y152.767 E.0114
G1 X156.114 Y151.689 E.06403
G1 X156.352 Y151.451 E.0114
G1 X156.665 Y151 E.01859
G1 X159.774 Y151 E.10523
G1 X159.461 Y151.451 E.01859
G1 X159.223 Y151.689 E.0114
G1 X157.668 Y152.767 E.06403
G1 X157.43 Y153.005 E.0114
G1 X156.352 Y154.56 E.06403
G1 X156.114 Y154.798 E.0114
G1 X154.56 Y155.876 E.06403
G1 X154.321 Y156.114 E.0114
G1 X153.244 Y157.668 E.06403
G1 X153.005 Y157.907 E.0114
G1 X151.451 Y158.985 E.06403
G1 X151.213 Y159.223 E.0114
G1 X151 Y159.53 E.01266
G1 X151 Y162.639 E.10523
G1 X151.213 Y162.332 E.01266
G1 X151.451 Y162.093 E.0114
G1 X153.005 Y161.015 E.06403
G1 X153.244 Y160.777 E.0114
G1 X154.321 Y159.223 E.06403
G1 X154.56 Y158.985 E.0114
G1 X156.114 Y157.907 E.06403
G1 X156.352 Y157.668 E.0114
G1 X157.43 Y156.114 E.06403
G1 X157.668 Y155.876 E.0114
G1 X159.223 Y154.798 E.06403
G1 X159.461 Y154.56 E.0114
G1 X160.539 Y153.005 E.06403
G1 X160.777 Y152.767 E.0114
G1 X162.332 Y151.689 E.06403
G1 X162.57 Y151.451 E.0114
G1 X162.883 Y151 E.01859
G1 X165.992 Y151 E.10523
G1 X165.679 Y151.451 E.01859
G1 X165.44 Y151.689 E.0114
G1 X163.886 Y152.767 E.06403
G1 X163.648 Y153.005 E.0114
G1 X162.57 Y154.56 E.06403
G1 X162.332 Y154.798 E.0114
G1 X160.777 Y155.876 E.06403
G1 X160.539 Y156.114 E.0114
G1 X159.461 Y157.668 E.06403
G1 X159.223 Y157.907 E.0114
G1 X157.668 Y158.985 E.06403
G1 X157.43 Y159.223 E.0114
G1 X156.352 Y160.777 E.06403
G1 X156.114 Y161.015 E.0114
G1 X154.56 Y162.093 E.06403
G1 X154.321 Y162.332 E.0114
G1 X153.244 Y163.886 E.06403
G1 X153.005 Y164.124 E.0114
G1 X151.451 Y165.202 E.06403
G1 X151.213 Y165.44 E.0114
G1 X151 Y165.748 E.01266
G1 X151 Y168.856 E.10523
G1 X151.213 Y168.549 E.01266
G1 X151.451 Y168.311 E.0114
G1 X153.005 Y167.233 E.06403
G1 X153.244 Y166.995 E.0114
G1 X154.321 Y165.44 E.06403
G1 X154.56 Y165.202 E.0114
G1 X156.114 Y164.124 E.06403
G1 X156.352 Y163.886 E.0114
G1 X157.43 Y162.332 E.06403
G1 X157.668 Y162.093 E.0114
G1 X159.223 Y161.015 E.06403
G1 X159.461 Y160.777 E.0114
G1 X160.539 Y159.223 E.06403
G1 X160.777 Y158.985 E.0114
G1 X162.332 Y157.907 E.06403
G1 X162.57 Y157.668 E.0114
G1 X163.648 Y156.114 E.06403
G1 X163.886 Y155.876 E.0114
G1 X165.44 Y154.798 E.06403
G1 X165.679 Y154.56 E.0114
G1 X166.756 Y153.005 E.06403
G1 X166.995 Y152.767 E.0114
G1 X168.549 Y151.689 E.06403
G1 X168.787 Y151.451 E.0114
G1 X169 Y151.144 E.01266
G1 X169 Y154.252 E.10523
G1 X168.787 Y154.56 E.01266
G1 X168.549 Y154.798 E.0114
G1 X166.995 Y155.876 E.06403
G1 X166.756 Y156.114 E.0114
G1 X165.679 Y157.668 E.06403
G1 X165.44 Y157.907 E.0114
G1 X163.886 Y158.985 E.06403
G1 X163.648 Y159.223 E.0114
G1 X162.57 Y160.777 E.06403
G1 X162.332 Y161.015 E.0114
G1 X160.777 Y162.093 E.06403
G1 X160.539 Y162.332 E.0114
G1 X159.461 Y163.886 E.06403
G1 X159.223 Y164.124 E.0114
G1 X157.668 Y165.202 E.06403
G1 X157.43 Y165.44 E.0114
G1 X156.352 Y166.995 E.06403
G1 X156.114 Y167.233 E.0114
G1 X154.56 Y168.311 E.06403
G1 X154.321 Y168.549 E.0114
G1 X154.008 Y169 E.01859
G1 X152.38 Y169 E.05512
M400
G1 E-10 F1800
G1 Z4.8 F7200
M104 S150 T1 ; standby
M104 S270 T0 ; pre-charge
M109 S270 T0
MOVE_TO_BRUSH_STATION
CLEAN_NOZZLE
MOVE_OUT_BRUSH_STATION
M106 P2 S132 ; fibre-side cooling, fan4
M106 P1 S0 ; part-cooling, fan3
T0 ; switch extruder type to:FIBER
; LAYER:22 [4.40]
M1001 L71
G1 F1200 Z5.60
G1 X151.11 Y151.11 F1200
G1 F1200 U55.000 ; Extrude restart
G1 F1200 Z4.40
G1 F600 V1.000 ; Recover matrix retract
G1 F600 V3.000 ; Matrix prime
G1 X167.45 Y151.11 V0.545 U16.017 P0.034 F1200
; Start to cut
M2800
M400
;CUT DISTANCE 54.8
G1 X168.89 Y151.11 V0.048 F1200
G1 X168.89 Y168.89 V0.593 F1200
G1 X151.11 Y168.89 V0.593 F1200
G1 X151.11 Y151.11 V0.593 F1200
; Cutting completed.
G1 F600 V-1.000 ; Retract
M73 P22 R48
G1 F1200 Z5.00
M1002
M1001 L404
G1 F1200 Z5.60
G1 X151.76 Y152.11 F1200
G1 F1200 U55.000 ; Extrude restart
G1 F1200 Z4.40
G1 F600 V1.000 ; Recover matrix retract
G1 F600 V3.000 ; Matrix prime
G1 X168.24 Y152.11 V0.549 U16.156 P0.034 F1200
G1 X168.24 Y152.81 V0.023 U0.686 P0.034 F1200
G1 X151.76 Y152.81 V0.549 U16.156 P0.034 F1200
G1 X151.76 Y153.51 V0.023 U0.686 P0.034 F1200
G1 X168.24 Y153.51 V0.549 U16.156 P0.034 F1200
G1 X168.24 Y154.21 V0.023 U0.686 P0.034 F1200
G1 X151.76 Y154.21 V0.549 U16.156 P0.034 F1200
G1 X151.76 Y154.91 V0.023 U0.686 P0.034 F1200
G1 X168.24 Y154.91 V0.549 U16.156 P0.034 F1200
G1 X168.24 Y155.61 V0.023 U0.686 P0.034 F1200
G1 X151.76 Y155.61 V0.549 U16.156 P0.034 F1200
G1 X151.76 Y156.31 V0.023 U0.686 P0.034 F1200
G1 X168.24 Y156.31 V0.549 U16.156 P0.034 F1200
G1 X168.24 Y157.01 V0.023 U0.686 P0.034 F1200
G1 X151.76 Y157.01 V0.549 U16.156 P0.034 F1200
G1 X151.76 Y157.71 V0.023 U0.686 P0.034 F1200
G1 X168.24 Y157.71 V0.549 U16.156 P0.034 F1200
G1 X168.24 Y158.41 V0.023 U0.686 P0.034 F1200
G1 X151.76 Y158.41 V0.549 U16.156 P0.034 F1200
G1 X151.76 Y159.11 V0.023 U0.686 P0.034 F1200
G1 X168.24 Y159.11 V0.549 U16.156 P0.034 F1200
G1 X168.24 Y159.81 V0.023 U0.686 P0.034 F1200
G1 X151.76 Y159.81 V0.549 U16.156 P0.034 F1200
G1 X151.76 Y160.51 V0.023 U0.686 P0.034 F1200
M73 P22 R47
G1 X168.24 Y160.51 V0.549 U16.156 P0.034 F1200
G1 X168.24 Y161.21 V0.023 U0.686 P0.034 F1200
G1 X151.76 Y161.21 V0.549 U16.156 P0.034 F1200
G1 X151.76 Y161.91 V0.023 U0.686 P0.034 F1200
G1 X168.24 Y161.91 V0.549 U16.156 P0.034 F1200
G1 X168.24 Y162.61 V0.023 U0.686 P0.034 F1200
G1 X151.76 Y162.61 V0.549 U16.156 P0.034 F1200
G1 X151.76 Y163.31 V0.023 U0.686 P0.034 F1200
G1 X168.24 Y163.31 V0.549 U16.156 P0.034 F1200
G1 X168.24 Y164.01 V0.023 U0.686 P0.034 F1200
G1 X151.76 Y164.01 V0.549 U16.156 P0.034 F1200
G1 X151.76 Y164.71 V0.023 U0.686 P0.034 F1200
G1 X168.24 Y164.71 V0.549 U16.156 P0.034 F1200
G1 X168.24 Y165.41 V0.023 U0.686 P0.034 F1200
G1 X151.76 Y165.41 V0.549 U16.156 P0.034 F1200
G1 X151.76 Y166.11 V0.023 U0.686 P0.034 F1200
G1 X165.00 Y166.11 V0.441 U12.979 P0.034 F1200
; Start to cut
M2800
M400
;CUT DISTANCE 54.8
G1 X168.24 Y166.11 V0.108 F1200
G1 X168.24 Y166.81 V0.023 F1200
G1 X151.76 Y166.81 V0.549 F1200
G1 X151.76 Y167.51 V0.023 F1200
G1 X168.24 Y167.51 V0.549 F1200
G1 X168.24 Y168.21 V0.023 F1200
G1 X151.76 Y168.21 V0.549 F1200
; Cutting completed.
G1 F600 V-1.000 ; Retract
G1 F1200 Z5.00
M1002
M400
G1 F600 V-4.000 ; Toolchange matrix retract
M104 S180 T0 ; standby
M104 S250 T1 ; pre-charge
M109 S250 T1
MOVE_TO_BRUSH_STATION
CLEAN_NOZZLE
MOVE_OUT_BRUSH_STATION
M106 P2 S0 ; fibre-side cooling, fan4
M106 P1 S132 ; part-cooling, fan3
T1 ; switch extruder type to:PLASTIC
G1 Z4.4 F7200
G1 E10 F1800
M106 S130
;LAYER_CHANGE
;Z:4.6
;HEIGHT:0.2
;_SET_FAN_SPEED_CHANGING_LAYER
SET_VELOCITY_LIMIT ACCEL=1000 ACCEL_TO_DECEL=500
G1 E-.8 F1800
G1 X160.011 Y169.156 Z5 F7200
G1 X169.346 Y169.346 Z5 F7200
G1 Z4.6 F7200
G1 E.8 F1800
;TYPE:Inner wall
;WIDTH:0.449999
G1 F3600
G1 X150.654 Y169.346 E.6327
G1 X150.654 Y150.654 E.6327
G1 X169.346 Y150.654 E.6327
G1 X169.346 Y169.306 E.63135
SET_VELOCITY_LIMIT ACCEL=500 ACCEL_TO_DECEL=250
G1 X169.775 Y169.775 F7200
;TYPE:Outer wall
G1 F3600
G1 X150.225 Y169.775 E.66174
G1 X150.225 Y150.225 E.66174
G1 X169.775 Y150.225 E.66174
G1 X169.775 Y169.735 E.66039
SET_VELOCITY_LIMIT ACCEL=1000 ACCEL_TO_DECEL=500
G1 X167.924 Y169 F7200
SET_VELOCITY_LIMIT ACCEL=500 ACCEL_TO_DECEL=250
;TYPE:Sparse infill
;WIDTH:0.45
G1 F6000
G1 X166.295 Y169 E.05512
G1 X166.403 Y168.549 E.01571
G1 X166.995 Y167.957 E.02833
G1 X168.549 Y167.587 E.05409
G1 X169 Y167.135 E.02161
G1 X169 Y164.026 E.10523
G1 X168.549 Y164.478 E.02161
G1 X166.995 Y164.849 E.05409
G1 X166.403 Y165.44 E.02833
G1 X166.032 Y166.995 E.05409
G1 X165.44 Y167.587 E.02833
G1 X163.886 Y167.957 E.05409
G1 X163.294 Y168.549 E.02833
G1 X163.186 Y169 E.01571
G1 X160.078 Y169 E.10523
G1 X160.185 Y168.549 E.01571
G1 X160.777 Y167.957 E.02833
G1 X162.332 Y167.587 E.05409
G1 X162.923 Y166.995 E.02833
G1 X163.294 Y165.44 E.05409
G1 X163.886 Y164.849 E.02833
G1 X165.44 Y164.478 E.05409
G1 X166.032 Y163.886 E.02833
G1 X166.403 Y162.332 E.05409
G1 X166.995 Y161.74 E.02833
G1 X168.549 Y161.369 E.05409
G1 X169 Y160.918 E.02161
G1 X169 Y157.809 E.10523
G1 X168.549 Y158.26 E.02161
G1 X166.995 Y158.631 E.05409
G1 X166.403 Y159.223 E.02833
G1 X166.032 Y160.777 E.05409
G1 X165.44 Y161.369 E.02833
G1 X163.886 Y161.74 E.05409
G1 X163.294 Y162.332 E.02833
G1 X162.923 Y163.886 E.05409
G1 X162.332 Y164.478 E.02833
G1 X160.777 Y164.849 E.05409
G1 X160.185 Y165.44 E.02833
G1 X159.815 Y166.995 E.05409
G1 X159.223 Y167.587 E.02833
G1 X157.668 Y167.957 E.05409
G1 X157.077 Y168.549 E.02833
G1 X156.969 Y169 E.01571
G1 X153.86 Y169 E.10523
G1 X153.968 Y168.549 E.01571
G1 X154.56 Y167.957 E.02833
G1 X156.114 Y167.587 E.05409
G1 X156.706 Y166.995 E.02833
G1 X157.077 Y165.44 E.05409
G1 X157.668 Y164.849 E.02833
G1 X159.223 Y164.478 E.05409
G1 X159.815 Y163.886 E.02833
G1 X160.185 Y162.332 E.05409
G1 X160.777 Y161.74 E.02833
G1 X162.332 Y161.369 E.05409
G1 X162.923 Y160.777 E.02833
G1 X163.294 Y159.223 E.05409
G1 X163.886 Y158.631 E.02833
G1 X165.44 Y158.26 E.05409
G1 X166.032 Y157.668 E.02833
G1 X166.403 Y156.114 E.05409
G1 X166.995 Y155.522 E.02833
G1 X168.549 Y155.151 E.05409
G1 X169 Y154.7 E.02161
G1 X169 Y151.591 E.10523
G1 X168.549 Y152.043 E.02161
G1 X166.995 Y152.413 E.05409
G1 X166.403 Y153.005 E.02833
G1 X166.032 Y154.56 E.05409
G1 X165.44 Y155.151 E.02833
G1 X163.886 Y155.522 E.05409
G1 X163.294 Y156.114 E.02833
G1 X162.923 Y157.668 E.05409
G1 X162.332 Y158.26 E.02833
G1 X160.777 Y158.631 E.05409
G1 X160.185 Y159.223 E.02833
G1 X159.815 Y160.777 E.05409
G1 X159.223 Y161.369 E.02833
G1 X157.668 Y161.74 E.05409
G1 X157.077 Y162.332 E.02833
G1 X156.706 Y163.886 E.05409
G1 X156.114 Y164.478 E.02833
G1 X154.56 Y164.849 E.05409
G1 X153.968 Y165.44 E.02833
G1 X153.597 Y166.995 E.05409
G1 X153.005 Y167.587 E.02833
G1 X151.451 Y167.957 E.05409
G1 X151 Y168.409 E.02161
G1 X151 Y165.3 E.10523
G1 X151.451 Y164.849 E.02161
G1 X153.005 Y164.478 E.05409
G1 X153.597 Y163.886 E.02833
G1 X153.968 Y162.332 E.05409
G1 X154.56 Y161.74 E.02833
G1 X156.114 Y161.369 E.05409
G1 X156.706 Y160.777 E.02833
G1 X157.077 Y159.223 E.05409
G1 X157.668 Y158.631 E.02833
G1 X159.223 Y158.26 E.05409
G1 X159.815 Y157.668 E.02833
G1 X160.185 Y156.114 E.05409
G1 X160.777 Y155.522 E.02833
G1 X162.332 Y155.151 E.05409
G1 X162.923 Y154.56 E.02833
G1 X163.294 Y153.005 E.05409
G1 X163.886 Y152.413 E.02833
G1 X165.44 Y152.043 E.05409
G1 X166.032 Y151.451 E.02833
G1 X166.14 Y151 E.01571
G1 X163.031 Y151 E.10523
G1 X162.923 Y151.451 E.01571
G1 X162.332 Y152.043 E.02833
G1 X160.777 Y152.413 E.05409
G1 X160.185 Y153.005 E.02833
G1 X159.815 Y154.56 E.05409
G1 X159.223 Y155.151 E.02833
G1 X157.668 Y155.522 E.05409
G1 X157.077 Y156.114 E.02833
G1 X156.706 Y157.668 E.05409
G1 X156.114 Y158.26 E.02833
G1 X154.56 Y158.631 E.05409
G1 X153.968 Y159.223 E.02833
G1 X153.597 Y160.777 E.05409
G1 X153.005 Y161.369 E.02833
G1 X151.451 Y161.74 E.05409
G1 X151 Y162.191 E.02161
G1 X151 Y159.082 E.10523
G1 X151.451 Y158.631 E.02161
G1 X153.005 Y158.26 E.05409
G1 X153.597 Y157.668 E.02833
G1 X153.968 Y156.114 E.05409
G1 X154.56 Y155.522 E.02833
G1 X156.114 Y155.151 E.05409
G1 X156.706 Y154.56 E.02833
G1 X157.077 Y153.005 E.05409
G1 X157.668 Y152.413 E.02833
G1 X159.223 Y152.043 E.05409
G1 X159.815 Y151.451 E.02833
G1 X159.922 Y151 E.01571
G1 X156.814 Y151 E.10523
G1 X156.706 Y151.451 E.01571
G1 X156.114 Y152.043 E.02833
G1 X154.56 Y152.413 E.05409
G1 X153.968 Y153.005 E.02833
G1 X153.597 Y154.56 E.05409
G1 X153.005 Y155.151 E.02833
G1 X151.451 Y155.522 E.05409
G1 X151 Y155.974 E.02161
G1 X151 Y152.865 E.10523
G1 X151.451 Y152.413 E.02161
G1 X153.005 Y152.043 E.05409
G1 X153.597 Y151.451 E.02833
G1 X153.705 Y151 E.01571
G1 X152.076 Y151 E.05512
M400
G1 E-10 F1800
G1 Z5 F7200
M104 S150 T1 ; standby
M104 S270 T0 ; pre-charge
M109 S270 T0
MOVE_TO_BRUSH_STATION
CLEAN_NOZZLE
MOVE_OUT_BRUSH_STATION
M106 P2 S127 ; fibre-side cooling, fan4
M106 P1 S0 ; part-cooling, fan3
T0 ; switch extruder type to:FIBER
; LAYER:23 [4.60]
M1001 L71
G1 F1200 Z5.80
G1 X151.11 Y151.11 F1200
G1 F1200 U55.000 ; Extrude restart
G1 F1200 Z4.60
G1 F600 V1.000 ; Recover matrix retract
G1 F600 V3.000 ; Matrix prime
G1 X167.45 Y151.11 V0.545 U16.017 P0.034 F1200
; Start to cut
M2800
M400
;CUT DISTANCE 54.8
G1 X168.89 Y151.11 V0.048 F1200
G1 X168.89 Y168.89 V0.593 F1200
G1 X151.11 Y168.89 V0.593 F1200
G1 X151.11 Y151.11 V0.593 F1200
; Cutting completed.
G1 F600 V-1.000 ; Retract
G1 F1200 Z5.20
M1002
M1001 L404
G1 F1200 Z5.80
G1 X167.89 Y151.76 F1200
G1 F1200 U55.000 ; Extrude restart
M73 P23 R47
G1 F1200 Z4.60
G1 F600 V1.000 ; Recover matrix retract
G1 F600 V3.000 ; Matrix prime
G1 X167.89 Y168.24 V0.549 U16.156 P0.034 F1200
G1 X167.19 Y168.24 V0.023 U0.686 P0.034 F1200
G1 X167.19 Y151.76 V0.549 U16.156 P0.034 F1200
G1 X166.49 Y151.76 V0.023 U0.686 P0.034 F1200
G1 X166.49 Y168.24 V0.549 U16.156 P0.034 F1200
G1 X165.79 Y168.24 V0.023 U0.686 P0.034 F1200
G1 X165.79 Y151.76 V0.549 U16.156 P0.034 F1200
G1 X165.09 Y151.76 V0.023 U0.686 P0.034 F1200
G1 X165.09 Y168.24 V0.549 U16.156 P0.034 F1200
G1 X164.39 Y168.24 V0.023 U0.686 P0.034 F1200
G1 X164.39 Y151.76 V0.549 U16.156 P0.034 F1200
G1 X163.69 Y151.76 V0.023 U0.686 P0.034 F1200
G1 X163.69 Y168.24 V0.549 U16.156 P0.034 F1200
G1 X162.99 Y168.24 V0.023 U0.686 P0.034 F1200
G1 X162.99 Y151.76 V0.549 U16.156 P0.034 F1200
G1 X162.29 Y151.76 V0.023 U0.686 P0.034 F1200
G1 X162.29 Y168.24 V0.549 U16.156 P0.034 F1200
G1 X161.59 Y168.24 V0.023 U0.686 P0.034 F1200
G1 X161.59 Y151.76 V0.549 U16.156 P0.034 F1200
G1 X160.89 Y151.76 V0.023 U0.686 P0.034 F1200
G1 X160.89 Y168.24 V0.549 U16.156 P0.034 F1200
G1 X160.19 Y168.24 V0.023 U0.686 P0.034 F1200
G1 X160.19 Y151.76 V0.549 U16.156 P0.034 F1200
G1 X159.49 Y151.76 V0.023 U0.686 P0.034 F1200
G1 X159.49 Y168.24 V0.549 U16.156 P0.034 F1200
G1 X158.79 Y168.24 V0.023 U0.686 P0.034 F1200
G1 X158.79 Y151.76 V0.549 U16.156 P0.034 F1200
G1 X158.09 Y151.76 V0.023 U0.686 P0.034 F1200
G1 X158.09 Y168.24 V0.549 U16.156 P0.034 F1200
G1 X157.39 Y168.24 V0.023 U0.686 P0.034 F1200
G1 X157.39 Y151.76 V0.549 U16.156 P0.034 F1200
G1 X156.69 Y151.76 V0.023 U0.686 P0.034 F1200
G1 X156.69 Y168.24 V0.549 U16.156 P0.034 F1200
G1 X155.99 Y168.24 V0.023 U0.686 P0.034 F1200
G1 X155.99 Y151.76 V0.549 U16.156 P0.034 F1200
G1 X155.29 Y151.76 V0.023 U0.686 P0.034 F1200
G1 X155.29 Y168.24 V0.549 U16.156 P0.034 F1200
G1 X154.59 Y168.24 V0.023 U0.686 P0.034 F1200
G1 X154.59 Y151.76 V0.549 U16.156 P0.034 F1200
G1 X153.89 Y151.76 V0.023 U0.686 P0.034 F1200
G1 X153.89 Y165.00 V0.441 U12.979 P0.034 F1200
; Start to cut
M2800
M400
;CUT DISTANCE 54.8
G1 X153.89 Y168.24 V0.108 F1200
G1 X153.19 Y168.24 V0.023 F1200
G1 X153.19 Y151.76 V0.549 F1200
G1 X152.49 Y151.76 V0.023 F1200
G1 X152.49 Y168.24 V0.549 F1200
G1 X151.79 Y168.24 V0.023 F1200
G1 X151.79 Y151.76 V0.549 F1200
; Cutting completed.
G1 F600 V-1.000 ; Retract
G1 F1200 Z5.20
M1002
M400
G1 F600 V-4.000 ; Toolchange matrix retract
M104 S180 T0 ; standby
M104 S250 T1 ; pre-charge
M109 S250 T1
MOVE_TO_BRUSH_STATION
CLEAN_NOZZLE
MOVE_OUT_BRUSH_STATION
M106 P2 S0 ; fibre-side cooling, fan4
M106 P1 S127 ; part-cooling, fan3
T1 ; switch extruder type to:PLASTIC
G1 Z4.6 F7200
G1 E10 F1800
M106 S125
;LAYER_CHANGE
;Z:4.8
;HEIGHT:0.2
;_SET_FAN_SPEED_CHANGING_LAYER
SET_VELOCITY_LIMIT ACCEL=1000 ACCEL_TO_DECEL=500
G1 E-.8 F1800
G1 X157.308 Y156.557 Z5.2 F7200
G1 X169.346 Y169.346 Z5.2 F7200
G1 Z4.8 F7200
G1 E.8 F1800
;TYPE:Inner wall
;WIDTH:0.449999
G1 F3600
G1 X150.654 Y169.346 E.6327
G1 X150.654 Y150.654 E.6327
G1 X169.346 Y150.654 E.6327
G1 X169.346 Y169.306 E.63135
SET_VELOCITY_LIMIT ACCEL=500 ACCEL_TO_DECEL=250
G1 X169.775 Y169.775 F7200
;TYPE:Outer wall
G1 F3600
G1 X150.225 Y169.775 E.66174
G1 X150.225 Y150.225 E.66174
G1 X169.775 Y150.225 E.66174
G1 X169.775 Y169.735 E.66039
SET_VELOCITY_LIMIT ACCEL=1000 ACCEL_TO_DECEL=500
G1 E-.8 F1800
G1 X167.906 Y169 Z5.2 F7200
G1 Z4.8 F7200
G1 E.8 F1800
SET_VELOCITY_LIMIT ACCEL=500 ACCEL_TO_DECEL=250
;TYPE:Sparse infill
;WIDTH:0.45
G1 F6000
G1 X166.277 Y169 E.05512
G1 X166.36 Y168.549 E.01553
G1 X165.44 Y167.629 E.04404
G1 X163.886 Y167.915 E.05349
G1 X162.966 Y166.995 E.04404
G1 X163.251 Y165.44 E.05349
G1 X162.332 Y164.52 E.04404
G1 X160.777 Y164.806 E.05349
G1 X159.857 Y163.886 E.04404
G1 X160.143 Y162.332 E.05349
G1 X159.223 Y161.412 E.04404
G1 X157.668 Y161.697 E.05349
G1 X156.749 Y160.777 E.04404
G1 X157.034 Y159.223 E.05349
G1 X156.114 Y158.303 E.04404
G1 X154.56 Y158.588 E.05349
G1 X153.64 Y157.668 E.04404
G1 X153.925 Y156.114 E.05349
G1 X153.005 Y155.194 E.04404
G1 X151.451 Y155.48 E.05349
G1 X151 Y155.028 E.02161
G1 X151 Y158.137 E.10523
G1 X151.451 Y158.588 E.02161
G1 X153.005 Y158.303 E.05349
G1 X153.925 Y159.223 E.04404
G1 X153.64 Y160.777 E.05349
G1 X154.56 Y161.697 E.04404
G1 X156.114 Y161.412 E.05349
G1 X157.034 Y162.332 E.04404
G1 X156.749 Y163.886 E.05349
G1 X157.668 Y164.806 E.04404
G1 X159.223 Y164.52 E.05349
G1 X160.143 Y165.44 E.04404
G1 X159.857 Y166.995 E.05349
G1 X160.777 Y167.915 E.04404
G1 X162.332 Y167.629 E.05349
G1 X163.251 Y168.549 E.04404
G1 X163.169 Y169 E.01553
G1 X160.06 Y169 E.10523
G1 X160.143 Y168.549 E.01553
G1 X159.223 Y167.629 E.04404
G1 X157.668 Y167.915 E.05349
G1 X156.749 Y166.995 E.04404
G1 X157.034 Y165.44 E.05349
G1 X156.114 Y164.52 E.04404
G1 X154.56 Y164.806 E.05349
G1 X153.64 Y163.886 E.04404
G1 X153.925 Y162.332 E.05349
G1 X153.005 Y161.412 E.04404
G1 X151.451 Y161.697 E.05349
G1 X151 Y161.246 E.02161
G1 X151 Y164.355 E.10523
G1 X151.451 Y164.806 E.02161
G1 X153.005 Y164.52 E.05349
G1 X153.925 Y165.44 E.04404
G1 X153.64 Y166.995 E.05349
G1 X154.56 Y167.915 E.04404
G1 X156.114 Y167.629 E.05349
G1 X157.034 Y168.549 E.04404
G1 X156.951 Y169 E.01553
G1 X153.842 Y169 E.10523
G1 X153.925 Y168.549 E.01553
G1 X153.005 Y167.629 E.04404
G1 X151.451 Y167.915 E.05349
G1 X151 Y167.463 E.02161
G1 X151 Y169 E.05203
G1 X151.091 Y169 E.00309
SET_VELOCITY_LIMIT ACCEL=1000 ACCEL_TO_DECEL=500
G1 E-.8 F1800
G1 X151.352 Y161.372 Z5.2 F7200
G1 X151.708 Y151 Z5.2 F7200
G1 Z4.8 F7200
G1 E.8 F1800
SET_VELOCITY_LIMIT ACCEL=500 ACCEL_TO_DECEL=250
G1 F6000
G1 X151 Y151 E.02398
G1 X151 Y151.919 E.03114
G1 X151.451 Y152.371 E.02161
G1 X153.005 Y152.085 E.05349
G1 X153.925 Y153.005 E.04404
G1 X153.64 Y154.56 E.05349
G1 X154.56 Y155.48 E.04404
G1 X156.114 Y155.194 E.05349
G1 X157.034 Y156.114 E.04404
G1 X156.749 Y157.668 E.05349
G1 X157.668 Y158.588 E.04404
G1 X159.223 Y158.303 E.05349
G1 X160.143 Y159.223 E.04404
G1 X159.857 Y160.777 E.05349
G1 X160.777 Y161.697 E.04404
G1 X162.332 Y161.412 E.05349
G1 X163.251 Y162.332 E.04404
G1 X162.966 Y163.886 E.05349
G1 X163.886 Y164.806 E.04404
G1 X165.44 Y164.52 E.05349
G1 X166.36 Y165.44 E.04404
G1 X166.075 Y166.995 E.05349
G1 X166.995 Y167.915 E.04404
G1 X168.549 Y167.629 E.05349
G1 X169 Y168.081 E.02161
G1 X169 Y164.972 E.10523
G1 X168.549 Y164.52 E.02161
G1 X166.995 Y164.806 E.05349
G1 X166.075 Y163.886 E.04404
G1 X166.36 Y162.332 E.05349
G1 X165.44 Y161.412 E.04404
G1 X163.886 Y161.697 E.05349
G1 X162.966 Y160.777 E.04404
G1 X163.251 Y159.223 E.05349
G1 X162.332 Y158.303 E.04404
G1 X160.777 Y158.588 E.05349
G1 X159.857 Y157.668 E.04404
G1 X160.143 Y156.114 E.05349
G1 X159.223 Y155.194 E.04404
G1 X157.668 Y155.48 E.05349
G1 X156.749 Y154.56 E.04404
G1 X157.034 Y153.005 E.05349
G1 X156.114 Y152.085 E.04404
G1 X154.56 Y152.371 E.05349
G1 X153.64 Y151.451 E.04404
G1 X153.723 Y151 E.01553
G1 X155.351 Y151 E.05512
SET_VELOCITY_LIMIT ACCEL=1000 ACCEL_TO_DECEL=500
G1 E-.8 F1800
G1 X162.983 Y151 Z5.2 F7200
G1 X168.909 Y151 Z5.2 F7200
G1 Z4.8 F7200
G1 E.8 F1800
SET_VELOCITY_LIMIT ACCEL=500 ACCEL_TO_DECEL=250
G1 F6000
G1 X169 Y151 E.00309
G1 X169 Y152.537 E.05203
G1 X168.549 Y152.085 E.02161
G1 X166.995 Y152.371 E.05349
G1 X166.075 Y151.451 E.04404
G1 X166.158 Y151 E.01553
G1 X163.049 Y151 E.10523
G1 X162.966 Y151.451 E.01553
G1 X163.886 Y152.371 E.04404
G1 X165.44 Y152.085 E.05349
G1 X166.36 Y153.005 E.04404
G1 X166.075 Y154.56 E.05349
G1 X166.995 Y155.48 E.04404
G1 X168.549 Y155.194 E.05349
G1 X169 Y155.645 E.02161
G1 X169 Y158.754 E.10523
G1 X168.549 Y158.303 E.02161
G1 X166.995 Y158.588 E.05349
G1 X166.075 Y157.668 E.04404
G1 X166.36 Y156.114 E.05349
G1 X165.44 Y155.194 E.04404
G1 X163.886 Y155.48 E.05349
G1 X162.966 Y154.56 E.04404
G1 X163.251 Y153.005 E.05349
G1 X162.332 Y152.085 E.04404
G1 X160.777 Y152.371 E.05349
M73 P23 R46
G1 X159.857 Y151.451 E.04404
G1 X159.94 Y151 E.01553
G1 X156.831 Y151 E.10523
G1 X156.749 Y151.451 E.01553
G1 X157.668 Y152.371 E.04404
G1 X159.223 Y152.085 E.05349
G1 X160.143 Y153.005 E.04404
G1 X159.857 Y154.56 E.05349
G1 X160.777 Y155.48 E.04404
G1 X162.332 Y155.194 E.05349
G1 X163.251 Y156.114 E.04404
G1 X162.966 Y157.668 E.05349
G1 X163.886 Y158.588 E.04404
G1 X165.44 Y158.303 E.05349
G1 X166.36 Y159.223 E.04404
G1 X166.075 Y160.777 E.05349
G1 X166.995 Y161.697 E.04404
G1 X168.549 Y161.412 E.05349
G1 X169 Y161.863 E.02161
G1 X169 Y163.491 E.05512
M400
G1 E-10 F1800
G1 Z5.2 F7200
M104 S150 T1 ; standby
M104 S270 T0 ; pre-charge
M109 S270 T0
MOVE_TO_BRUSH_STATION
CLEAN_NOZZLE
MOVE_OUT_BRUSH_STATION
M106 P2 S130 ; fibre-side cooling, fan4
M106 P1 S0 ; part-cooling, fan3
T0 ; switch extruder type to:FIBER
; LAYER:24 [4.80]
M1001 L71
G1 F1200 Z6.00
G1 X151.11 Y151.11 F1200
G1 F1200 U55.000 ; Extrude restart
G1 F1200 Z4.80
G1 F600 V1.000 ; Recover matrix retract
G1 F600 V3.000 ; Matrix prime
G1 X167.45 Y151.11 V0.545 U16.017 P0.034 F1200
; Start to cut
M2800
M400
;CUT DISTANCE 54.8
G1 X168.89 Y151.11 V0.048 F1200
M73 P24 R46
G1 X168.89 Y168.89 V0.593 F1200
G1 X151.11 Y168.89 V0.593 F1200
G1 X151.11 Y151.11 V0.593 F1200
; Cutting completed.
G1 F600 V-1.000 ; Retract
G1 F1200 Z5.40
M1002
M1001 L404
G1 F1200 Z6.00
G1 X151.76 Y152.11 F1200
G1 F1200 U55.000 ; Extrude restart
G1 F1200 Z4.80
G1 F600 V1.000 ; Recover matrix retract
G1 F600 V3.000 ; Matrix prime
G1 X168.24 Y152.11 V0.549 U16.156 P0.034 F1200
G1 X168.24 Y152.81 V0.023 U0.686 P0.034 F1200
G1 X151.76 Y152.81 V0.549 U16.156 P0.034 F1200
G1 X151.76 Y153.51 V0.023 U0.686 P0.034 F1200
G1 X168.24 Y153.51 V0.549 U16.156 P0.034 F1200
G1 X168.24 Y154.21 V0.023 U0.686 P0.034 F1200
G1 X151.76 Y154.21 V0.549 U16.156 P0.034 F1200
G1 X151.76 Y154.91 V0.023 U0.686 P0.034 F1200
G1 X168.24 Y154.91 V0.549 U16.156 P0.034 F1200
G1 X168.24 Y155.61 V0.023 U0.686 P0.034 F1200
G1 X151.76 Y155.61 V0.549 U16.156 P0.034 F1200
G1 X151.76 Y156.31 V0.023 U0.686 P0.034 F1200
G1 X168.24 Y156.31 V0.549 U16.156 P0.034 F1200
G1 X168.24 Y157.01 V0.023 U0.686 P0.034 F1200
G1 X151.76 Y157.01 V0.549 U16.156 P0.034 F1200
G1 X151.76 Y157.71 V0.023 U0.686 P0.034 F1200
G1 X168.24 Y157.71 V0.549 U16.156 P0.034 F1200
G1 X168.24 Y158.41 V0.023 U0.686 P0.034 F1200
G1 X151.76 Y158.41 V0.549 U16.156 P0.034 F1200
G1 X151.76 Y159.11 V0.023 U0.686 P0.034 F1200
G1 X168.24 Y159.11 V0.549 U16.156 P0.034 F1200
G1 X168.24 Y159.81 V0.023 U0.686 P0.034 F1200
G1 X151.76 Y159.81 V0.549 U16.156 P0.034 F1200
G1 X151.76 Y160.51 V0.023 U0.686 P0.034 F1200
G1 X168.24 Y160.51 V0.549 U16.156 P0.034 F1200
G1 X168.24 Y161.21 V0.023 U0.686 P0.034 F1200
G1 X151.76 Y161.21 V0.549 U16.156 P0.034 F1200
G1 X151.76 Y161.91 V0.023 U0.686 P0.034 F1200
G1 X168.24 Y161.91 V0.549 U16.156 P0.034 F1200
G1 X168.24 Y162.61 V0.023 U0.686 P0.034 F1200
G1 X151.76 Y162.61 V0.549 U16.156 P0.034 F1200
G1 X151.76 Y163.31 V0.023 U0.686 P0.034 F1200
G1 X168.24 Y163.31 V0.549 U16.156 P0.034 F1200
G1 X168.24 Y164.01 V0.023 U0.686 P0.034 F1200
G1 X151.76 Y164.01 V0.549 U16.156 P0.034 F1200
G1 X151.76 Y164.71 V0.023 U0.686 P0.034 F1200
G1 X168.24 Y164.71 V0.549 U16.156 P0.034 F1200
G1 X168.24 Y165.41 V0.023 U0.686 P0.034 F1200
G1 X151.76 Y165.41 V0.549 U16.156 P0.034 F1200
G1 X151.76 Y166.11 V0.023 U0.686 P0.034 F1200
G1 X165.00 Y166.11 V0.441 U12.979 P0.034 F1200
; Start to cut
M2800
M400
;CUT DISTANCE 54.8
G1 X168.24 Y166.11 V0.108 F1200
G1 X168.24 Y166.81 V0.023 F1200
G1 X151.76 Y166.81 V0.549 F1200
G1 X151.76 Y167.51 V0.023 F1200
G1 X168.24 Y167.51 V0.549 F1200
G1 X168.24 Y168.21 V0.023 F1200
G1 X151.76 Y168.21 V0.549 F1200
; Cutting completed.
G1 F600 V-1.000 ; Retract
G1 F1200 Z5.40
M1002
M400
G1 F600 V-4.000 ; Toolchange matrix retract
M104 S180 T0 ; standby
M104 S250 T1 ; pre-charge
M109 S250 T1
MOVE_TO_BRUSH_STATION
CLEAN_NOZZLE
MOVE_OUT_BRUSH_STATION
M106 P2 S0 ; fibre-side cooling, fan4
M106 P1 S130 ; part-cooling, fan3
T1 ; switch extruder type to:PLASTIC
G1 Z4.8 F7200
G1 E10 F1800
M106 S127
;LAYER_CHANGE
;Z:5
;HEIGHT:0.2
;_SET_FAN_SPEED_CHANGING_LAYER
SET_VELOCITY_LIMIT ACCEL=1000 ACCEL_TO_DECEL=500
G1 E-.8 F1800
G1 X169.346 Y169.346 Z5.4 F7200
G1 Z5 F7200
G1 E.8 F1800
;TYPE:Inner wall
;WIDTH:0.449999
G1 F3600
G1 X150.654 Y169.346 E.6327
G1 X150.654 Y150.654 E.6327
G1 X169.346 Y150.654 E.6327
G1 X169.346 Y169.306 E.63135
SET_VELOCITY_LIMIT ACCEL=500 ACCEL_TO_DECEL=250
G1 X169.775 Y169.775 F7200
;TYPE:Outer wall
G1 F3600
G1 X150.225 Y169.775 E.66174
G1 X150.225 Y150.225 E.66174
G1 X169.775 Y150.225 E.66174
G1 X169.775 Y169.735 E.66039
SET_VELOCITY_LIMIT ACCEL=1000 ACCEL_TO_DECEL=500
G1 E-.8 F1800
G1 X162.149 Y169.419 Z5.4 F7200
G1 X152.066 Y169 Z5.4 F7200
G1 Z5 F7200
G1 E.8 F1800
SET_VELOCITY_LIMIT ACCEL=500 ACCEL_TO_DECEL=250
;TYPE:Sparse infill
;WIDTH:0.45
G1 F6000
G1 X153.694 Y169 E.05512
G1 X153.572 Y168.549 E.01583
G1 X153.005 Y167.983 E.02711
G1 X151.451 Y167.561 E.05452
G1 X151 Y167.11 E.02161
G1 X151 Y164.001 E.10523
G1 X151.451 Y164.452 E.02161
G1 X153.005 Y164.874 E.05452
G1 X153.572 Y165.44 E.02711
G1 X153.993 Y166.995 E.05452
G1 X154.56 Y167.561 E.02711
G1 X156.114 Y167.983 E.05452
G1 X156.68 Y168.549 E.02711
G1 X156.803 Y169 E.01583
G1 X159.912 Y169 E.10523
G1 X159.789 Y168.549 E.01583
G1 X159.223 Y167.983 E.02711
G1 X157.668 Y167.561 E.05452
G1 X157.102 Y166.995 E.02711
G1 X156.68 Y165.44 E.05452
G1 X156.114 Y164.874 E.02711
G1 X154.56 Y164.452 E.05452
G1 X153.993 Y163.886 E.02711
G1 X153.572 Y162.332 E.05452
G1 X153.005 Y161.765 E.02711
G1 X151.451 Y161.344 E.05452
G1 X151 Y160.892 E.02161
G1 X151 Y157.783 E.10523
G1 X151.451 Y158.235 E.02161
G1 X153.005 Y158.656 E.05452
G1 X153.572 Y159.223 E.02711
G1 X153.993 Y160.777 E.05452
G1 X154.56 Y161.344 E.02711
G1 X156.114 Y161.765 E.05452
G1 X156.68 Y162.332 E.02711
G1 X157.102 Y163.886 E.05452
G1 X157.668 Y164.452 E.02711
G1 X159.223 Y164.874 E.05452
G1 X159.789 Y165.44 E.02711
G1 X160.211 Y166.995 E.05452
G1 X160.777 Y167.561 E.02711
G1 X162.332 Y167.983 E.05452
G1 X162.898 Y168.549 E.02711
G1 X163.02 Y169 E.01583
G1 X166.129 Y169 E.10523
G1 X166.007 Y168.549 E.01583
G1 X165.44 Y167.983 E.02711
G1 X163.886 Y167.561 E.05452
G1 X163.32 Y166.995 E.02711
G1 X162.898 Y165.44 E.05452
G1 X162.332 Y164.874 E.02711
G1 X160.777 Y164.452 E.05452
G1 X160.211 Y163.886 E.02711
G1 X159.789 Y162.332 E.05452
G1 X159.223 Y161.765 E.02711
G1 X157.668 Y161.344 E.05452
G1 X157.102 Y160.777 E.02711
G1 X156.68 Y159.223 E.05452
G1 X156.114 Y158.656 E.02711
G1 X154.56 Y158.235 E.05452
G1 X153.993 Y157.668 E.02711
G1 X153.572 Y156.114 E.05452
G1 X153.005 Y155.548 E.02711
G1 X151.451 Y155.126 E.05452
G1 X151 Y154.675 E.02161
G1 X151 Y151.566 E.10523
G1 X151.451 Y152.017 E.02161
G1 X153.005 Y152.439 E.05452
G1 X153.572 Y153.005 E.02711
G1 X153.993 Y154.56 E.05452
G1 X154.56 Y155.126 E.02711
G1 X156.114 Y155.548 E.05452
G1 X156.68 Y156.114 E.02711
G1 X157.102 Y157.668 E.05452
G1 X157.668 Y158.235 E.02711
G1 X159.223 Y158.656 E.05452
G1 X159.789 Y159.223 E.02711
G1 X160.211 Y160.777 E.05452
G1 X160.777 Y161.344 E.02711
G1 X162.332 Y161.765 E.05452
G1 X162.898 Y162.332 E.02711
G1 X163.32 Y163.886 E.05452
G1 X163.886 Y164.452 E.02711
G1 X165.44 Y164.874 E.05452
G1 X166.007 Y165.44 E.02711
G1 X166.428 Y166.995 E.05452
G1 X166.995 Y167.561 E.02711
G1 X168.549 Y167.983 E.05452
G1 X169 Y168.434 E.02161
G1 X169 Y165.325 E.10523
G1 X168.549 Y164.874 E.02161
G1 X166.995 Y164.452 E.05452
G1 X166.428 Y163.886 E.02711
G1 X166.007 Y162.332 E.05452
G1 X165.44 Y161.765 E.02711
G1 X163.886 Y161.344 E.05452
G1 X163.32 Y160.777 E.02711
G1 X162.898 Y159.223 E.05452
G1 X162.332 Y158.656 E.02711
G1 X160.777 Y158.235 E.05452
G1 X160.211 Y157.668 E.02711
G1 X159.789 Y156.114 E.05452
G1 X159.223 Y155.548 E.02711
G1 X157.668 Y155.126 E.05452
G1 X157.102 Y154.56 E.02711
G1 X156.68 Y153.005 E.05452
G1 X156.114 Y152.439 E.02711
G1 X154.56 Y152.017 E.05452
G1 X153.993 Y151.451 E.02711
G1 X153.871 Y151 E.01583
G1 X156.98 Y151 E.10523
G1 X157.102 Y151.451 E.01583
G1 X157.668 Y152.017 E.02711
G1 X159.223 Y152.439 E.05452
G1 X159.789 Y153.005 E.02711
G1 X160.211 Y154.56 E.05452
G1 X160.777 Y155.126 E.02711
G1 X162.332 Y155.548 E.05452
G1 X162.898 Y156.114 E.02711
G1 X163.32 Y157.668 E.05452
G1 X163.886 Y158.235 E.02711
G1 X165.44 Y158.656 E.05452
G1 X166.007 Y159.223 E.02711
G1 X166.428 Y160.777 E.05452
G1 X166.995 Y161.344 E.02711
G1 X168.549 Y161.765 E.05452
G1 X169 Y162.217 E.02161
G1 X169 Y159.108 E.10523
G1 X168.549 Y158.656 E.02161
G1 X166.995 Y158.235 E.05452
G1 X166.428 Y157.668 E.02711
G1 X166.007 Y156.114 E.05452
G1 X165.44 Y155.548 E.02711
G1 X163.886 Y155.126 E.05452
G1 X163.32 Y154.56 E.02711
G1 X162.898 Y153.005 E.05452
G1 X162.332 Y152.439 E.02711
G1 X160.777 Y152.017 E.05452
G1 X160.211 Y151.451 E.02711
G1 X160.088 Y151 E.01583
G1 X163.197 Y151 E.10523
G1 X163.32 Y151.451 E.01583
G1 X163.886 Y152.017 E.02711
G1 X165.44 Y152.439 E.05452
G1 X166.007 Y153.005 E.02711
G1 X166.428 Y154.56 E.05452
G1 X166.995 Y155.126 E.02711
G1 X168.549 Y155.548 E.05452
G1 X169 Y155.999 E.02161
G1 X169 Y152.89 E.10523
G1 X168.549 Y152.439 E.02161
G1 X166.995 Y152.017 E.05452
G1 X166.428 Y151.451 E.02711
G1 X166.306 Y151 E.01583
G1 X167.934 Y151 E.05512
M400
G1 E-10 F1800
G1 Z5.4 F7200
M104 S150 T1 ; standby
M104 S270 T0 ; pre-charge
M109 S270 T0
MOVE_TO_BRUSH_STATION
CLEAN_NOZZLE
MOVE_OUT_BRUSH_STATION
M106 P2 S124 ; fibre-side cooling, fan4
M106 P1 S0 ; part-cooling, fan3
T0 ; switch extruder type to:FIBER
; LAYER:25 [5.00]
M1001 L71
G1 F1200 Z6.20
G1 X151.11 Y151.11 F1200
G1 F1200 U55.000 ; Extrude restart
G1 F1200 Z5.00
G1 F600 V1.000 ; Recover matrix retract
G1 F600 V3.000 ; Matrix prime
G1 X167.45 Y151.11 V0.545 U16.017 P0.034 F1200
; Start to cut
M2800
M400
;CUT DISTANCE 54.8
G1 X168.89 Y151.11 V0.048 F1200
M73 P25 R46
G1 X168.89 Y168.89 V0.593 F1200
G1 X151.11 Y168.89 V0.593 F1200
G1 X151.11 Y151.11 V0.593 F1200
; Cutting completed.
G1 F600 V-1.000 ; Retract
G1 F1200 Z5.60
M1002
M1001 L404
G1 F1200 Z6.20
G1 X151.76 Y152.11 F1200
G1 F1200 U55.000 ; Extrude restart
G1 F1200 Z5.00
G1 F600 V1.000 ; Recover matrix retract
G1 F600 V3.000 ; Matrix prime
G1 X168.24 Y152.11 V0.549 U16.156 P0.034 F1200
G1 X168.24 Y152.81 V0.023 U0.686 P0.034 F1200
G1 X151.76 Y152.81 V0.549 U16.156 P0.034 F1200
G1 X151.76 Y153.51 V0.023 U0.686 P0.034 F1200
G1 X168.24 Y153.51 V0.549 U16.156 P0.034 F1200
G1 X168.24 Y154.21 V0.023 U0.686 P0.034 F1200
G1 X151.76 Y154.21 V0.549 U16.156 P0.034 F1200
G1 X151.76 Y154.91 V0.023 U0.686 P0.034 F1200
G1 X168.24 Y154.91 V0.549 U16.156 P0.034 F1200
G1 X168.24 Y155.61 V0.023 U0.686 P0.034 F1200
G1 X151.76 Y155.61 V0.549 U16.156 P0.034 F1200
G1 X151.76 Y156.31 V0.023 U0.686 P0.034 F1200
G1 X168.24 Y156.31 V0.549 U16.156 P0.034 F1200
G1 X168.24 Y157.01 V0.023 U0.686 P0.034 F1200
G1 X151.76 Y157.01 V0.549 U16.156 P0.034 F1200
G1 X151.76 Y157.71 V0.023 U0.686 P0.034 F1200
G1 X168.24 Y157.71 V0.549 U16.156 P0.034 F1200
G1 X168.24 Y158.41 V0.023 U0.686 P0.034 F1200
G1 X151.76 Y158.41 V0.549 U16.156 P0.034 F1200
G1 X151.76 Y159.11 V0.023 U0.686 P0.034 F1200
G1 X168.24 Y159.11 V0.549 U16.156 P0.034 F1200
G1 X168.24 Y159.81 V0.023 U0.686 P0.034 F1200
G1 X151.76 Y159.81 V0.549 U16.156 P0.034 F1200
G1 X151.76 Y160.51 V0.023 U0.686 P0.034 F1200
G1 X168.24 Y160.51 V0.549 U16.156 P0.034 F1200
G1 X168.24 Y161.21 V0.023 U0.686 P0.034 F1200
G1 X151.76 Y161.21 V0.549 U16.156 P0.034 F1200
G1 X151.76 Y161.91 V0.023 U0.686 P0.034 F1200
G1 X168.24 Y161.91 V0.549 U16.156 P0.034 F1200
G1 X168.24 Y162.61 V0.023 U0.686 P0.034 F1200
G1 X151.76 Y162.61 V0.549 U16.156 P0.034 F1200
G1 X151.76 Y163.31 V0.023 U0.686 P0.034 F1200
G1 X168.24 Y163.31 V0.549 U16.156 P0.034 F1200
G1 X168.24 Y164.01 V0.023 U0.686 P0.034 F1200
G1 X151.76 Y164.01 V0.549 U16.156 P0.034 F1200
G1 X151.76 Y164.71 V0.023 U0.686 P0.034 F1200
G1 X168.24 Y164.71 V0.549 U16.156 P0.034 F1200
G1 X168.24 Y165.41 V0.023 U0.686 P0.034 F1200
G1 X151.76 Y165.41 V0.549 U16.156 P0.034 F1200
G1 X151.76 Y166.11 V0.023 U0.686 P0.034 F1200
M73 P25 R45
G1 X165.00 Y166.11 V0.441 U12.979 P0.034 F1200
; Start to cut
M2800
M400
;CUT DISTANCE 54.8
G1 X168.24 Y166.11 V0.108 F1200
G1 X168.24 Y166.81 V0.023 F1200
G1 X151.76 Y166.81 V0.549 F1200
G1 X151.76 Y167.51 V0.023 F1200
G1 X168.24 Y167.51 V0.549 F1200
G1 X168.24 Y168.21 V0.023 F1200
G1 X151.76 Y168.21 V0.549 F1200
; Cutting completed.
G1 F600 V-1.000 ; Retract
G1 F1200 Z5.60
M1002
M400
G1 F600 V-4.000 ; Toolchange matrix retract
M104 S180 T0 ; standby
M104 S250 T1 ; pre-charge
M109 S250 T1
MOVE_TO_BRUSH_STATION
CLEAN_NOZZLE
MOVE_OUT_BRUSH_STATION
M106 P2 S0 ; fibre-side cooling, fan4
M106 P1 S124 ; part-cooling, fan3
T1 ; switch extruder type to:PLASTIC
G1 Z5 F7200
G1 E10 F1800
M106 S125
;LAYER_CHANGE
;Z:5.2
;HEIGHT:0.2
;_SET_FAN_SPEED_CHANGING_LAYER
SET_VELOCITY_LIMIT ACCEL=1000 ACCEL_TO_DECEL=500
G1 E-.8 F1800
G1 X168.52 Y158.61 Z5.6 F7200
G1 X169.346 Y169.346 Z5.6 F7200
G1 Z5.2 F7200
G1 E.8 F1800
;TYPE:Inner wall
;WIDTH:0.449999
G1 F3600
G1 X150.654 Y169.346 E.6327
G1 X150.654 Y150.654 E.6327
G1 X169.346 Y150.654 E.6327
G1 X169.346 Y169.306 E.63135
SET_VELOCITY_LIMIT ACCEL=500 ACCEL_TO_DECEL=250
G1 X169.775 Y169.775 F7200
;TYPE:Outer wall
G1 F3600
G1 X150.225 Y169.775 E.66174
G1 X150.225 Y150.225 E.66174
G1 X169.775 Y150.225 E.66174
G1 X169.775 Y169.735 E.66039
SET_VELOCITY_LIMIT ACCEL=1000 ACCEL_TO_DECEL=500
G1 E-.8 F1800
G1 X167.609 Y169 Z5.6 F7200
G1 Z5.2 F7200
G1 E.8 F1800
SET_VELOCITY_LIMIT ACCEL=500 ACCEL_TO_DECEL=250
;TYPE:Sparse infill
;WIDTH:0.45
G1 F6000
G1 X165.981 Y169 E.05512
G1 X165.653 Y168.549 E.01888
G1 X165.44 Y168.336 E.01019
G1 X163.886 Y167.208 E.06502
G1 X163.673 Y166.995 E.01019
G1 X162.544 Y165.44 E.06502
G1 X162.332 Y165.228 E.01019
G1 X160.777 Y164.099 E.06502
G1 X160.564 Y163.886 E.01019
G1 X159.436 Y162.332 E.06502
G1 X159.223 Y162.119 E.01019
G1 X157.668 Y160.99 E.06502
G1 X157.456 Y160.777 E.01019
G1 X156.327 Y159.223 E.06502
G1 X156.114 Y159.01 E.01019
G1 X154.56 Y157.881 E.06502
G1 X154.347 Y157.668 E.01019
G1 X153.218 Y156.114 E.06502
G1 X153.005 Y155.901 E.01019
G1 X151.451 Y154.772 E.06502
G1 X151.238 Y154.56 E.01019
G1 X151 Y154.231 E.01374
G1 X151 Y157.34 E.10523
G1 X151.238 Y157.668 E.01374
G1 X151.451 Y157.881 E.01019
G1 X153.005 Y159.01 E.06502
G1 X153.218 Y159.223 E.01019
G1 X154.347 Y160.777 E.06502
G1 X154.56 Y160.99 E.01019
G1 X156.114 Y162.119 E.06502
G1 X156.327 Y162.332 E.01019
G1 X157.456 Y163.886 E.06502
G1 X157.668 Y164.099 E.01019
G1 X159.223 Y165.228 E.06502
G1 X159.436 Y165.44 E.01019
G1 X160.564 Y166.995 E.06502
G1 X160.777 Y167.208 E.01019
G1 X162.332 Y168.336 E.06502
G1 X162.544 Y168.549 E.01019
G1 X162.872 Y169 E.01888
G1 X159.763 Y169 E.10523
G1 X159.436 Y168.549 E.01888
G1 X159.223 Y168.336 E.01019
G1 X157.668 Y167.208 E.06502
G1 X157.456 Y166.995 E.01019
G1 X156.327 Y165.44 E.06502
G1 X156.114 Y165.228 E.01019
G1 X154.56 Y164.099 E.06502
G1 X154.347 Y163.886 E.01019
G1 X153.218 Y162.332 E.06502
G1 X153.005 Y162.119 E.01019
G1 X151.451 Y160.99 E.06502
G1 X151.238 Y160.777 E.01019
G1 X151 Y160.449 E.01374
G1 X151 Y163.557 E.10523
G1 X151.238 Y163.886 E.01374
G1 X151.451 Y164.099 E.01019
G1 X153.005 Y165.228 E.06502
G1 X153.218 Y165.44 E.01019
G1 X154.347 Y166.995 E.06502
G1 X154.56 Y167.208 E.01019
G1 X156.114 Y168.336 E.06502
G1 X156.327 Y168.549 E.01019
G1 X156.655 Y169 E.01888
G1 X153.546 Y169 E.10523
G1 X153.218 Y168.549 E.01888
G1 X153.005 Y168.336 E.01019
G1 X151.451 Y167.208 E.06502
G1 X151.238 Y166.995 E.01019
G1 X151 Y166.666 E.01374
G1 X151 Y168.295 E.05512
SET_VELOCITY_LIMIT ACCEL=1000 ACCEL_TO_DECEL=500
G1 E-.8 F1800
G1 X151.661 Y160.691 Z5.6 F7200
G1 X152.505 Y151 Z5.6 F7200
G1 Z5.2 F7200
G1 E.8 F1800
SET_VELOCITY_LIMIT ACCEL=500 ACCEL_TO_DECEL=250
G1 F6000
G1 X151 Y151 E.05096
G1 X151 Y151.122 E.00416
G1 X151.238 Y151.451 E.01374
G1 X151.451 Y151.664 E.01019
G1 X153.005 Y152.792 E.06502
G1 X153.218 Y153.005 E.01019
G1 X154.347 Y154.56 E.06502
G1 X154.56 Y154.772 E.01019
G1 X156.114 Y155.901 E.06502
G1 X156.327 Y156.114 E.01019
G1 X157.456 Y157.668 E.06502
G1 X157.668 Y157.881 E.01019
G1 X159.223 Y159.01 E.06502
G1 X159.436 Y159.223 E.01019
G1 X160.564 Y160.777 E.06502
G1 X160.777 Y160.99 E.01019
G1 X162.332 Y162.119 E.06502
G1 X162.544 Y162.332 E.01019
G1 X163.673 Y163.886 E.06502
G1 X163.886 Y164.099 E.01019
G1 X165.44 Y165.228 E.06502
G1 X165.653 Y165.44 E.01019
G1 X166.782 Y166.995 E.06502
G1 X166.995 Y167.208 E.01019
G1 X168.549 Y168.336 E.06502
G1 X168.762 Y168.549 E.01019
G1 X169 Y168.878 E.01374
G1 X169 Y165.769 E.10523
G1 X168.762 Y165.44 E.01374
G1 X168.549 Y165.228 E.01019
G1 X166.995 Y164.099 E.06502
G1 X166.782 Y163.886 E.01019
G1 X165.653 Y162.332 E.06502
G1 X165.44 Y162.119 E.01019
G1 X163.886 Y160.99 E.06502
G1 X163.673 Y160.777 E.01019
G1 X162.544 Y159.223 E.06502
G1 X162.332 Y159.01 E.01019
G1 X160.777 Y157.881 E.06502
G1 X160.564 Y157.668 E.01019
G1 X159.436 Y156.114 E.06502
G1 X159.223 Y155.901 E.01019
G1 X157.668 Y154.772 E.06502
G1 X157.456 Y154.56 E.01019
G1 X156.327 Y153.005 E.06502
G1 X156.114 Y152.792 E.01019
G1 X154.56 Y151.664 E.06502
G1 X154.347 Y151.451 E.01019
G1 X154.019 Y151 E.01888
G1 X155.647 Y151 E.05512
SET_VELOCITY_LIMIT ACCEL=1000 ACCEL_TO_DECEL=500
G1 E-.8 F1800
G1 X163.269 Y151.402 Z5.6 F7200
G1 X169 Y151.705 Z5.6 F7200
G1 Z5.2 F7200
G1 E.8 F1800
SET_VELOCITY_LIMIT ACCEL=500 ACCEL_TO_DECEL=250
G1 F6000
G1 X169 Y153.334 E.05512
G1 X168.762 Y153.005 E.01374
G1 X168.549 Y152.792 E.01019
G1 X166.995 Y151.664 E.06502
G1 X166.782 Y151.451 E.01019
G1 X166.454 Y151 E.01888
G1 X163.345 Y151 E.10523
G1 X163.673 Y151.451 E.01888
G1 X163.886 Y151.664 E.01019
G1 X165.44 Y152.792 E.06502
G1 X165.653 Y153.005 E.01019
G1 X166.782 Y154.56 E.06502
G1 X166.995 Y154.772 E.01019
G1 X168.549 Y155.901 E.06502
G1 X168.762 Y156.114 E.01019
G1 X169 Y156.443 E.01374
G1 X169 Y159.551 E.10523
G1 X168.762 Y159.223 E.01374
G1 X168.549 Y159.01 E.01019
G1 X166.995 Y157.881 E.06502
G1 X166.782 Y157.668 E.01019
G1 X165.653 Y156.114 E.06502
G1 X165.44 Y155.901 E.01019
G1 X163.886 Y154.772 E.06502
G1 X163.673 Y154.56 E.01019
G1 X162.544 Y153.005 E.06502
G1 X162.332 Y152.792 E.01019
G1 X160.777 Y151.664 E.06502
G1 X160.564 Y151.451 E.01019
G1 X160.237 Y151 E.01888
G1 X157.128 Y151 E.10523
G1 X157.456 Y151.451 E.01888
G1 X157.668 Y151.664 E.01019
G1 X159.223 Y152.792 E.06502
G1 X159.436 Y153.005 E.01019
G1 X160.564 Y154.56 E.06502
G1 X160.777 Y154.772 E.01019
G1 X162.332 Y155.901 E.06502
G1 X162.544 Y156.114 E.01019
G1 X163.673 Y157.668 E.06502
G1 X163.886 Y157.881 E.01019
G1 X165.44 Y159.01 E.06502
G1 X165.653 Y159.223 E.01019
G1 X166.782 Y160.777 E.06502
G1 X166.995 Y160.99 E.01019
G1 X168.549 Y162.119 E.06502
G1 X168.762 Y162.332 E.01019
G1 X169 Y162.66 E.01374
G1 X169 Y164.288 E.05512
M400
G1 E-10 F1800
G1 Z5.6 F7200
M104 S150 T1 ; standby
M104 S270 T0 ; pre-charge
M109 S270 T0
MOVE_TO_BRUSH_STATION
CLEAN_NOZZLE
MOVE_OUT_BRUSH_STATION
M106 P2 S127 ; fibre-side cooling, fan4
M106 P1 S0 ; part-cooling, fan3
T0 ; switch extruder type to:FIBER
; LAYER:26 [5.20]
M1001 L71
G1 F1200 Z6.40
G1 X151.11 Y151.11 F1200
G1 F1200 U55.000 ; Extrude restart
G1 F1200 Z5.20
G1 F600 V1.000 ; Recover matrix retract
G1 F600 V3.000 ; Matrix prime
G1 X167.45 Y151.11 V0.545 U16.017 P0.034 F1200
; Start to cut
M2800
M400
;CUT DISTANCE 54.8
G1 X168.89 Y151.11 V0.048 F1200
M73 P26 R45
G1 X168.89 Y168.89 V0.593 F1200
G1 X151.11 Y168.89 V0.593 F1200
G1 X151.11 Y151.11 V0.593 F1200
; Cutting completed.
G1 F600 V-1.000 ; Retract
G1 F1200 Z5.80
M1002
M1001 L404
G1 F1200 Z6.40
G1 X167.89 Y151.76 F1200
G1 F1200 U55.000 ; Extrude restart
G1 F1200 Z5.20
G1 F600 V1.000 ; Recover matrix retract
G1 F600 V3.000 ; Matrix prime
G1 X167.89 Y168.24 V0.549 U16.156 P0.034 F1200
G1 X167.19 Y168.24 V0.023 U0.686 P0.034 F1200
G1 X167.19 Y151.76 V0.549 U16.156 P0.034 F1200
G1 X166.49 Y151.76 V0.023 U0.686 P0.034 F1200
G1 X166.49 Y168.24 V0.549 U16.156 P0.034 F1200
G1 X165.79 Y168.24 V0.023 U0.686 P0.034 F1200
G1 X165.79 Y151.76 V0.549 U16.156 P0.034 F1200
G1 X165.09 Y151.76 V0.023 U0.686 P0.034 F1200
G1 X165.09 Y168.24 V0.549 U16.156 P0.034 F1200
G1 X164.39 Y168.24 V0.023 U0.686 P0.034 F1200
G1 X164.39 Y151.76 V0.549 U16.156 P0.034 F1200
G1 X163.69 Y151.76 V0.023 U0.686 P0.034 F1200
G1 X163.69 Y168.24 V0.549 U16.156 P0.034 F1200
G1 X162.99 Y168.24 V0.023 U0.686 P0.034 F1200
G1 X162.99 Y151.76 V0.549 U16.156 P0.034 F1200
G1 X162.29 Y151.76 V0.023 U0.686 P0.034 F1200
G1 X162.29 Y168.24 V0.549 U16.156 P0.034 F1200
G1 X161.59 Y168.24 V0.023 U0.686 P0.034 F1200
G1 X161.59 Y151.76 V0.549 U16.156 P0.034 F1200
G1 X160.89 Y151.76 V0.023 U0.686 P0.034 F1200
G1 X160.89 Y168.24 V0.549 U16.156 P0.034 F1200
G1 X160.19 Y168.24 V0.023 U0.686 P0.034 F1200
G1 X160.19 Y151.76 V0.549 U16.156 P0.034 F1200
G1 X159.49 Y151.76 V0.023 U0.686 P0.034 F1200
G1 X159.49 Y168.24 V0.549 U16.156 P0.034 F1200
G1 X158.79 Y168.24 V0.023 U0.686 P0.034 F1200
G1 X158.79 Y151.76 V0.549 U16.156 P0.034 F1200
G1 X158.09 Y151.76 V0.023 U0.686 P0.034 F1200
G1 X158.09 Y168.24 V0.549 U16.156 P0.034 F1200
G1 X157.39 Y168.24 V0.023 U0.686 P0.034 F1200
G1 X157.39 Y151.76 V0.549 U16.156 P0.034 F1200
G1 X156.69 Y151.76 V0.023 U0.686 P0.034 F1200
G1 X156.69 Y168.24 V0.549 U16.156 P0.034 F1200
G1 X155.99 Y168.24 V0.023 U0.686 P0.034 F1200
G1 X155.99 Y151.76 V0.549 U16.156 P0.034 F1200
G1 X155.29 Y151.76 V0.023 U0.686 P0.034 F1200
G1 X155.29 Y168.24 V0.549 U16.156 P0.034 F1200
G1 X154.59 Y168.24 V0.023 U0.686 P0.034 F1200
G1 X154.59 Y151.76 V0.549 U16.156 P0.034 F1200
G1 X153.89 Y151.76 V0.023 U0.686 P0.034 F1200
G1 X153.89 Y165.00 V0.441 U12.979 P0.034 F1200
; Start to cut
M2800
M400
;CUT DISTANCE 54.8
G1 X153.89 Y168.24 V0.108 F1200
G1 X153.19 Y168.24 V0.023 F1200
G1 X153.19 Y151.76 V0.549 F1200
G1 X152.49 Y151.76 V0.023 F1200
G1 X152.49 Y168.24 V0.549 F1200
G1 X151.79 Y168.24 V0.023 F1200
G1 X151.79 Y151.76 V0.549 F1200
; Cutting completed.
G1 F600 V-1.000 ; Retract
G1 F1200 Z5.80
M1002
M400
G1 F600 V-4.000 ; Toolchange matrix retract
M104 S180 T0 ; standby
M104 S250 T1 ; pre-charge
M109 S250 T1
MOVE_TO_BRUSH_STATION
CLEAN_NOZZLE
MOVE_OUT_BRUSH_STATION
M106 P2 S0 ; fibre-side cooling, fan4
M106 P1 S127 ; part-cooling, fan3
T1 ; switch extruder type to:PLASTIC
G1 Z5.2 F7200
G1 E10 F1800
M106 S130
;LAYER_CHANGE
;Z:5.4
;HEIGHT:0.2
;_SET_FAN_SPEED_CHANGING_LAYER
SET_VELOCITY_LIMIT ACCEL=1000 ACCEL_TO_DECEL=500
G1 E-.8 F1800
G1 X169.346 Y169.346 Z5.8 F7200
G1 Z5.4 F7200
G1 E.8 F1800
;TYPE:Inner wall
;WIDTH:0.449999
G1 F3600
G1 X150.654 Y169.346 E.6327
G1 X150.654 Y150.654 E.6327
G1 X169.346 Y150.654 E.6327
G1 X169.346 Y169.306 E.63135
SET_VELOCITY_LIMIT ACCEL=500 ACCEL_TO_DECEL=250
G1 X169.775 Y169.775 F7200
;TYPE:Outer wall
G1 F3600
G1 X150.225 Y169.775 E.66174
G1 X150.225 Y150.225 E.66174
G1 X169.775 Y150.225 E.66174
G1 X169.775 Y169.735 E.66039
SET_VELOCITY_LIMIT ACCEL=1000 ACCEL_TO_DECEL=500
G1 E-.8 F1800
G1 X169.445 Y162.11 Z5.8 F7200
G1 X169 Y151.828 Z5.8 F7200
G1 Z5.4 F7200
G1 E.8 F1800
SET_VELOCITY_LIMIT ACCEL=500 ACCEL_TO_DECEL=250
;TYPE:Sparse infill
;WIDTH:0.45
G1 F6000
G1 X169 Y153.457 E.05512
G1 X166.543 Y151 E.11762
G1 X163.435 Y151 E.10523
G1 X169 Y156.565 E.26643
G1 X169 Y159.674 E.10523
G1 X160.326 Y151 E.41525
G1 X157.217 Y151 E.10523
G1 X169 Y162.783 E.56406
G1 X169 Y165.892 E.10523
G1 X154.108 Y151 E.71288
G1 X151 Y151 E.10523
G1 X169 Y169 E.86169
G1 X165.892 Y169 E.10523
G1 X151 Y154.108 E.71288
G1 X151 Y157.217 E.10523
G1 X162.783 Y169 E.56406
G1 X159.674 Y169 E.10523
G1 X151 Y160.326 E.41525
G1 X151 Y163.435 E.10523
G1 X156.565 Y169 E.26643
G1 X153.457 Y169 E.10523
G1 X151 Y166.543 E.11762
G1 X151 Y168.172 E.05512
M400
G1 E-10 F1800
G1 Z5.8 F7200
M104 S150 T1 ; standby
M104 S270 T0 ; pre-charge
M109 S270 T0
MOVE_TO_BRUSH_STATION
CLEAN_NOZZLE
MOVE_OUT_BRUSH_STATION
M106 P2 S124 ; fibre-side cooling, fan4
M106 P1 S0 ; part-cooling, fan3
T0 ; switch extruder type to:FIBER
; LAYER:27 [5.40]
M1001 L71
G1 F1200 Z6.60
G1 X151.11 Y151.11 F1200
G1 F1200 U55.000 ; Extrude restart
G1 F1200 Z5.40
G1 F600 V1.000 ; Recover matrix retract
G1 F600 V3.000 ; Matrix prime
G1 X167.45 Y151.11 V0.545 U16.017 P0.034 F1200
; Start to cut
M2800
M400
;CUT DISTANCE 54.8
G1 X168.89 Y151.11 V0.048 F1200
G1 X168.89 Y168.89 V0.593 F1200
G1 X151.11 Y168.89 V0.593 F1200
M73 P27 R45
G1 X151.11 Y151.11 V0.593 F1200
; Cutting completed.
G1 F600 V-1.000 ; Retract
G1 F1200 Z6.00
M1002
M1001 L404
G1 F1200 Z6.60
G1 X151.76 Y152.11 F1200
G1 F1200 U55.000 ; Extrude restart
G1 F1200 Z5.40
G1 F600 V1.000 ; Recover matrix retract
G1 F600 V3.000 ; Matrix prime
G1 X168.24 Y152.11 V0.549 U16.156 P0.034 F1200
G1 X168.24 Y152.81 V0.023 U0.686 P0.034 F1200
G1 X151.76 Y152.81 V0.549 U16.156 P0.034 F1200
G1 X151.76 Y153.51 V0.023 U0.686 P0.034 F1200
G1 X168.24 Y153.51 V0.549 U16.156 P0.034 F1200
G1 X168.24 Y154.21 V0.023 U0.686 P0.034 F1200
G1 X151.76 Y154.21 V0.549 U16.156 P0.034 F1200
G1 X151.76 Y154.91 V0.023 U0.686 P0.034 F1200
G1 X168.24 Y154.91 V0.549 U16.156 P0.034 F1200
G1 X168.24 Y155.61 V0.023 U0.686 P0.034 F1200
M73 P27 R44
G1 X151.76 Y155.61 V0.549 U16.156 P0.034 F1200
G1 X151.76 Y156.31 V0.023 U0.686 P0.034 F1200
G1 X168.24 Y156.31 V0.549 U16.156 P0.034 F1200
G1 X168.24 Y157.01 V0.023 U0.686 P0.034 F1200
G1 X151.76 Y157.01 V0.549 U16.156 P0.034 F1200
G1 X151.76 Y157.71 V0.023 U0.686 P0.034 F1200
G1 X168.24 Y157.71 V0.549 U16.156 P0.034 F1200
G1 X168.24 Y158.41 V0.023 U0.686 P0.034 F1200
G1 X151.76 Y158.41 V0.549 U16.156 P0.034 F1200
G1 X151.76 Y159.11 V0.023 U0.686 P0.034 F1200
G1 X168.24 Y159.11 V0.549 U16.156 P0.034 F1200
G1 X168.24 Y159.81 V0.023 U0.686 P0.034 F1200
G1 X151.76 Y159.81 V0.549 U16.156 P0.034 F1200
G1 X151.76 Y160.51 V0.023 U0.686 P0.034 F1200
G1 X168.24 Y160.51 V0.549 U16.156 P0.034 F1200
G1 X168.24 Y161.21 V0.023 U0.686 P0.034 F1200
G1 X151.76 Y161.21 V0.549 U16.156 P0.034 F1200
G1 X151.76 Y161.91 V0.023 U0.686 P0.034 F1200
G1 X168.24 Y161.91 V0.549 U16.156 P0.034 F1200
G1 X168.24 Y162.61 V0.023 U0.686 P0.034 F1200
G1 X151.76 Y162.61 V0.549 U16.156 P0.034 F1200
G1 X151.76 Y163.31 V0.023 U0.686 P0.034 F1200
G1 X168.24 Y163.31 V0.549 U16.156 P0.034 F1200
G1 X168.24 Y164.01 V0.023 U0.686 P0.034 F1200
G1 X151.76 Y164.01 V0.549 U16.156 P0.034 F1200
G1 X151.76 Y164.71 V0.023 U0.686 P0.034 F1200
G1 X168.24 Y164.71 V0.549 U16.156 P0.034 F1200
G1 X168.24 Y165.41 V0.023 U0.686 P0.034 F1200
G1 X151.76 Y165.41 V0.549 U16.156 P0.034 F1200
G1 X151.76 Y166.11 V0.023 U0.686 P0.034 F1200
G1 X165.00 Y166.11 V0.441 U12.979 P0.034 F1200
; Start to cut
M2800
M400
;CUT DISTANCE 54.8
G1 X168.24 Y166.11 V0.108 F1200
G1 X168.24 Y166.81 V0.023 F1200
G1 X151.76 Y166.81 V0.549 F1200
G1 X151.76 Y167.51 V0.023 F1200
G1 X168.24 Y167.51 V0.549 F1200
G1 X168.24 Y168.21 V0.023 F1200
G1 X151.76 Y168.21 V0.549 F1200
; Cutting completed.
G1 F600 V-1.000 ; Retract
G1 F1200 Z6.00
M1002
M400
G1 F600 V-4.000 ; Toolchange matrix retract
M104 S180 T0 ; standby
M104 S250 T1 ; pre-charge
M109 S250 T1
MOVE_TO_BRUSH_STATION
CLEAN_NOZZLE
MOVE_OUT_BRUSH_STATION
M106 P2 S0 ; fibre-side cooling, fan4
M106 P1 S124 ; part-cooling, fan3
T1 ; switch extruder type to:PLASTIC
G1 Z5.4 F7200
G1 E10 F1800
;LAYER_CHANGE
;Z:5.6
;HEIGHT:0.2
;_SET_FAN_SPEED_CHANGING_LAYER
SET_VELOCITY_LIMIT ACCEL=1000 ACCEL_TO_DECEL=500
G1 E-.8 F1800
G1 X158.616 Y168.659 Z6 F7200
G1 X169.346 Y169.346 Z6 F7200
G1 Z5.6 F7200
G1 E.8 F1800
;TYPE:Inner wall
;WIDTH:0.449999
G1 F3600
G1 X150.654 Y169.346 E.6327
G1 X150.654 Y150.654 E.6327
G1 X169.346 Y150.654 E.6327
G1 X169.346 Y169.306 E.63135
SET_VELOCITY_LIMIT ACCEL=500 ACCEL_TO_DECEL=250
G1 X169.775 Y169.775 F7200
;TYPE:Outer wall
G1 F3600
G1 X150.225 Y169.775 E.66174
G1 X150.225 Y150.225 E.66174
G1 X169.775 Y150.225 E.66174
G1 X169.775 Y169.735 E.66039
SET_VELOCITY_LIMIT ACCEL=1000 ACCEL_TO_DECEL=500
G1 E-.8 F1800
G1 X169.445 Y162.11 Z6 F7200
G1 X169 Y151.828 Z6 F7200
G1 Z5.6 F7200
G1 E.8 F1800
SET_VELOCITY_LIMIT ACCEL=500 ACCEL_TO_DECEL=250
;TYPE:Sparse infill
;WIDTH:0.45
G1 F6000
G1 X169 Y153.457 E.05512
G1 X166.543 Y151 E.11762
G1 X163.435 Y151 E.10523
G1 X169 Y156.565 E.26643
G1 X169 Y159.674 E.10523
G1 X160.326 Y151 E.41525
G1 X157.217 Y151 E.10523
G1 X169 Y162.783 E.56406
G1 X169 Y165.892 E.10523
G1 X154.108 Y151 E.71288
G1 X151 Y151 E.10523
G1 X169 Y169 E.86169
G1 X165.892 Y169 E.10523
G1 X151 Y154.108 E.71288
G1 X151 Y157.217 E.10523
G1 X162.783 Y169 E.56406
G1 X159.674 Y169 E.10523
G1 X151 Y160.326 E.41525
G1 X151 Y163.435 E.10523
G1 X156.565 Y169 E.26643
G1 X153.457 Y169 E.10523
G1 X151 Y166.543 E.11762
G1 X151 Y168.172 E.05512
M400
G1 E-10 F1800
G1 Z6 F7200
M104 S150 T1 ; standby
M104 S270 T0 ; pre-charge
M109 S270 T0
MOVE_TO_BRUSH_STATION
CLEAN_NOZZLE
MOVE_OUT_BRUSH_STATION
M106 P2 S130 ; fibre-side cooling, fan4
M106 P1 S0 ; part-cooling, fan3
T0 ; switch extruder type to:FIBER
; LAYER:28 [5.60]
M1001 L71
G1 F1200 Z6.80
G1 X151.11 Y151.11 F1200
G1 F1200 U55.000 ; Extrude restart
G1 F1200 Z5.60
G1 F600 V1.000 ; Recover matrix retract
G1 F600 V3.000 ; Matrix prime
G1 X167.45 Y151.11 V0.545 U16.017 P0.034 F1200
; Start to cut
M2800
M400
;CUT DISTANCE 54.8
G1 X168.89 Y151.11 V0.048 F1200
G1 X168.89 Y168.89 V0.593 F1200
G1 X151.11 Y168.89 V0.593 F1200
G1 X151.11 Y151.11 V0.593 F1200
; Cutting completed.
G1 F600 V-1.000 ; Retract
G1 F1200 Z6.20
M1002
M1001 L404
G1 F1200 Z6.80
G1 X151.76 Y152.11 F1200
G1 F1200 U55.000 ; Extrude restart
M73 P28 R44
G1 F1200 Z5.60
G1 F600 V1.000 ; Recover matrix retract
G1 F600 V3.000 ; Matrix prime
G1 X168.24 Y152.11 V0.549 U16.156 P0.034 F1200
G1 X168.24 Y152.81 V0.023 U0.686 P0.034 F1200
G1 X151.76 Y152.81 V0.549 U16.156 P0.034 F1200
G1 X151.76 Y153.51 V0.023 U0.686 P0.034 F1200
G1 X168.24 Y153.51 V0.549 U16.156 P0.034 F1200
G1 X168.24 Y154.21 V0.023 U0.686 P0.034 F1200
G1 X151.76 Y154.21 V0.549 U16.156 P0.034 F1200
G1 X151.76 Y154.91 V0.023 U0.686 P0.034 F1200
G1 X168.24 Y154.91 V0.549 U16.156 P0.034 F1200
G1 X168.24 Y155.61 V0.023 U0.686 P0.034 F1200
G1 X151.76 Y155.61 V0.549 U16.156 P0.034 F1200
G1 X151.76 Y156.31 V0.023 U0.686 P0.034 F1200
G1 X168.24 Y156.31 V0.549 U16.156 P0.034 F1200
G1 X168.24 Y157.01 V0.023 U0.686 P0.034 F1200
G1 X151.76 Y157.01 V0.549 U16.156 P0.034 F1200
G1 X151.76 Y157.71 V0.023 U0.686 P0.034 F1200
G1 X168.24 Y157.71 V0.549 U16.156 P0.034 F1200
G1 X168.24 Y158.41 V0.023 U0.686 P0.034 F1200
G1 X151.76 Y158.41 V0.549 U16.156 P0.034 F1200
G1 X151.76 Y159.11 V0.023 U0.686 P0.034 F1200
G1 X168.24 Y159.11 V0.549 U16.156 P0.034 F1200
G1 X168.24 Y159.81 V0.023 U0.686 P0.034 F1200
G1 X151.76 Y159.81 V0.549 U16.156 P0.034 F1200
G1 X151.76 Y160.51 V0.023 U0.686 P0.034 F1200
G1 X168.24 Y160.51 V0.549 U16.156 P0.034 F1200
G1 X168.24 Y161.21 V0.023 U0.686 P0.034 F1200
G1 X151.76 Y161.21 V0.549 U16.156 P0.034 F1200
G1 X151.76 Y161.91 V0.023 U0.686 P0.034 F1200
G1 X168.24 Y161.91 V0.549 U16.156 P0.034 F1200
G1 X168.24 Y162.61 V0.023 U0.686 P0.034 F1200
G1 X151.76 Y162.61 V0.549 U16.156 P0.034 F1200
G1 X151.76 Y163.31 V0.023 U0.686 P0.034 F1200
G1 X168.24 Y163.31 V0.549 U16.156 P0.034 F1200
G1 X168.24 Y164.01 V0.023 U0.686 P0.034 F1200
G1 X151.76 Y164.01 V0.549 U16.156 P0.034 F1200
G1 X151.76 Y164.71 V0.023 U0.686 P0.034 F1200
G1 X168.24 Y164.71 V0.549 U16.156 P0.034 F1200
G1 X168.24 Y165.41 V0.023 U0.686 P0.034 F1200
G1 X151.76 Y165.41 V0.549 U16.156 P0.034 F1200
G1 X151.76 Y166.11 V0.023 U0.686 P0.034 F1200
G1 X165.00 Y166.11 V0.441 U12.979 P0.034 F1200
; Start to cut
M2800
M400
;CUT DISTANCE 54.8
G1 X168.24 Y166.11 V0.108 F1200
G1 X168.24 Y166.81 V0.023 F1200
G1 X151.76 Y166.81 V0.549 F1200
G1 X151.76 Y167.51 V0.023 F1200
G1 X168.24 Y167.51 V0.549 F1200
G1 X168.24 Y168.21 V0.023 F1200
G1 X151.76 Y168.21 V0.549 F1200
; Cutting completed.
G1 F600 V-1.000 ; Retract
G1 F1200 Z6.20
M1002
M400
G1 F600 V-4.000 ; Toolchange matrix retract
M104 S180 T0 ; standby
M104 S250 T1 ; pre-charge
M109 S250 T1
MOVE_TO_BRUSH_STATION
CLEAN_NOZZLE
MOVE_OUT_BRUSH_STATION
M106 P2 S0 ; fibre-side cooling, fan4
M106 P1 S130 ; part-cooling, fan3
T1 ; switch extruder type to:PLASTIC
G1 Z5.6 F7200
G1 E10 F1800
M106 S125
;LAYER_CHANGE
;Z:5.8
;HEIGHT:0.2
;_SET_FAN_SPEED_CHANGING_LAYER
SET_VELOCITY_LIMIT ACCEL=1000 ACCEL_TO_DECEL=500
G1 E-.8 F1800
G1 X158.616 Y168.659 Z6.2 F7200
G1 X169.346 Y169.346 Z6.2 F7200
G1 Z5.8 F7200
G1 E.8 F1800
;TYPE:Inner wall
;WIDTH:0.449999
G1 F3600
G1 X150.654 Y169.346 E.6327
G1 X150.654 Y150.654 E.6327
G1 X169.346 Y150.654 E.6327
G1 X169.346 Y169.306 E.63135
SET_VELOCITY_LIMIT ACCEL=500 ACCEL_TO_DECEL=250
G1 X169.775 Y169.775 F7200
;TYPE:Outer wall
G1 F3600
G1 X150.225 Y169.775 E.66174
G1 X150.225 Y150.225 E.66174
G1 X169.775 Y150.225 E.66174
G1 X169.775 Y169.735 E.66039
SET_VELOCITY_LIMIT ACCEL=1000 ACCEL_TO_DECEL=500
G1 E-.8 F1800
G1 X169.445 Y162.11 Z6.2 F7200
G1 X169 Y151.828 Z6.2 F7200
G1 Z5.8 F7200
G1 E.8 F1800
SET_VELOCITY_LIMIT ACCEL=500 ACCEL_TO_DECEL=250
;TYPE:Sparse infill
;WIDTH:0.45
G1 F6000
G1 X169 Y153.457 E.05512
G1 X166.543 Y151 E.11762
G1 X163.435 Y151 E.10523
G1 X169 Y156.565 E.26643
G1 X169 Y159.674 E.10523
G1 X160.326 Y151 E.41525
G1 X157.217 Y151 E.10523
G1 X169 Y162.783 E.56406
G1 X169 Y165.892 E.10523
G1 X154.108 Y151 E.71288
G1 X151 Y151 E.10523
G1 X169 Y169 E.86169
G1 X165.892 Y169 E.10523
G1 X151 Y154.108 E.71288
G1 X151 Y157.217 E.10523
G1 X162.783 Y169 E.56406
G1 X159.674 Y169 E.10523
G1 X151 Y160.326 E.41525
M73 P28 R43
G1 X151 Y163.435 E.10523
G1 X156.565 Y169 E.26643
G1 X153.457 Y169 E.10523
G1 X151 Y166.543 E.11762
G1 X151 Y168.172 E.05512
M400
G1 E-10 F1800
G1 Z6.2 F7200
M104 S150 T1 ; standby
M104 S270 T0 ; pre-charge
M109 S270 T0
MOVE_TO_BRUSH_STATION
CLEAN_NOZZLE
MOVE_OUT_BRUSH_STATION
M106 P2 S130 ; fibre-side cooling, fan4
M106 P1 S0 ; part-cooling, fan3
T0 ; switch extruder type to:FIBER
; LAYER:29 [5.80]
M1001 L71
G1 F1200 Z7.00
G1 X151.11 Y151.11 F1200
G1 F1200 U55.000 ; Extrude restart
G1 F1200 Z5.80
G1 F600 V1.000 ; Recover matrix retract
G1 F600 V3.000 ; Matrix prime
G1 X167.45 Y151.11 V0.545 U16.017 P0.034 F1200
; Start to cut
M2800
M400
;CUT DISTANCE 54.8
G1 X168.89 Y151.11 V0.048 F1200
G1 X168.89 Y168.89 V0.593 F1200
G1 X151.11 Y168.89 V0.593 F1200
G1 X151.11 Y151.11 V0.593 F1200
; Cutting completed.
G1 F600 V-1.000 ; Retract
G1 F1200 Z6.40
M1002
M1001 L404
G1 F1200 Z7.00
G1 X167.89 Y151.76 F1200
G1 F1200 U55.000 ; Extrude restart
G1 F1200 Z5.80
G1 F600 V1.000 ; Recover matrix retract
G1 F600 V3.000 ; Matrix prime
G1 X167.89 Y168.24 V0.549 U16.156 P0.034 F1200
G1 X167.19 Y168.24 V0.023 U0.686 P0.034 F1200
G1 X167.19 Y151.76 V0.549 U16.156 P0.034 F1200
G1 X166.49 Y151.76 V0.023 U0.686 P0.034 F1200
M73 P29 R43
G1 X166.49 Y168.24 V0.549 U16.156 P0.034 F1200
G1 X165.79 Y168.24 V0.023 U0.686 P0.034 F1200
G1 X165.79 Y151.76 V0.549 U16.156 P0.034 F1200
G1 X165.09 Y151.76 V0.023 U0.686 P0.034 F1200
G1 X165.09 Y168.24 V0.549 U16.156 P0.034 F1200
G1 X164.39 Y168.24 V0.023 U0.686 P0.034 F1200
G1 X164.39 Y151.76 V0.549 U16.156 P0.034 F1200
G1 X163.69 Y151.76 V0.023 U0.686 P0.034 F1200
G1 X163.69 Y168.24 V0.549 U16.156 P0.034 F1200
G1 X162.99 Y168.24 V0.023 U0.686 P0.034 F1200
G1 X162.99 Y151.76 V0.549 U16.156 P0.034 F1200
G1 X162.29 Y151.76 V0.023 U0.686 P0.034 F1200
G1 X162.29 Y168.24 V0.549 U16.156 P0.034 F1200
G1 X161.59 Y168.24 V0.023 U0.686 P0.034 F1200
G1 X161.59 Y151.76 V0.549 U16.156 P0.034 F1200
G1 X160.89 Y151.76 V0.023 U0.686 P0.034 F1200
G1 X160.89 Y168.24 V0.549 U16.156 P0.034 F1200
G1 X160.19 Y168.24 V0.023 U0.686 P0.034 F1200
G1 X160.19 Y151.76 V0.549 U16.156 P0.034 F1200
G1 X159.49 Y151.76 V0.023 U0.686 P0.034 F1200
G1 X159.49 Y168.24 V0.549 U16.156 P0.034 F1200
G1 X158.79 Y168.24 V0.023 U0.686 P0.034 F1200
G1 X158.79 Y151.76 V0.549 U16.156 P0.034 F1200
G1 X158.09 Y151.76 V0.023 U0.686 P0.034 F1200
G1 X158.09 Y168.24 V0.549 U16.156 P0.034 F1200
G1 X157.39 Y168.24 V0.023 U0.686 P0.034 F1200
G1 X157.39 Y151.76 V0.549 U16.156 P0.034 F1200
G1 X156.69 Y151.76 V0.023 U0.686 P0.034 F1200
G1 X156.69 Y168.24 V0.549 U16.156 P0.034 F1200
G1 X155.99 Y168.24 V0.023 U0.686 P0.034 F1200
G1 X155.99 Y151.76 V0.549 U16.156 P0.034 F1200
G1 X155.29 Y151.76 V0.023 U0.686 P0.034 F1200
G1 X155.29 Y168.24 V0.549 U16.156 P0.034 F1200
G1 X154.59 Y168.24 V0.023 U0.686 P0.034 F1200
G1 X154.59 Y151.76 V0.549 U16.156 P0.034 F1200
G1 X153.89 Y151.76 V0.023 U0.686 P0.034 F1200
G1 X153.89 Y165.00 V0.441 U12.979 P0.034 F1200
; Start to cut
M2800
M400
;CUT DISTANCE 54.8
G1 X153.89 Y168.24 V0.108 F1200
G1 X153.19 Y168.24 V0.023 F1200
G1 X153.19 Y151.76 V0.549 F1200
G1 X152.49 Y151.76 V0.023 F1200
G1 X152.49 Y168.24 V0.549 F1200
G1 X151.79 Y168.24 V0.023 F1200
G1 X151.79 Y151.76 V0.549 F1200
; Cutting completed.
G1 F600 V-1.000 ; Retract
G1 F1200 Z6.40
M1002
M400
G1 F600 V-4.000 ; Toolchange matrix retract
M104 S180 T0 ; standby
M104 S250 T1 ; pre-charge
M109 S250 T1
MOVE_TO_BRUSH_STATION
CLEAN_NOZZLE
MOVE_OUT_BRUSH_STATION
M106 P2 S0 ; fibre-side cooling, fan4
M106 P1 S130 ; part-cooling, fan3
T1 ; switch extruder type to:PLASTIC
G1 Z5.8 F7200
G1 E10 F1800
M106 S130
;LAYER_CHANGE
;Z:6
;HEIGHT:0.2
;_SET_FAN_SPEED_CHANGING_LAYER
SET_VELOCITY_LIMIT ACCEL=1000 ACCEL_TO_DECEL=500
G1 E-.8 F1800
G1 X158.616 Y168.659 Z6.4 F7200
G1 X169.346 Y169.346 Z6.4 F7200
G1 Z6 F7200
G1 E.8 F1800
;TYPE:Inner wall
;WIDTH:0.449999
G1 F3600
G1 X150.654 Y169.346 E.6327
G1 X150.654 Y150.654 E.6327
G1 X169.346 Y150.654 E.6327
G1 X169.346 Y169.306 E.63135
SET_VELOCITY_LIMIT ACCEL=500 ACCEL_TO_DECEL=250
G1 X169.775 Y169.775 F7200
;TYPE:Outer wall
G1 F3600
G1 X150.225 Y169.775 E.66174
G1 X150.225 Y150.225 E.66174
G1 X169.775 Y150.225 E.66174
G1 X169.775 Y169.735 E.66039
SET_VELOCITY_LIMIT ACCEL=1000 ACCEL_TO_DECEL=500
G1 E-.8 F1800
G1 X169.445 Y162.11 Z6.4 F7200
G1 X169 Y151.828 Z6.4 F7200
G1 Z6 F7200
G1 E.8 F1800
SET_VELOCITY_LIMIT ACCEL=500 ACCEL_TO_DECEL=250
;TYPE:Sparse infill
;WIDTH:0.45
G1 F6000
G1 X169 Y153.457 E.05512
G1 X166.543 Y151 E.11762
G1 X163.435 Y151 E.10523
G1 X169 Y156.565 E.26643
G1 X169 Y159.674 E.10523
G1 X160.326 Y151 E.41525
G1 X157.217 Y151 E.10523
G1 X169 Y162.783 E.56406
G1 X169 Y165.892 E.10523
G1 X154.108 Y151 E.71288
G1 X151 Y151 E.10523
G1 X169 Y169 E.86169
G1 X165.892 Y169 E.10523
G1 X151 Y154.108 E.71288
G1 X151 Y157.217 E.10523
G1 X162.783 Y169 E.56406
G1 X159.674 Y169 E.10523
G1 X151 Y160.326 E.41525
G1 X151 Y163.435 E.10523
G1 X156.565 Y169 E.26643
G1 X153.457 Y169 E.10523
G1 X151 Y166.543 E.11762
G1 X151 Y168.172 E.05512
M400
G1 E-10 F1800
G1 Z6.4 F7200
M104 S150 T1 ; standby
M104 S270 T0 ; pre-charge
M109 S270 T0
MOVE_TO_BRUSH_STATION
CLEAN_NOZZLE
MOVE_OUT_BRUSH_STATION
M106 P2 S124 ; fibre-side cooling, fan4
M106 P1 S0 ; part-cooling, fan3
T0 ; switch extruder type to:FIBER
; LAYER:30 [6.00]
M1001 L71
G1 F1200 Z7.20
G1 X151.11 Y151.11 F1200
G1 F1200 U55.000 ; Extrude restart
G1 F1200 Z6.00
G1 F600 V1.000 ; Recover matrix retract
G1 F600 V3.000 ; Matrix prime
G1 X167.45 Y151.11 V0.545 U16.017 P0.034 F1200
; Start to cut
M2800
M400
;CUT DISTANCE 54.8
G1 X168.89 Y151.11 V0.048 F1200
G1 X168.89 Y168.89 V0.593 F1200
G1 X151.11 Y168.89 V0.593 F1200
G1 X151.11 Y151.11 V0.593 F1200
; Cutting completed.
G1 F600 V-1.000 ; Retract
G1 F1200 Z6.60
M1002
M1001 L404
G1 F1200 Z7.20
G1 X151.76 Y152.11 F1200
G1 F1200 U55.000 ; Extrude restart
G1 F1200 Z6.00
G1 F600 V1.000 ; Recover matrix retract
G1 F600 V3.000 ; Matrix prime
G1 X168.24 Y152.11 V0.549 U16.156 P0.034 F1200
G1 X168.24 Y152.81 V0.023 U0.686 P0.034 F1200
G1 X151.76 Y152.81 V0.549 U16.156 P0.034 F1200
G1 X151.76 Y153.51 V0.023 U0.686 P0.034 F1200
G1 X168.24 Y153.51 V0.549 U16.156 P0.034 F1200
G1 X168.24 Y154.21 V0.023 U0.686 P0.034 F1200
G1 X151.76 Y154.21 V0.549 U16.156 P0.034 F1200
G1 X151.76 Y154.91 V0.023 U0.686 P0.034 F1200
M73 P30 R43
G1 X168.24 Y154.91 V0.549 U16.156 P0.034 F1200
G1 X168.24 Y155.61 V0.023 U0.686 P0.034 F1200
G1 X151.76 Y155.61 V0.549 U16.156 P0.034 F1200
G1 X151.76 Y156.31 V0.023 U0.686 P0.034 F1200
G1 X168.24 Y156.31 V0.549 U16.156 P0.034 F1200
G1 X168.24 Y157.01 V0.023 U0.686 P0.034 F1200
G1 X151.76 Y157.01 V0.549 U16.156 P0.034 F1200
G1 X151.76 Y157.71 V0.023 U0.686 P0.034 F1200
G1 X168.24 Y157.71 V0.549 U16.156 P0.034 F1200
G1 X168.24 Y158.41 V0.023 U0.686 P0.034 F1200
G1 X151.76 Y158.41 V0.549 U16.156 P0.034 F1200
G1 X151.76 Y159.11 V0.023 U0.686 P0.034 F1200
G1 X168.24 Y159.11 V0.549 U16.156 P0.034 F1200
G1 X168.24 Y159.81 V0.023 U0.686 P0.034 F1200
G1 X151.76 Y159.81 V0.549 U16.156 P0.034 F1200
G1 X151.76 Y160.51 V0.023 U0.686 P0.034 F1200
G1 X168.24 Y160.51 V0.549 U16.156 P0.034 F1200
G1 X168.24 Y161.21 V0.023 U0.686 P0.034 F1200
G1 X151.76 Y161.21 V0.549 U16.156 P0.034 F1200
G1 X151.76 Y161.91 V0.023 U0.686 P0.034 F1200
G1 X168.24 Y161.91 V0.549 U16.156 P0.034 F1200
G1 X168.24 Y162.61 V0.023 U0.686 P0.034 F1200
G1 X151.76 Y162.61 V0.549 U16.156 P0.034 F1200
G1 X151.76 Y163.31 V0.023 U0.686 P0.034 F1200
G1 X168.24 Y163.31 V0.549 U16.156 P0.034 F1200
G1 X168.24 Y164.01 V0.023 U0.686 P0.034 F1200
G1 X151.76 Y164.01 V0.549 U16.156 P0.034 F1200
G1 X151.76 Y164.71 V0.023 U0.686 P0.034 F1200
G1 X168.24 Y164.71 V0.549 U16.156 P0.034 F1200
G1 X168.24 Y165.41 V0.023 U0.686 P0.034 F1200
G1 X151.76 Y165.41 V0.549 U16.156 P0.034 F1200
G1 X151.76 Y166.11 V0.023 U0.686 P0.034 F1200
G1 X165.00 Y166.11 V0.441 U12.979 P0.034 F1200
; Start to cut
M2800
M400
;CUT DISTANCE 54.8
G1 X168.24 Y166.11 V0.108 F1200
M73 P30 R42
G1 X168.24 Y166.81 V0.023 F1200
G1 X151.76 Y166.81 V0.549 F1200
G1 X151.76 Y167.51 V0.023 F1200
G1 X168.24 Y167.51 V0.549 F1200
G1 X168.24 Y168.21 V0.023 F1200
G1 X151.76 Y168.21 V0.549 F1200
; Cutting completed.
G1 F600 V-1.000 ; Retract
G1 F1200 Z6.60
M1002
M400
G1 F600 V-4.000 ; Toolchange matrix retract
M104 S180 T0 ; standby
M104 S250 T1 ; pre-charge
M109 S250 T1
MOVE_TO_BRUSH_STATION
CLEAN_NOZZLE
MOVE_OUT_BRUSH_STATION
M106 P2 S0 ; fibre-side cooling, fan4
M106 P1 S124 ; part-cooling, fan3
T1 ; switch extruder type to:PLASTIC
G1 Z6 F7200
G1 E10 F1800
;LAYER_CHANGE
;Z:6.2
;HEIGHT:0.2
;_SET_FAN_SPEED_CHANGING_LAYER
SET_VELOCITY_LIMIT ACCEL=1000 ACCEL_TO_DECEL=500
G1 E-.8 F1800
G1 X158.616 Y168.659 Z6.6 F7200
G1 X169.346 Y169.346 Z6.6 F7200
G1 Z6.2 F7200
G1 E.8 F1800
;TYPE:Inner wall
;WIDTH:0.449999
G1 F3600
G1 X150.654 Y169.346 E.6327
G1 X150.654 Y150.654 E.6327
G1 X169.346 Y150.654 E.6327
G1 X169.346 Y169.306 E.63135
SET_VELOCITY_LIMIT ACCEL=500 ACCEL_TO_DECEL=250
G1 X169.775 Y169.775 F7200
;TYPE:Outer wall
G1 F3600
G1 X150.225 Y169.775 E.66174
G1 X150.225 Y150.225 E.66174
G1 X169.775 Y150.225 E.66174
G1 X169.775 Y169.735 E.66039
SET_VELOCITY_LIMIT ACCEL=1000 ACCEL_TO_DECEL=500
G1 E-.8 F1800
G1 X169.445 Y162.11 Z6.6 F7200
G1 X169 Y151.828 Z6.6 F7200
G1 Z6.2 F7200
G1 E.8 F1800
SET_VELOCITY_LIMIT ACCEL=500 ACCEL_TO_DECEL=250
;TYPE:Sparse infill
;WIDTH:0.45
G1 F6000
G1 X169 Y153.457 E.05512
G1 X166.543 Y151 E.11762
G1 X163.435 Y151 E.10523
G1 X169 Y156.565 E.26643
G1 X169 Y159.674 E.10523
G1 X160.326 Y151 E.41525
G1 X157.217 Y151 E.10523
G1 X169 Y162.783 E.56406
G1 X169 Y165.892 E.10523
G1 X154.108 Y151 E.71288
G1 X151 Y151 E.10523
G1 X169 Y169 E.86169
G1 X165.892 Y169 E.10523
G1 X151 Y154.108 E.71288
G1 X151 Y157.217 E.10523
G1 X162.783 Y169 E.56406
G1 X159.674 Y169 E.10523
G1 X151 Y160.326 E.41525
G1 X151 Y163.435 E.10523
G1 X156.565 Y169 E.26643
G1 X153.457 Y169 E.10523
G1 X151 Y166.543 E.11762
G1 X151 Y168.172 E.05512
M400
G1 E-10 F1800
G1 Z6.6 F7200
M104 S150 T1 ; standby
M104 S270 T0 ; pre-charge
M109 S270 T0
MOVE_TO_BRUSH_STATION
CLEAN_NOZZLE
MOVE_OUT_BRUSH_STATION
M106 P2 S130 ; fibre-side cooling, fan4
M106 P1 S0 ; part-cooling, fan3
T0 ; switch extruder type to:FIBER
; LAYER:31 [6.20]
M1001 L71
G1 F1200 Z7.40
G1 X151.11 Y151.11 F1200
G1 F1200 U55.000 ; Extrude restart
G1 F1200 Z6.20
G1 F600 V1.000 ; Recover matrix retract
G1 F600 V3.000 ; Matrix prime
G1 X167.45 Y151.11 V0.545 U16.017 P0.034 F1200
; Start to cut
M2800
M400
;CUT DISTANCE 54.8
G1 X168.89 Y151.11 V0.048 F1200
G1 X168.89 Y168.89 V0.593 F1200
G1 X151.11 Y168.89 V0.593 F1200
G1 X151.11 Y151.11 V0.593 F1200
; Cutting completed.
G1 F600 V-1.000 ; Retract
G1 F1200 Z6.80
M1002
M1001 L404
G1 F1200 Z7.40
G1 X151.76 Y152.11 F1200
G1 F1200 U55.000 ; Extrude restart
G1 F1200 Z6.20
G1 F600 V1.000 ; Recover matrix retract
G1 F600 V3.000 ; Matrix prime
G1 X168.24 Y152.11 V0.549 U16.156 P0.034 F1200
G1 X168.24 Y152.81 V0.023 U0.686 P0.034 F1200
G1 X151.76 Y152.81 V0.549 U16.156 P0.034 F1200
G1 X151.76 Y153.51 V0.023 U0.686 P0.034 F1200
G1 X168.24 Y153.51 V0.549 U16.156 P0.034 F1200
G1 X168.24 Y154.21 V0.023 U0.686 P0.034 F1200
G1 X151.76 Y154.21 V0.549 U16.156 P0.034 F1200
G1 X151.76 Y154.91 V0.023 U0.686 P0.034 F1200
G1 X168.24 Y154.91 V0.549 U16.156 P0.034 F1200
G1 X168.24 Y155.61 V0.023 U0.686 P0.034 F1200
G1 X151.76 Y155.61 V0.549 U16.156 P0.034 F1200
G1 X151.76 Y156.31 V0.023 U0.686 P0.034 F1200
G1 X168.24 Y156.31 V0.549 U16.156 P0.034 F1200
G1 X168.24 Y157.01 V0.023 U0.686 P0.034 F1200
M73 P31 R42
G1 X151.76 Y157.01 V0.549 U16.156 P0.034 F1200
G1 X151.76 Y157.71 V0.023 U0.686 P0.034 F1200
G1 X168.24 Y157.71 V0.549 U16.156 P0.034 F1200
G1 X168.24 Y158.41 V0.023 U0.686 P0.034 F1200
G1 X151.76 Y158.41 V0.549 U16.156 P0.034 F1200
G1 X151.76 Y159.11 V0.023 U0.686 P0.034 F1200
G1 X168.24 Y159.11 V0.549 U16.156 P0.034 F1200
G1 X168.24 Y159.81 V0.023 U0.686 P0.034 F1200
G1 X151.76 Y159.81 V0.549 U16.156 P0.034 F1200
G1 X151.76 Y160.51 V0.023 U0.686 P0.034 F1200
G1 X168.24 Y160.51 V0.549 U16.156 P0.034 F1200
G1 X168.24 Y161.21 V0.023 U0.686 P0.034 F1200
G1 X151.76 Y161.21 V0.549 U16.156 P0.034 F1200
G1 X151.76 Y161.91 V0.023 U0.686 P0.034 F1200
G1 X168.24 Y161.91 V0.549 U16.156 P0.034 F1200
G1 X168.24 Y162.61 V0.023 U0.686 P0.034 F1200
G1 X151.76 Y162.61 V0.549 U16.156 P0.034 F1200
G1 X151.76 Y163.31 V0.023 U0.686 P0.034 F1200
G1 X168.24 Y163.31 V0.549 U16.156 P0.034 F1200
G1 X168.24 Y164.01 V0.023 U0.686 P0.034 F1200
G1 X151.76 Y164.01 V0.549 U16.156 P0.034 F1200
G1 X151.76 Y164.71 V0.023 U0.686 P0.034 F1200
G1 X168.24 Y164.71 V0.549 U16.156 P0.034 F1200
G1 X168.24 Y165.41 V0.023 U0.686 P0.034 F1200
G1 X151.76 Y165.41 V0.549 U16.156 P0.034 F1200
G1 X151.76 Y166.11 V0.023 U0.686 P0.034 F1200
G1 X165.00 Y166.11 V0.441 U12.979 P0.034 F1200
; Start to cut
M2800
M400
;CUT DISTANCE 54.8
G1 X168.24 Y166.11 V0.108 F1200
G1 X168.24 Y166.81 V0.023 F1200
G1 X151.76 Y166.81 V0.549 F1200
G1 X151.76 Y167.51 V0.023 F1200
G1 X168.24 Y167.51 V0.549 F1200
G1 X168.24 Y168.21 V0.023 F1200
G1 X151.76 Y168.21 V0.549 F1200
; Cutting completed.
G1 F600 V-1.000 ; Retract
G1 F1200 Z6.80
M1002
M400
G1 F600 V-4.000 ; Toolchange matrix retract
M104 S180 T0 ; standby
M104 S250 T1 ; pre-charge
M109 S250 T1
MOVE_TO_BRUSH_STATION
CLEAN_NOZZLE
MOVE_OUT_BRUSH_STATION
M106 P2 S0 ; fibre-side cooling, fan4
M106 P1 S130 ; part-cooling, fan3
T1 ; switch extruder type to:PLASTIC
G1 Z6.2 F7200
G1 E10 F1800
M106 S125
;LAYER_CHANGE
;Z:6.4
;HEIGHT:0.2
;_SET_FAN_SPEED_CHANGING_LAYER
SET_VELOCITY_LIMIT ACCEL=1000 ACCEL_TO_DECEL=500
G1 E-.8 F1800
G1 X158.616 Y168.659 Z6.8 F7200
G1 X169.346 Y169.346 Z6.8 F7200
G1 Z6.4 F7200
G1 E.8 F1800
;TYPE:Inner wall
;WIDTH:0.449999
G1 F3600
G1 X150.654 Y169.346 E.6327
G1 X150.654 Y150.654 E.6327
G1 X169.346 Y150.654 E.6327
G1 X169.346 Y169.306 E.63135
SET_VELOCITY_LIMIT ACCEL=500 ACCEL_TO_DECEL=250
G1 X169.775 Y169.775 F7200
;TYPE:Outer wall
G1 F3600
G1 X150.225 Y169.775 E.66174
G1 X150.225 Y150.225 E.66174
G1 X169.775 Y150.225 E.66174
G1 X169.775 Y169.735 E.66039
SET_VELOCITY_LIMIT ACCEL=1000 ACCEL_TO_DECEL=500
G1 E-.8 F1800
G1 X169.445 Y162.11 Z6.8 F7200
G1 X169 Y151.828 Z6.8 F7200
G1 Z6.4 F7200
G1 E.8 F1800
SET_VELOCITY_LIMIT ACCEL=500 ACCEL_TO_DECEL=250
;TYPE:Sparse infill
;WIDTH:0.45
G1 F6000
G1 X169 Y153.457 E.05512
G1 X166.543 Y151 E.11762
G1 X163.435 Y151 E.10523
G1 X169 Y156.565 E.26643
G1 X169 Y159.674 E.10523
G1 X160.326 Y151 E.41525
G1 X157.217 Y151 E.10523
G1 X169 Y162.783 E.56406
G1 X169 Y165.892 E.10523
G1 X154.108 Y151 E.71288
G1 X151 Y151 E.10523
G1 X169 Y169 E.86169
G1 X165.892 Y169 E.10523
G1 X151 Y154.108 E.71288
G1 X151 Y157.217 E.10523
G1 X162.783 Y169 E.56406
G1 X159.674 Y169 E.10523
G1 X151 Y160.326 E.41525
G1 X151 Y163.435 E.10523
G1 X156.565 Y169 E.26643
G1 X153.457 Y169 E.10523
G1 X151 Y166.543 E.11762
G1 X151 Y168.172 E.05512
M400
G1 E-10 F1800
G1 Z6.8 F7200
M104 S150 T1 ; standby
M104 S270 T0 ; pre-charge
M109 S270 T0
MOVE_TO_BRUSH_STATION
CLEAN_NOZZLE
MOVE_OUT_BRUSH_STATION
M106 P2 S130 ; fibre-side cooling, fan4
M106 P1 S0 ; part-cooling, fan3
T0 ; switch extruder type to:FIBER
; LAYER:32 [6.40]
M1001 L71
G1 F1200 Z7.60
G1 X151.11 Y151.11 F1200
G1 F1200 U55.000 ; Extrude restart
G1 F1200 Z6.40
G1 F600 V1.000 ; Recover matrix retract
G1 F600 V3.000 ; Matrix prime
G1 X167.45 Y151.11 V0.545 U16.017 P0.034 F1200
; Start to cut
M2800
M400
;CUT DISTANCE 54.8
G1 X168.89 Y151.11 V0.048 F1200
G1 X168.89 Y168.89 V0.593 F1200
G1 X151.11 Y168.89 V0.593 F1200
G1 X151.11 Y151.11 V0.593 F1200
; Cutting completed.
G1 F600 V-1.000 ; Retract
G1 F1200 Z7.00
M1002
M1001 L404
G1 F1200 Z7.60
G1 X167.89 Y151.76 F1200
G1 F1200 U55.000 ; Extrude restart
G1 F1200 Z6.40
G1 F600 V1.000 ; Recover matrix retract
G1 F600 V3.000 ; Matrix prime
G1 X167.89 Y168.24 V0.549 U16.156 P0.034 F1200
G1 X167.19 Y168.24 V0.023 U0.686 P0.034 F1200
G1 X167.19 Y151.76 V0.549 U16.156 P0.034 F1200
G1 X166.49 Y151.76 V0.023 U0.686 P0.034 F1200
G1 X166.49 Y168.24 V0.549 U16.156 P0.034 F1200
G1 X165.79 Y168.24 V0.023 U0.686 P0.034 F1200
G1 X165.79 Y151.76 V0.549 U16.156 P0.034 F1200
G1 X165.09 Y151.76 V0.023 U0.686 P0.034 F1200
G1 X165.09 Y168.24 V0.549 U16.156 P0.034 F1200
G1 X164.39 Y168.24 V0.023 U0.686 P0.034 F1200
G1 X164.39 Y151.76 V0.549 U16.156 P0.034 F1200
G1 X163.69 Y151.76 V0.023 U0.686 P0.034 F1200
G1 X163.69 Y168.24 V0.549 U16.156 P0.034 F1200
G1 X162.99 Y168.24 V0.023 U0.686 P0.034 F1200
G1 X162.99 Y151.76 V0.549 U16.156 P0.034 F1200
G1 X162.29 Y151.76 V0.023 U0.686 P0.034 F1200
M73 P32 R42
G1 X162.29 Y168.24 V0.549 U16.156 P0.034 F1200
G1 X161.59 Y168.24 V0.023 U0.686 P0.034 F1200
M73 P32 R41
G1 X161.59 Y151.76 V0.549 U16.156 P0.034 F1200
G1 X160.89 Y151.76 V0.023 U0.686 P0.034 F1200
G1 X160.89 Y168.24 V0.549 U16.156 P0.034 F1200
G1 X160.19 Y168.24 V0.023 U0.686 P0.034 F1200
G1 X160.19 Y151.76 V0.549 U16.156 P0.034 F1200
G1 X159.49 Y151.76 V0.023 U0.686 P0.034 F1200
G1 X159.49 Y168.24 V0.549 U16.156 P0.034 F1200
G1 X158.79 Y168.24 V0.023 U0.686 P0.034 F1200
G1 X158.79 Y151.76 V0.549 U16.156 P0.034 F1200
G1 X158.09 Y151.76 V0.023 U0.686 P0.034 F1200
G1 X158.09 Y168.24 V0.549 U16.156 P0.034 F1200
G1 X157.39 Y168.24 V0.023 U0.686 P0.034 F1200
G1 X157.39 Y151.76 V0.549 U16.156 P0.034 F1200
G1 X156.69 Y151.76 V0.023 U0.686 P0.034 F1200
G1 X156.69 Y168.24 V0.549 U16.156 P0.034 F1200
G1 X155.99 Y168.24 V0.023 U0.686 P0.034 F1200
G1 X155.99 Y151.76 V0.549 U16.156 P0.034 F1200
G1 X155.29 Y151.76 V0.023 U0.686 P0.034 F1200
G1 X155.29 Y168.24 V0.549 U16.156 P0.034 F1200
G1 X154.59 Y168.24 V0.023 U0.686 P0.034 F1200
G1 X154.59 Y151.76 V0.549 U16.156 P0.034 F1200
G1 X153.89 Y151.76 V0.023 U0.686 P0.034 F1200
G1 X153.89 Y165.00 V0.441 U12.979 P0.034 F1200
; Start to cut
M2800
M400
;CUT DISTANCE 54.8
G1 X153.89 Y168.24 V0.108 F1200
G1 X153.19 Y168.24 V0.023 F1200
G1 X153.19 Y151.76 V0.549 F1200
G1 X152.49 Y151.76 V0.023 F1200
G1 X152.49 Y168.24 V0.549 F1200
G1 X151.79 Y168.24 V0.023 F1200
G1 X151.79 Y151.76 V0.549 F1200
; Cutting completed.
G1 F600 V-1.000 ; Retract
G1 F1200 Z7.00
M1002
M400
G1 F600 V-4.000 ; Toolchange matrix retract
M104 S180 T0 ; standby
M104 S250 T1 ; pre-charge
M109 S250 T1
MOVE_TO_BRUSH_STATION
CLEAN_NOZZLE
MOVE_OUT_BRUSH_STATION
M106 P2 S0 ; fibre-side cooling, fan4
M106 P1 S130 ; part-cooling, fan3
T1 ; switch extruder type to:PLASTIC
G1 Z6.4 F7200
G1 E10 F1800
M106 S130
;LAYER_CHANGE
;Z:6.6
;HEIGHT:0.2
;_SET_FAN_SPEED_CHANGING_LAYER
SET_VELOCITY_LIMIT ACCEL=1000 ACCEL_TO_DECEL=500
G1 E-.8 F1800
G1 X158.616 Y168.659 Z7 F7200
G1 X169.346 Y169.346 Z7 F7200
G1 Z6.6 F7200
G1 E.8 F1800
;TYPE:Inner wall
;WIDTH:0.449999
G1 F3600
G1 X150.654 Y169.346 E.6327
G1 X150.654 Y150.654 E.6327
G1 X169.346 Y150.654 E.6327
G1 X169.346 Y169.306 E.63135
SET_VELOCITY_LIMIT ACCEL=500 ACCEL_TO_DECEL=250
G1 X169.775 Y169.775 F7200
;TYPE:Outer wall
G1 F3600
G1 X150.225 Y169.775 E.66174
G1 X150.225 Y150.225 E.66174
G1 X169.775 Y150.225 E.66174
G1 X169.775 Y169.735 E.66039
SET_VELOCITY_LIMIT ACCEL=1000 ACCEL_TO_DECEL=500
G1 E-.8 F1800
G1 X169.445 Y162.11 Z7 F7200
G1 X169 Y151.828 Z7 F7200
G1 Z6.6 F7200
G1 E.8 F1800
SET_VELOCITY_LIMIT ACCEL=500 ACCEL_TO_DECEL=250
;TYPE:Sparse infill
;WIDTH:0.45
G1 F6000
G1 X169 Y153.457 E.05512
G1 X166.543 Y151 E.11762
G1 X163.435 Y151 E.10523
G1 X169 Y156.565 E.26643
G1 X169 Y159.674 E.10523
G1 X160.326 Y151 E.41525
G1 X157.217 Y151 E.10523
G1 X169 Y162.783 E.56406
G1 X169 Y165.892 E.10523
G1 X154.108 Y151 E.71288
G1 X151 Y151 E.10523
G1 X169 Y169 E.86169
G1 X165.892 Y169 E.10523
G1 X151 Y154.108 E.71288
G1 X151 Y157.217 E.10523
G1 X162.783 Y169 E.56406
G1 X159.674 Y169 E.10523
G1 X151 Y160.326 E.41525
G1 X151 Y163.435 E.10523
G1 X156.565 Y169 E.26643
G1 X153.457 Y169 E.10523
G1 X151 Y166.543 E.11762
G1 X151 Y168.172 E.05512
M400
G1 E-10 F1800
G1 Z7 F7200
M104 S150 T1 ; standby
M104 S270 T0 ; pre-charge
M109 S270 T0
MOVE_TO_BRUSH_STATION
CLEAN_NOZZLE
MOVE_OUT_BRUSH_STATION
M106 P2 S124 ; fibre-side cooling, fan4
M106 P1 S0 ; part-cooling, fan3
T0 ; switch extruder type to:FIBER
; LAYER:33 [6.60]
M1001 L71
G1 F1200 Z7.80
G1 X151.11 Y151.11 F1200
G1 F1200 U55.000 ; Extrude restart
G1 F1200 Z6.60
G1 F600 V1.000 ; Recover matrix retract
G1 F600 V3.000 ; Matrix prime
G1 X167.45 Y151.11 V0.545 U16.017 P0.034 F1200
; Start to cut
M2800
M400
;CUT DISTANCE 54.8
G1 X168.89 Y151.11 V0.048 F1200
G1 X168.89 Y168.89 V0.593 F1200
G1 X151.11 Y168.89 V0.593 F1200
G1 X151.11 Y151.11 V0.593 F1200
; Cutting completed.
G1 F600 V-1.000 ; Retract
G1 F1200 Z7.20
M1002
M1001 L404
G1 F1200 Z7.80
G1 X151.76 Y152.11 F1200
G1 F1200 U55.000 ; Extrude restart
G1 F1200 Z6.60
G1 F600 V1.000 ; Recover matrix retract
G1 F600 V3.000 ; Matrix prime
G1 X168.24 Y152.11 V0.549 U16.156 P0.034 F1200
G1 X168.24 Y152.81 V0.023 U0.686 P0.034 F1200
G1 X151.76 Y152.81 V0.549 U16.156 P0.034 F1200
G1 X151.76 Y153.51 V0.023 U0.686 P0.034 F1200
G1 X168.24 Y153.51 V0.549 U16.156 P0.034 F1200
G1 X168.24 Y154.21 V0.023 U0.686 P0.034 F1200
G1 X151.76 Y154.21 V0.549 U16.156 P0.034 F1200
G1 X151.76 Y154.91 V0.023 U0.686 P0.034 F1200
G1 X168.24 Y154.91 V0.549 U16.156 P0.034 F1200
G1 X168.24 Y155.61 V0.023 U0.686 P0.034 F1200
G1 X151.76 Y155.61 V0.549 U16.156 P0.034 F1200
G1 X151.76 Y156.31 V0.023 U0.686 P0.034 F1200
G1 X168.24 Y156.31 V0.549 U16.156 P0.034 F1200
G1 X168.24 Y157.01 V0.023 U0.686 P0.034 F1200
G1 X151.76 Y157.01 V0.549 U16.156 P0.034 F1200
G1 X151.76 Y157.71 V0.023 U0.686 P0.034 F1200
G1 X168.24 Y157.71 V0.549 U16.156 P0.034 F1200
G1 X168.24 Y158.41 V0.023 U0.686 P0.034 F1200
G1 X151.76 Y158.41 V0.549 U16.156 P0.034 F1200
G1 X151.76 Y159.11 V0.023 U0.686 P0.034 F1200
M73 P33 R41
G1 X168.24 Y159.11 V0.549 U16.156 P0.034 F1200
G1 X168.24 Y159.81 V0.023 U0.686 P0.034 F1200
G1 X151.76 Y159.81 V0.549 U16.156 P0.034 F1200
G1 X151.76 Y160.51 V0.023 U0.686 P0.034 F1200
G1 X168.24 Y160.51 V0.549 U16.156 P0.034 F1200
G1 X168.24 Y161.21 V0.023 U0.686 P0.034 F1200
G1 X151.76 Y161.21 V0.549 U16.156 P0.034 F1200
G1 X151.76 Y161.91 V0.023 U0.686 P0.034 F1200
G1 X168.24 Y161.91 V0.549 U16.156 P0.034 F1200
G1 X168.24 Y162.61 V0.023 U0.686 P0.034 F1200
G1 X151.76 Y162.61 V0.549 U16.156 P0.034 F1200
G1 X151.76 Y163.31 V0.023 U0.686 P0.034 F1200
G1 X168.24 Y163.31 V0.549 U16.156 P0.034 F1200
G1 X168.24 Y164.01 V0.023 U0.686 P0.034 F1200
G1 X151.76 Y164.01 V0.549 U16.156 P0.034 F1200
G1 X151.76 Y164.71 V0.023 U0.686 P0.034 F1200
G1 X168.24 Y164.71 V0.549 U16.156 P0.034 F1200
G1 X168.24 Y165.41 V0.023 U0.686 P0.034 F1200
G1 X151.76 Y165.41 V0.549 U16.156 P0.034 F1200
G1 X151.76 Y166.11 V0.023 U0.686 P0.034 F1200
G1 X165.00 Y166.11 V0.441 U12.979 P0.034 F1200
; Start to cut
M2800
M400
;CUT DISTANCE 54.8
G1 X168.24 Y166.11 V0.108 F1200
G1 X168.24 Y166.81 V0.023 F1200
G1 X151.76 Y166.81 V0.549 F1200
G1 X151.76 Y167.51 V0.023 F1200
G1 X168.24 Y167.51 V0.549 F1200
G1 X168.24 Y168.21 V0.023 F1200
G1 X151.76 Y168.21 V0.549 F1200
; Cutting completed.
G1 F600 V-1.000 ; Retract
G1 F1200 Z7.20
M1002
M400
G1 F600 V-4.000 ; Toolchange matrix retract
M104 S180 T0 ; standby
M104 S250 T1 ; pre-charge
M109 S250 T1
MOVE_TO_BRUSH_STATION
CLEAN_NOZZLE
MOVE_OUT_BRUSH_STATION
M106 P2 S0 ; fibre-side cooling, fan4
M106 P1 S124 ; part-cooling, fan3
T1 ; switch extruder type to:PLASTIC
G1 Z6.6 F7200
G1 E10 F1800
M106 S127
;LAYER_CHANGE
;Z:6.8
;HEIGHT:0.2
;_SET_FAN_SPEED_CHANGING_LAYER
SET_VELOCITY_LIMIT ACCEL=1000 ACCEL_TO_DECEL=500
G1 E-.8 F1800
G1 X158.616 Y168.659 Z7.2 F7200
G1 X169.346 Y169.346 Z7.2 F7200
G1 Z6.8 F7200
G1 E.8 F1800
;TYPE:Inner wall
;WIDTH:0.449999
G1 F3600
G1 X150.654 Y169.346 E.6327
G1 X150.654 Y150.654 E.6327
G1 X169.346 Y150.654 E.6327
G1 X169.346 Y169.306 E.63135
SET_VELOCITY_LIMIT ACCEL=500 ACCEL_TO_DECEL=250
G1 X169.775 Y169.775 F7200
;TYPE:Outer wall
G1 F3600
G1 X150.225 Y169.775 E.66174
G1 X150.225 Y150.225 E.66174
G1 X169.775 Y150.225 E.66174
G1 X169.775 Y169.735 E.66039
SET_VELOCITY_LIMIT ACCEL=1000 ACCEL_TO_DECEL=500
G1 E-.8 F1800
G1 X162.149 Y169.419 Z7.2 F7200
G1 X152.025 Y169 Z7.2 F7200
G1 Z6.8 F7200
G1 E.8 F1800
SET_VELOCITY_LIMIT ACCEL=500 ACCEL_TO_DECEL=250
;TYPE:Sparse infill
;WIDTH:0.45
G1 F6000
G1 X153.654 Y169 E.05512
G1 X153.475 Y168.549 E.01643
G1 X153.005 Y168.079 E.0225
G1 X151.451 Y167.465 E.05657
G1 X151 Y167.013 E.02161
G1 X151 Y163.905 E.10523
G1 X151.451 Y164.356 E.02161
G1 X153.005 Y164.97 E.05657
G1 X153.475 Y165.44 E.0225
G1 X154.09 Y166.995 E.05657
G1 X154.56 Y167.465 E.0225
G1 X156.114 Y168.079 E.05657
G1 X156.584 Y168.549 E.0225
G1 X156.762 Y169 E.01643
G1 X159.871 Y169 E.10523
G1 X159.693 Y168.549 E.01643
G1 X159.223 Y168.079 E.0225
G1 X157.668 Y167.465 E.05657
G1 X157.198 Y166.995 E.0225
G1 X156.584 Y165.44 E.05657
G1 X156.114 Y164.97 E.0225
G1 X154.56 Y164.356 E.05657
G1 X154.09 Y163.886 E.0225
G1 X153.475 Y162.332 E.05657
G1 X153.005 Y161.861 E.0225
G1 X151.451 Y161.247 E.05657
G1 X151 Y160.796 E.02161
G1 X151 Y157.687 E.10523
G1 X151.451 Y158.139 E.02161
G1 X153.005 Y158.753 E.05657
G1 X153.475 Y159.223 E.0225
G1 X154.09 Y160.777 E.05657
G1 X154.56 Y161.247 E.0225
G1 X156.114 Y161.861 E.05657
G1 X156.584 Y162.332 E.0225
G1 X157.198 Y163.886 E.05657
G1 X157.668 Y164.356 E.0225
G1 X159.223 Y164.97 E.05657
G1 X159.693 Y165.44 E.0225
G1 X160.307 Y166.995 E.05657
G1 X160.777 Y167.465 E.0225
G1 X162.332 Y168.079 E.05657
G1 X162.802 Y168.549 E.0225
G1 X162.98 Y169 E.01643
G1 X166.089 Y169 E.10523
G1 X165.91 Y168.549 E.01643
G1 X165.44 Y168.079 E.0225
G1 X163.886 Y167.465 E.05657
G1 X163.416 Y166.995 E.0225
G1 X162.802 Y165.44 E.05657
G1 X162.332 Y164.97 E.0225
G1 X160.777 Y164.356 E.05657
G1 X160.307 Y163.886 E.0225
G1 X159.693 Y162.332 E.05657
G1 X159.223 Y161.861 E.0225
G1 X157.668 Y161.247 E.05657
G1 X157.198 Y160.777 E.0225
G1 X156.584 Y159.223 E.05657
G1 X156.114 Y158.753 E.0225
G1 X154.56 Y158.139 E.05657
G1 X154.09 Y157.668 E.0225
G1 X153.475 Y156.114 E.05657
G1 X153.005 Y155.644 E.0225
G1 X151.451 Y155.03 E.05657
G1 X151 Y154.578 E.02161
G1 X151 Y151.47 E.10523
G1 X151.451 Y151.921 E.02161
G1 X153.005 Y152.535 E.05657
G1 X153.475 Y153.005 E.0225
G1 X154.09 Y154.56 E.05657
G1 X154.56 Y155.03 E.0225
G1 X156.114 Y155.644 E.05657
G1 X156.584 Y156.114 E.0225
G1 X157.198 Y157.668 E.05657
G1 X157.668 Y158.139 E.0225
G1 X159.223 Y158.753 E.05657
G1 X159.693 Y159.223 E.0225
G1 X160.307 Y160.777 E.05657
G1 X160.777 Y161.247 E.0225
G1 X162.332 Y161.861 E.05657
G1 X162.802 Y162.332 E.0225
G1 X163.416 Y163.886 E.05657
G1 X163.886 Y164.356 E.0225
G1 X165.44 Y164.97 E.05657
G1 X165.91 Y165.44 E.0225
G1 X166.525 Y166.995 E.05657
G1 X166.995 Y167.465 E.0225
G1 X168.549 Y168.079 E.05657
G1 X169 Y168.53 E.02161
G1 X169 Y165.422 E.10523
G1 X168.549 Y164.97 E.02161
G1 X166.995 Y164.356 E.05657
G1 X166.525 Y163.886 E.0225
G1 X165.91 Y162.332 E.05657
G1 X165.44 Y161.861 E.0225
G1 X163.886 Y161.247 E.05657
G1 X163.416 Y160.777 E.0225
G1 X162.802 Y159.223 E.05657
G1 X162.332 Y158.753 E.0225
G1 X160.777 Y158.139 E.05657
G1 X160.307 Y157.668 E.0225
G1 X159.693 Y156.114 E.05657
G1 X159.223 Y155.644 E.0225
G1 X157.668 Y155.03 E.05657
G1 X157.198 Y154.56 E.0225
G1 X156.584 Y153.005 E.05657
G1 X156.114 Y152.535 E.0225
G1 X154.56 Y151.921 E.05657
G1 X154.09 Y151.451 E.0225
G1 X153.911 Y151 E.01643
G1 X157.02 Y151 E.10523
G1 X157.198 Y151.451 E.01643
G1 X157.668 Y151.921 E.0225
G1 X159.223 Y152.535 E.05657
G1 X159.693 Y153.005 E.0225
G1 X160.307 Y154.56 E.05657
G1 X160.777 Y155.03 E.0225
G1 X162.332 Y155.644 E.05657
G1 X162.802 Y156.114 E.0225
G1 X163.416 Y157.668 E.05657
G1 X163.886 Y158.139 E.0225
G1 X165.44 Y158.753 E.05657
G1 X165.91 Y159.223 E.0225
G1 X166.525 Y160.777 E.05657
G1 X166.995 Y161.247 E.0225
G1 X168.549 Y161.861 E.05657
G1 X169 Y162.313 E.02161
G1 X169 Y159.204 E.10523
G1 X168.549 Y158.753 E.02161
G1 X166.995 Y158.139 E.05657
G1 X166.525 Y157.668 E.0225
G1 X165.91 Y156.114 E.05657
G1 X165.44 Y155.644 E.0225
G1 X163.886 Y155.03 E.05657
G1 X163.416 Y154.56 E.0225
G1 X162.802 Y153.005 E.05657
G1 X162.332 Y152.535 E.0225
G1 X160.777 Y151.921 E.05657
G1 X160.307 Y151.451 E.0225
G1 X160.129 Y151 E.01643
G1 X163.238 Y151 E.10523
G1 X163.416 Y151.451 E.01643
G1 X163.886 Y151.921 E.0225
G1 X165.44 Y152.535 E.05657
G1 X165.91 Y153.005 E.0225
G1 X166.525 Y154.56 E.05657
G1 X166.995 Y155.03 E.0225
G1 X168.549 Y155.644 E.05657
G1 X169 Y156.095 E.02161
G1 X169 Y152.987 E.10523
G1 X168.549 Y152.535 E.02161
G1 X166.995 Y151.921 E.05657
G1 X166.525 Y151.451 E.0225
G1 X166.346 Y151 E.01643
G1 X167.975 Y151 E.05512
M400
G1 E-10 F1800
G1 Z7.2 F7200
M104 S150 T1 ; standby
M104 S270 T0 ; pre-charge
M109 S270 T0
MOVE_TO_BRUSH_STATION
CLEAN_NOZZLE
MOVE_OUT_BRUSH_STATION
M106 P2 S130 ; fibre-side cooling, fan4
M106 P1 S0 ; part-cooling, fan3
T0 ; switch extruder type to:FIBER
; LAYER:34 [6.80]
M1001 L71
G1 F1200 Z8.00
G1 X151.11 Y151.11 F1200
G1 F1200 U55.000 ; Extrude restart
M73 P33 R40
G1 F1200 Z6.80
G1 F600 V1.000 ; Recover matrix retract
G1 F600 V3.000 ; Matrix prime
G1 X167.45 Y151.11 V0.545 U16.017 P0.034 F1200
; Start to cut
M2800
M400
;CUT DISTANCE 54.8
G1 X168.89 Y151.11 V0.048 F1200
G1 X168.89 Y168.89 V0.593 F1200
G1 X151.11 Y168.89 V0.593 F1200
G1 X151.11 Y151.11 V0.593 F1200
; Cutting completed.
G1 F600 V-1.000 ; Retract
G1 F1200 Z7.40
M1002
M1001 L404
G1 F1200 Z8.00
G1 X151.76 Y152.11 F1200
G1 F1200 U55.000 ; Extrude restart
G1 F1200 Z6.80
G1 F600 V1.000 ; Recover matrix retract
G1 F600 V3.000 ; Matrix prime
G1 X168.24 Y152.11 V0.549 U16.156 P0.034 F1200
G1 X168.24 Y152.81 V0.023 U0.686 P0.034 F1200
G1 X151.76 Y152.81 V0.549 U16.156 P0.034 F1200
G1 X151.76 Y153.51 V0.023 U0.686 P0.034 F1200
G1 X168.24 Y153.51 V0.549 U16.156 P0.034 F1200
G1 X168.24 Y154.21 V0.023 U0.686 P0.034 F1200
G1 X151.76 Y154.21 V0.549 U16.156 P0.034 F1200
G1 X151.76 Y154.91 V0.023 U0.686 P0.034 F1200
G1 X168.24 Y154.91 V0.549 U16.156 P0.034 F1200
G1 X168.24 Y155.61 V0.023 U0.686 P0.034 F1200
G1 X151.76 Y155.61 V0.549 U16.156 P0.034 F1200
G1 X151.76 Y156.31 V0.023 U0.686 P0.034 F1200
G1 X168.24 Y156.31 V0.549 U16.156 P0.034 F1200
G1 X168.24 Y157.01 V0.023 U0.686 P0.034 F1200
G1 X151.76 Y157.01 V0.549 U16.156 P0.034 F1200
G1 X151.76 Y157.71 V0.023 U0.686 P0.034 F1200
G1 X168.24 Y157.71 V0.549 U16.156 P0.034 F1200
G1 X168.24 Y158.41 V0.023 U0.686 P0.034 F1200
G1 X151.76 Y158.41 V0.549 U16.156 P0.034 F1200
G1 X151.76 Y159.11 V0.023 U0.686 P0.034 F1200
G1 X168.24 Y159.11 V0.549 U16.156 P0.034 F1200
M73 P34 R40
G1 X168.24 Y159.81 V0.023 U0.686 P0.034 F1200
G1 X151.76 Y159.81 V0.549 U16.156 P0.034 F1200
G1 X151.76 Y160.51 V0.023 U0.686 P0.034 F1200
G1 X168.24 Y160.51 V0.549 U16.156 P0.034 F1200
G1 X168.24 Y161.21 V0.023 U0.686 P0.034 F1200
G1 X151.76 Y161.21 V0.549 U16.156 P0.034 F1200
G1 X151.76 Y161.91 V0.023 U0.686 P0.034 F1200
G1 X168.24 Y161.91 V0.549 U16.156 P0.034 F1200
G1 X168.24 Y162.61 V0.023 U0.686 P0.034 F1200
G1 X151.76 Y162.61 V0.549 U16.156 P0.034 F1200
G1 X151.76 Y163.31 V0.023 U0.686 P0.034 F1200
G1 X168.24 Y163.31 V0.549 U16.156 P0.034 F1200
G1 X168.24 Y164.01 V0.023 U0.686 P0.034 F1200
G1 X151.76 Y164.01 V0.549 U16.156 P0.034 F1200
G1 X151.76 Y164.71 V0.023 U0.686 P0.034 F1200
G1 X168.24 Y164.71 V0.549 U16.156 P0.034 F1200
G1 X168.24 Y165.41 V0.023 U0.686 P0.034 F1200
G1 X151.76 Y165.41 V0.549 U16.156 P0.034 F1200
G1 X151.76 Y166.11 V0.023 U0.686 P0.034 F1200
G1 X165.00 Y166.11 V0.441 U12.979 P0.034 F1200
; Start to cut
M2800
M400
;CUT DISTANCE 54.8
G1 X168.24 Y166.11 V0.108 F1200
G1 X168.24 Y166.81 V0.023 F1200
G1 X151.76 Y166.81 V0.549 F1200
G1 X151.76 Y167.51 V0.023 F1200
G1 X168.24 Y167.51 V0.549 F1200
G1 X168.24 Y168.21 V0.023 F1200
G1 X151.76 Y168.21 V0.549 F1200
; Cutting completed.
G1 F600 V-1.000 ; Retract
G1 F1200 Z7.40
M1002
M400
G1 F600 V-4.000 ; Toolchange matrix retract
M104 S180 T0 ; standby
M104 S250 T1 ; pre-charge
M109 S250 T1
MOVE_TO_BRUSH_STATION
CLEAN_NOZZLE
MOVE_OUT_BRUSH_STATION
M106 P2 S0 ; fibre-side cooling, fan4
M106 P1 S130 ; part-cooling, fan3
T1 ; switch extruder type to:PLASTIC
G1 Z6.8 F7200
G1 E10 F1800
M106 S125
;LAYER_CHANGE
;Z:7
;HEIGHT:0.2
;_SET_FAN_SPEED_CHANGING_LAYER
SET_VELOCITY_LIMIT ACCEL=1000 ACCEL_TO_DECEL=500
G1 E-.8 F1800
G1 X168.544 Y158.611 Z7.4 F7200
G1 X169.346 Y169.346 Z7.4 F7200
G1 Z7 F7200
G1 E.8 F1800
;TYPE:Inner wall
;WIDTH:0.449999
G1 F3600
G1 X150.654 Y169.346 E.6327
G1 X150.654 Y150.654 E.6327
G1 X169.346 Y150.654 E.6327
G1 X169.346 Y169.306 E.63135
SET_VELOCITY_LIMIT ACCEL=500 ACCEL_TO_DECEL=250
G1 X169.775 Y169.775 F7200
;TYPE:Outer wall
G1 F3600
G1 X150.225 Y169.775 E.66174
G1 X150.225 Y150.225 E.66174
G1 X169.775 Y150.225 E.66174
G1 X169.775 Y169.735 E.66039
SET_VELOCITY_LIMIT ACCEL=1000 ACCEL_TO_DECEL=500
G1 X168.196 Y169 F7200
SET_VELOCITY_LIMIT ACCEL=500 ACCEL_TO_DECEL=250
;TYPE:Sparse infill
;WIDTH:0.45
G1 F6000
G1 X169 Y169 E.02724
G1 X169 Y168.177 E.02788
G1 X168.549 Y167.725 E.02161
G1 X166.995 Y167.818 E.05271
G1 X166.171 Y166.995 E.03943
G1 X166.264 Y165.44 E.05271
G1 X165.44 Y164.617 E.03943
G1 X163.886 Y164.71 E.05271
G1 X163.062 Y163.886 E.03943
G1 X163.155 Y162.332 E.05271
G1 X162.332 Y161.508 E.03943
G1 X160.777 Y161.601 E.05271
G1 X159.954 Y160.777 E.03943
G1 X160.046 Y159.223 E.05271
G1 X159.223 Y158.399 E.03943
G1 X157.668 Y158.492 E.05271
G1 X156.845 Y157.668 E.03943
G1 X156.938 Y156.114 E.05271
G1 X156.114 Y155.29 E.03943
G1 X154.56 Y155.383 E.05271
G1 X153.736 Y154.56 E.03943
G1 X153.829 Y153.005 E.05271
G1 X153.005 Y152.182 E.03943
G1 X151.451 Y152.275 E.05271
G1 X151 Y151.823 E.02161
G1 X151 Y154.932 E.10523
G1 X151.451 Y155.383 E.02161
G1 X153.005 Y155.29 E.05271
G1 X153.829 Y156.114 E.03943
G1 X153.736 Y157.668 E.05271
G1 X154.56 Y158.492 E.03943
G1 X156.114 Y158.399 E.05271
G1 X156.938 Y159.223 E.03943
G1 X156.845 Y160.777 E.05271
G1 X157.668 Y161.601 E.03943
G1 X159.223 Y161.508 E.05271
G1 X160.046 Y162.332 E.03943
G1 X159.954 Y163.886 E.05271
G1 X160.777 Y164.71 E.03943
G1 X162.332 Y164.617 E.05271
G1 X163.155 Y165.44 E.03943
G1 X163.062 Y166.995 E.05271
G1 X163.886 Y167.818 E.03943
G1 X165.44 Y167.725 E.05271
G1 X166.264 Y168.549 E.03943
G1 X166.237 Y169 E.0153
G1 X163.128 Y169 E.10523
G1 X163.155 Y168.549 E.0153
G1 X162.332 Y167.725 E.03943
G1 X160.777 Y167.818 E.05271
G1 X159.954 Y166.995 E.03943
G1 X160.046 Y165.44 E.05271
G1 X159.223 Y164.617 E.03943
G1 X157.668 Y164.71 E.05271
G1 X156.845 Y163.886 E.03943
G1 X156.938 Y162.332 E.05271
G1 X156.114 Y161.508 E.03943
G1 X154.56 Y161.601 E.05271
G1 X153.736 Y160.777 E.03943
G1 X153.829 Y159.223 E.05271
G1 X153.005 Y158.399 E.03943
G1 X151.451 Y158.492 E.05271
G1 X151 Y158.041 E.02161
G1 X151 Y161.15 E.10523
G1 X151.451 Y161.601 E.02161
G1 X153.005 Y161.508 E.05271
G1 X153.829 Y162.332 E.03943
G1 X153.736 Y163.886 E.05271
G1 X154.56 Y164.71 E.03943
G1 X156.114 Y164.617 E.05271
G1 X156.938 Y165.44 E.03943
G1 X156.845 Y166.995 E.05271
G1 X157.668 Y167.818 E.03943
G1 X159.223 Y167.725 E.05271
G1 X160.046 Y168.549 E.03943
G1 X160.019 Y169 E.0153
G1 X156.911 Y169 E.10523
G1 X156.938 Y168.549 E.0153
G1 X156.114 Y167.725 E.03943
G1 X154.56 Y167.818 E.05271
G1 X153.736 Y166.995 E.03943
G1 X153.829 Y165.44 E.05271
G1 X153.005 Y164.617 E.03943
G1 X151.451 Y164.71 E.05271
G1 X151 Y164.258 E.02161
G1 X151 Y167.367 E.10523
G1 X151.451 Y167.818 E.02161
G1 X153.005 Y167.725 E.05271
G1 X153.829 Y168.549 E.03943
G1 X153.802 Y169 E.0153
G1 X152.174 Y169 E.05512
SET_VELOCITY_LIMIT ACCEL=1000 ACCEL_TO_DECEL=500
G1 E-.8 F1800
G1 X152.157 Y161.368 Z7.4 F7200
G1 X152.135 Y151 Z7.4 F7200
G1 Z7 F7200
G1 E.8 F1800
SET_VELOCITY_LIMIT ACCEL=500 ACCEL_TO_DECEL=250
G1 F6000
G1 X153.763 Y151 E.05512
G1 X153.736 Y151.451 E.0153
G1 X154.56 Y152.275 E.03943
G1 X156.114 Y152.182 E.05271
G1 X156.938 Y153.005 E.03943
G1 X156.845 Y154.56 E.05271
G1 X157.668 Y155.383 E.03943
G1 X159.223 Y155.29 E.05271
G1 X160.046 Y156.114 E.03943
G1 X159.954 Y157.668 E.05271
G1 X160.777 Y158.492 E.03943
G1 X162.332 Y158.399 E.05271
G1 X163.155 Y159.223 E.03943
G1 X163.062 Y160.777 E.05271
G1 X163.886 Y161.601 E.03943
G1 X165.44 Y161.508 E.05271
G1 X166.264 Y162.332 E.03943
G1 X166.171 Y163.886 E.05271
G1 X166.995 Y164.71 E.03943
G1 X168.549 Y164.617 E.05271
G1 X169 Y165.068 E.02161
G1 X169 Y161.959 E.10523
G1 X168.549 Y161.508 E.02161
G1 X166.995 Y161.601 E.05271
G1 X166.171 Y160.777 E.03943
G1 X166.264 Y159.223 E.05271
G1 X165.44 Y158.399 E.03943
G1 X163.886 Y158.492 E.05271
G1 X163.062 Y157.668 E.03943
G1 X163.155 Y156.114 E.05271
G1 X162.332 Y155.29 E.03943
G1 X160.777 Y155.383 E.05271
G1 X159.954 Y154.56 E.03943
G1 X160.046 Y153.005 E.05271
G1 X159.223 Y152.182 E.03943
G1 X157.668 Y152.275 E.05271
G1 X156.845 Y151.451 E.03943
G1 X156.872 Y151 E.0153
G1 X159.981 Y151 E.10523
G1 X159.954 Y151.451 E.0153
G1 X160.777 Y152.275 E.03943
G1 X162.332 Y152.182 E.05271
G1 X163.155 Y153.005 E.03943
G1 X163.062 Y154.56 E.05271
G1 X163.886 Y155.383 E.03943
G1 X165.44 Y155.29 E.05271
G1 X166.264 Y156.114 E.03943
G1 X166.171 Y157.668 E.05271
G1 X166.995 Y158.492 E.03943
G1 X168.549 Y158.399 E.05271
G1 X169 Y158.85 E.02161
G1 X169 Y155.742 E.10523
G1 X168.549 Y155.29 E.02161
G1 X166.995 Y155.383 E.05271
G1 X166.171 Y154.56 E.03943
G1 X166.264 Y153.005 E.05271
G1 X165.44 Y152.182 E.03943
G1 X163.886 Y152.275 E.05271
G1 X163.062 Y151.451 E.03943
G1 X163.089 Y151 E.0153
G1 X166.198 Y151 E.10523
G1 X166.171 Y151.451 E.0153
G1 X166.995 Y152.275 E.03943
G1 X168.549 Y152.182 E.05271
G1 X169 Y152.633 E.02161
G1 X169 Y151.005 E.05512
M400
G1 E-10 F1800
G1 Z7.4 F7200
M104 S150 T1 ; standby
M104 S270 T0 ; pre-charge
M109 S270 T0
MOVE_TO_BRUSH_STATION
CLEAN_NOZZLE
MOVE_OUT_BRUSH_STATION
M106 P2 S127 ; fibre-side cooling, fan4
M106 P1 S0 ; part-cooling, fan3
T0 ; switch extruder type to:FIBER
; LAYER:35 [7.00]
M1001 L71
G1 F1200 Z8.20
G1 X151.11 Y151.11 F1200
G1 F1200 U55.000 ; Extrude restart
G1 F1200 Z7.00
G1 F600 V1.000 ; Recover matrix retract
G1 F600 V3.000 ; Matrix prime
G1 X167.45 Y151.11 V0.545 U16.017 P0.034 F1200
; Start to cut
M2800
M400
;CUT DISTANCE 54.8
G1 X168.89 Y151.11 V0.048 F1200
G1 X168.89 Y168.89 V0.593 F1200
G1 X151.11 Y168.89 V0.593 F1200
G1 X151.11 Y151.11 V0.593 F1200
; Cutting completed.
G1 F600 V-1.000 ; Retract
G1 F1200 Z7.60
M1002
M1001 L404
G1 F1200 Z8.20
G1 X167.89 Y151.76 F1200
G1 F1200 U55.000 ; Extrude restart
G1 F1200 Z7.00
G1 F600 V1.000 ; Recover matrix retract
G1 F600 V3.000 ; Matrix prime
G1 X167.89 Y168.24 V0.549 U16.156 P0.034 F1200
G1 X167.19 Y168.24 V0.023 U0.686 P0.034 F1200
G1 X167.19 Y151.76 V0.549 U16.156 P0.034 F1200
G1 X166.49 Y151.76 V0.023 U0.686 P0.034 F1200
G1 X166.49 Y168.24 V0.549 U16.156 P0.034 F1200
G1 X165.79 Y168.24 V0.023 U0.686 P0.034 F1200
G1 X165.79 Y151.76 V0.549 U16.156 P0.034 F1200
G1 X165.09 Y151.76 V0.023 U0.686 P0.034 F1200
G1 X165.09 Y168.24 V0.549 U16.156 P0.034 F1200
G1 X164.39 Y168.24 V0.023 U0.686 P0.034 F1200
G1 X164.39 Y151.76 V0.549 U16.156 P0.034 F1200
G1 X163.69 Y151.76 V0.023 U0.686 P0.034 F1200
G1 X163.69 Y168.24 V0.549 U16.156 P0.034 F1200
G1 X162.99 Y168.24 V0.023 U0.686 P0.034 F1200
M73 P35 R40
G1 X162.99 Y151.76 V0.549 U16.156 P0.034 F1200
G1 X162.29 Y151.76 V0.023 U0.686 P0.034 F1200
G1 X162.29 Y168.24 V0.549 U16.156 P0.034 F1200
G1 X161.59 Y168.24 V0.023 U0.686 P0.034 F1200
G1 X161.59 Y151.76 V0.549 U16.156 P0.034 F1200
G1 X160.89 Y151.76 V0.023 U0.686 P0.034 F1200
G1 X160.89 Y168.24 V0.549 U16.156 P0.034 F1200
G1 X160.19 Y168.24 V0.023 U0.686 P0.034 F1200
G1 X160.19 Y151.76 V0.549 U16.156 P0.034 F1200
G1 X159.49 Y151.76 V0.023 U0.686 P0.034 F1200
G1 X159.49 Y168.24 V0.549 U16.156 P0.034 F1200
G1 X158.79 Y168.24 V0.023 U0.686 P0.034 F1200
G1 X158.79 Y151.76 V0.549 U16.156 P0.034 F1200
G1 X158.09 Y151.76 V0.023 U0.686 P0.034 F1200
G1 X158.09 Y168.24 V0.549 U16.156 P0.034 F1200
G1 X157.39 Y168.24 V0.023 U0.686 P0.034 F1200
G1 X157.39 Y151.76 V0.549 U16.156 P0.034 F1200
G1 X156.69 Y151.76 V0.023 U0.686 P0.034 F1200
G1 X156.69 Y168.24 V0.549 U16.156 P0.034 F1200
G1 X155.99 Y168.24 V0.023 U0.686 P0.034 F1200
G1 X155.99 Y151.76 V0.549 U16.156 P0.034 F1200
G1 X155.29 Y151.76 V0.023 U0.686 P0.034 F1200
M73 P35 R39
G1 X155.29 Y168.24 V0.549 U16.156 P0.034 F1200
G1 X154.59 Y168.24 V0.023 U0.686 P0.034 F1200
G1 X154.59 Y151.76 V0.549 U16.156 P0.034 F1200
G1 X153.89 Y151.76 V0.023 U0.686 P0.034 F1200
G1 X153.89 Y165.00 V0.441 U12.979 P0.034 F1200
; Start to cut
M2800
M400
;CUT DISTANCE 54.8
G1 X153.89 Y168.24 V0.108 F1200
G1 X153.19 Y168.24 V0.023 F1200
G1 X153.19 Y151.76 V0.549 F1200
G1 X152.49 Y151.76 V0.023 F1200
G1 X152.49 Y168.24 V0.549 F1200
G1 X151.79 Y168.24 V0.023 F1200
G1 X151.79 Y151.76 V0.549 F1200
; Cutting completed.
G1 F600 V-1.000 ; Retract
G1 F1200 Z7.60
M1002
M400
G1 F600 V-4.000 ; Toolchange matrix retract
M104 S180 T0 ; standby
M104 S250 T1 ; pre-charge
M109 S250 T1
MOVE_TO_BRUSH_STATION
CLEAN_NOZZLE
MOVE_OUT_BRUSH_STATION
M106 P2 S0 ; fibre-side cooling, fan4
M106 P1 S127 ; part-cooling, fan3
T1 ; switch extruder type to:PLASTIC
G1 Z7 F7200
G1 E10 F1800
M106 S130
;LAYER_CHANGE
;Z:7.2
;HEIGHT:0.2
;_SET_FAN_SPEED_CHANGING_LAYER
SET_VELOCITY_LIMIT ACCEL=1000 ACCEL_TO_DECEL=500
G1 E-.8 F1800
G1 X169.144 Y158.636 Z7.6 F7200
G1 X169.346 Y169.346 Z7.6 F7200
G1 Z7.2 F7200
G1 E.8 F1800
;TYPE:Inner wall
;WIDTH:0.449999
G1 F3600
G1 X150.654 Y169.346 E.6327
G1 X150.654 Y150.654 E.6327
G1 X169.346 Y150.654 E.6327
G1 X169.346 Y169.306 E.63135
SET_VELOCITY_LIMIT ACCEL=500 ACCEL_TO_DECEL=250
G1 X169.775 Y169.775 F7200
;TYPE:Outer wall
G1 F3600
G1 X150.225 Y169.775 E.66174
G1 X150.225 Y150.225 E.66174
G1 X169.775 Y150.225 E.66174
G1 X169.775 Y169.735 E.66039
SET_VELOCITY_LIMIT ACCEL=1000 ACCEL_TO_DECEL=500
G1 X169 Y168.86 F7200
SET_VELOCITY_LIMIT ACCEL=500 ACCEL_TO_DECEL=250
;TYPE:Sparse infill
;WIDTH:0.45
G1 F6000
G1 X169 Y167.231 E.05512
G1 X168.549 Y167.683 E.02161
G1 X166.995 Y167.861 E.05296
G1 X166.307 Y168.549 E.03294
G1 X166.255 Y169 E.01538
G1 X163.146 Y169 E.10523
G1 X163.198 Y168.549 E.01538
G1 X163.886 Y167.861 E.03294
G1 X165.44 Y167.683 E.05296
G1 X166.128 Y166.995 E.03294
G1 X166.307 Y165.44 E.05296
G1 X166.995 Y164.752 E.03294
G1 X168.549 Y164.574 E.05296
G1 X169 Y164.123 E.02161
G1 X169 Y161.014 E.10523
G1 X168.549 Y161.465 E.02161
G1 X166.995 Y161.644 E.05296
G1 X166.307 Y162.332 E.03294
G1 X166.128 Y163.886 E.05296
G1 X165.44 Y164.574 E.03294
G1 X163.886 Y164.752 E.05296
G1 X163.198 Y165.44 E.03294
G1 X163.02 Y166.995 E.05296
G1 X162.332 Y167.683 E.03294
G1 X160.777 Y167.861 E.05296
G1 X160.089 Y168.549 E.03294
G1 X160.037 Y169 E.01538
G1 X161.666 Y169 E.05512
SET_VELOCITY_LIMIT ACCEL=1000 ACCEL_TO_DECEL=500
G1 E-.8 F1800
G1 X166.34 Y162.967 Z7.6 F7200
G1 X169 Y159.533 Z7.6 F7200
G1 Z7.2 F7200
G1 E.8 F1800
SET_VELOCITY_LIMIT ACCEL=500 ACCEL_TO_DECEL=250
G1 F6000
G1 X169 Y157.905 E.05512
G1 X168.549 Y158.356 E.02161
G1 X166.995 Y158.535 E.05296
G1 X166.307 Y159.223 E.03294
G1 X166.128 Y160.777 E.05296
G1 X165.44 Y161.465 E.03294
G1 X163.886 Y161.644 E.05296
G1 X163.198 Y162.332 E.03294
G1 X163.02 Y163.886 E.05296
G1 X162.332 Y164.574 E.03294
G1 X160.777 Y164.752 E.05296
G1 X160.089 Y165.44 E.03294
G1 X159.911 Y166.995 E.05296
G1 X159.223 Y167.683 E.03294
G1 X157.668 Y167.861 E.05296
G1 X156.98 Y168.549 E.03294
G1 X156.929 Y169 E.01538
G1 X153.82 Y169 E.10523
G1 X153.872 Y168.549 E.01538
G1 X154.56 Y167.861 E.03294
G1 X156.114 Y167.683 E.05296
G1 X156.802 Y166.995 E.03294
G1 X156.98 Y165.44 E.05296
G1 X157.668 Y164.752 E.03294
G1 X159.223 Y164.574 E.05296
G1 X159.911 Y163.886 E.03294
G1 X160.089 Y162.332 E.05296
G1 X160.777 Y161.644 E.03294
G1 X162.332 Y161.465 E.05296
G1 X163.02 Y160.777 E.03294
G1 X163.198 Y159.223 E.05296
G1 X163.886 Y158.535 E.03294
G1 X165.44 Y158.356 E.05296
G1 X166.128 Y157.668 E.03294
G1 X166.307 Y156.114 E.05296
G1 X166.995 Y155.426 E.03294
G1 X168.549 Y155.248 E.05296
G1 X169 Y154.796 E.02161
G1 X169 Y151.688 E.10523
G1 X168.549 Y152.139 E.02161
G1 X166.995 Y152.317 E.05296
G1 X166.307 Y153.005 E.03294
G1 X166.128 Y154.56 E.05296
G1 X165.44 Y155.248 E.03294
G1 X163.886 Y155.426 E.05296
G1 X163.198 Y156.114 E.03294
G1 X163.02 Y157.668 E.05296
G1 X162.332 Y158.356 E.03294
G1 X160.777 Y158.535 E.05296
G1 X160.089 Y159.223 E.03294
G1 X159.911 Y160.777 E.05296
G1 X159.223 Y161.465 E.03294
G1 X157.668 Y161.644 E.05296
G1 X156.98 Y162.332 E.03294
G1 X156.802 Y163.886 E.05296
G1 X156.114 Y164.574 E.03294
G1 X154.56 Y164.752 E.05296
G1 X153.872 Y165.44 E.03294
G1 X153.693 Y166.995 E.05296
G1 X153.005 Y167.683 E.03294
G1 X151.451 Y167.861 E.05296
G1 X151 Y168.312 E.02161
G1 X151 Y165.204 E.10523
G1 X151.451 Y164.752 E.02161
G1 X153.005 Y164.574 E.05296
G1 X153.693 Y163.886 E.03294
G1 X153.872 Y162.332 E.05296
G1 X154.56 Y161.644 E.03294
G1 X156.114 Y161.465 E.05296
G1 X156.802 Y160.777 E.03294
G1 X156.98 Y159.223 E.05296
G1 X157.668 Y158.535 E.03294
G1 X159.223 Y158.356 E.05296
G1 X159.911 Y157.668 E.03294
G1 X160.089 Y156.114 E.05296
G1 X160.777 Y155.426 E.03294
G1 X162.332 Y155.248 E.05296
G1 X163.02 Y154.56 E.03294
G1 X163.198 Y153.005 E.05296
G1 X163.886 Y152.317 E.03294
G1 X165.44 Y152.139 E.05296
G1 X166.128 Y151.451 E.03294
G1 X166.18 Y151 E.01538
G1 X163.071 Y151 E.10523
G1 X163.02 Y151.451 E.01538
G1 X162.332 Y152.139 E.03294
G1 X160.777 Y152.317 E.05296
G1 X160.089 Y153.005 E.03294
G1 X159.911 Y154.56 E.05296
G1 X159.223 Y155.248 E.03294
G1 X157.668 Y155.426 E.05296
G1 X156.98 Y156.114 E.03294
G1 X156.802 Y157.668 E.05296
G1 X156.114 Y158.356 E.03294
G1 X154.56 Y158.535 E.05296
G1 X153.872 Y159.223 E.03294
G1 X153.693 Y160.777 E.05296
G1 X153.005 Y161.465 E.03294
G1 X151.451 Y161.644 E.05296
G1 X151 Y162.095 E.02161
G1 X151 Y158.986 E.10523
G1 X151.451 Y158.535 E.02161
G1 X153.005 Y158.356 E.05296
G1 X153.693 Y157.668 E.03294
G1 X153.872 Y156.114 E.05296
G1 X154.56 Y155.426 E.03294
G1 X156.114 Y155.248 E.05296
G1 X156.802 Y154.56 E.03294
G1 X156.98 Y153.005 E.05296
G1 X157.668 Y152.317 E.03294
G1 X159.223 Y152.139 E.05296
G1 X159.911 Y151.451 E.03294
G1 X159.963 Y151 E.01538
G1 X161.591 Y151 E.05512
SET_VELOCITY_LIMIT ACCEL=1000 ACCEL_TO_DECEL=500
G1 E-.8 F1800
G1 X153.959 Y151.101 Z7.6 F7200
G1 X151 Y151.14 Z7.6 F7200
G1 Z7.2 F7200
G1 E.8 F1800
SET_VELOCITY_LIMIT ACCEL=500 ACCEL_TO_DECEL=250
G1 F6000
G1 X151 Y152.769 E.05512
G1 X151.451 Y152.317 E.02161
G1 X153.005 Y152.139 E.05296
G1 X153.693 Y151.451 E.03294
G1 X153.745 Y151 E.01538
G1 X156.854 Y151 E.10523
G1 X156.802 Y151.451 E.01538
G1 X156.114 Y152.139 E.03294
G1 X154.56 Y152.317 E.05296
G1 X153.872 Y153.005 E.03294
G1 X153.693 Y154.56 E.05296
G1 X153.005 Y155.248 E.03294
G1 X151.451 Y155.426 E.05296
G1 X151 Y155.877 E.02161
G1 X151 Y154.249 E.05512
M400
G1 E-10 F1800
G1 Z7.6 F7200
M104 S150 T1 ; standby
M104 S270 T0 ; pre-charge
M109 S270 T0
MOVE_TO_BRUSH_STATION
CLEAN_NOZZLE
MOVE_OUT_BRUSH_STATION
M106 P2 S124 ; fibre-side cooling, fan4
M106 P1 S0 ; part-cooling, fan3
T0 ; switch extruder type to:FIBER
; LAYER:36 [7.20]
M1001 L71
G1 F1200 Z8.40
G1 X151.11 Y151.11 F1200
G1 F1200 U55.000 ; Extrude restart
G1 F1200 Z7.20
G1 F600 V1.000 ; Recover matrix retract
G1 F600 V3.000 ; Matrix prime
G1 X167.45 Y151.11 V0.545 U16.017 P0.034 F1200
; Start to cut
M2800
M400
;CUT DISTANCE 54.8
G1 X168.89 Y151.11 V0.048 F1200
G1 X168.89 Y168.89 V0.593 F1200
G1 X151.11 Y168.89 V0.593 F1200
G1 X151.11 Y151.11 V0.593 F1200
; Cutting completed.
G1 F600 V-1.000 ; Retract
G1 F1200 Z7.80
M1002
M1001 L404
G1 F1200 Z8.40
G1 X151.76 Y152.11 F1200
G1 F1200 U55.000 ; Extrude restart
G1 F1200 Z7.20
G1 F600 V1.000 ; Recover matrix retract
G1 F600 V3.000 ; Matrix prime
G1 X168.24 Y152.11 V0.549 U16.156 P0.034 F1200
G1 X168.24 Y152.81 V0.023 U0.686 P0.034 F1200
G1 X151.76 Y152.81 V0.549 U16.156 P0.034 F1200
G1 X151.76 Y153.51 V0.023 U0.686 P0.034 F1200
G1 X168.24 Y153.51 V0.549 U16.156 P0.034 F1200
G1 X168.24 Y154.21 V0.023 U0.686 P0.034 F1200
G1 X151.76 Y154.21 V0.549 U16.156 P0.034 F1200
G1 X151.76 Y154.91 V0.023 U0.686 P0.034 F1200
G1 X168.24 Y154.91 V0.549 U16.156 P0.034 F1200
G1 X168.24 Y155.61 V0.023 U0.686 P0.034 F1200
G1 X151.76 Y155.61 V0.549 U16.156 P0.034 F1200
G1 X151.76 Y156.31 V0.023 U0.686 P0.034 F1200
G1 X168.24 Y156.31 V0.549 U16.156 P0.034 F1200
G1 X168.24 Y157.01 V0.023 U0.686 P0.034 F1200
M73 P36 R39
G1 X151.76 Y157.01 V0.549 U16.156 P0.034 F1200
G1 X151.76 Y157.71 V0.023 U0.686 P0.034 F1200
G1 X168.24 Y157.71 V0.549 U16.156 P0.034 F1200
G1 X168.24 Y158.41 V0.023 U0.686 P0.034 F1200
G1 X151.76 Y158.41 V0.549 U16.156 P0.034 F1200
G1 X151.76 Y159.11 V0.023 U0.686 P0.034 F1200
G1 X168.24 Y159.11 V0.549 U16.156 P0.034 F1200
G1 X168.24 Y159.81 V0.023 U0.686 P0.034 F1200
G1 X151.76 Y159.81 V0.549 U16.156 P0.034 F1200
G1 X151.76 Y160.51 V0.023 U0.686 P0.034 F1200
G1 X168.24 Y160.51 V0.549 U16.156 P0.034 F1200
G1 X168.24 Y161.21 V0.023 U0.686 P0.034 F1200
G1 X151.76 Y161.21 V0.549 U16.156 P0.034 F1200
G1 X151.76 Y161.91 V0.023 U0.686 P0.034 F1200
G1 X168.24 Y161.91 V0.549 U16.156 P0.034 F1200
G1 X168.24 Y162.61 V0.023 U0.686 P0.034 F1200
G1 X151.76 Y162.61 V0.549 U16.156 P0.034 F1200
G1 X151.76 Y163.31 V0.023 U0.686 P0.034 F1200
G1 X168.24 Y163.31 V0.549 U16.156 P0.034 F1200
G1 X168.24 Y164.01 V0.023 U0.686 P0.034 F1200
G1 X151.76 Y164.01 V0.549 U16.156 P0.034 F1200
G1 X151.76 Y164.71 V0.023 U0.686 P0.034 F1200
G1 X168.24 Y164.71 V0.549 U16.156 P0.034 F1200
G1 X168.24 Y165.41 V0.023 U0.686 P0.034 F1200
G1 X151.76 Y165.41 V0.549 U16.156 P0.034 F1200
G1 X151.76 Y166.11 V0.023 U0.686 P0.034 F1200
G1 X165.00 Y166.11 V0.441 U12.979 P0.034 F1200
; Start to cut
M2800
M400
;CUT DISTANCE 54.8
G1 X168.24 Y166.11 V0.108 F1200
G1 X168.24 Y166.81 V0.023 F1200
G1 X151.76 Y166.81 V0.549 F1200
G1 X151.76 Y167.51 V0.023 F1200
G1 X168.24 Y167.51 V0.549 F1200
G1 X168.24 Y168.21 V0.023 F1200
G1 X151.76 Y168.21 V0.549 F1200
; Cutting completed.
G1 F600 V-1.000 ; Retract
G1 F1200 Z7.80
M1002
M400
G1 F600 V-4.000 ; Toolchange matrix retract
M104 S180 T0 ; standby
M104 S250 T1 ; pre-charge
M109 S250 T1
MOVE_TO_BRUSH_STATION
CLEAN_NOZZLE
MOVE_OUT_BRUSH_STATION
M106 P2 S0 ; fibre-side cooling, fan4
M106 P1 S124 ; part-cooling, fan3
T1 ; switch extruder type to:PLASTIC
G1 Z7.2 F7200
G1 E10 F1800
M106 S132
;LAYER_CHANGE
;Z:7.4
;HEIGHT:0.2
;_SET_FAN_SPEED_CHANGING_LAYER
SET_VELOCITY_LIMIT ACCEL=1000 ACCEL_TO_DECEL=500
G1 E-.8 F1800
G1 X156.893 Y159.099 Z7.8 F7200
G1 X169.346 Y169.346 Z7.8 F7200
G1 Z7.4 F7200
G1 E.8 F1800
;TYPE:Inner wall
;WIDTH:0.449999
G1 F3600
G1 X150.654 Y169.346 E.6327
G1 X150.654 Y150.654 E.6327
G1 X169.346 Y150.654 E.6327
G1 X169.346 Y169.306 E.63135
SET_VELOCITY_LIMIT ACCEL=500 ACCEL_TO_DECEL=250
G1 X169.775 Y169.775 F7200
;TYPE:Outer wall
G1 F3600
G1 X150.225 Y169.775 E.66174
G1 X150.225 Y150.225 E.66174
G1 X169.775 Y150.225 E.66174
G1 X169.775 Y169.735 E.66039
SET_VELOCITY_LIMIT ACCEL=1000 ACCEL_TO_DECEL=500
G1 X169 Y168.418 F7200
SET_VELOCITY_LIMIT ACCEL=500 ACCEL_TO_DECEL=250
;TYPE:Sparse infill
;WIDTH:0.45
G1 F6000
G1 X169 Y166.79 E.05512
G1 X168.884 Y166.995 E.00799
G1 X168.549 Y167.329 E.01601
G1 X166.995 Y168.215 E.06055
G1 X166.66 Y168.549 E.01601
G1 X166.403 Y169 E.01758
G1 X163.294 Y169 E.10523
G1 X163.551 Y168.549 E.01758
G1 X163.886 Y168.215 E.01601
G1 X165.44 Y167.329 E.06055
G1 X165.775 Y166.995 E.01601
G1 X166.66 Y165.44 E.06055
G1 X166.995 Y165.106 E.01601
G1 X168.549 Y164.22 E.06055
G1 X168.884 Y163.886 E.01601
G1 X169 Y163.681 E.00799
G1 X169 Y165.309 E.05512
SET_VELOCITY_LIMIT ACCEL=1000 ACCEL_TO_DECEL=500
G1 E-.8 F1800
G1 X162.211 Y168.796 Z7.8 F7200
G1 X161.814 Y169 Z7.8 F7200
G1 Z7.4 F7200
G1 E.8 F1800
SET_VELOCITY_LIMIT ACCEL=500 ACCEL_TO_DECEL=250
G1 F6000
G1 X160.186 Y169 E.05512
G1 X160.443 Y168.549 E.01758
G1 X160.777 Y168.215 E.01601
G1 X162.332 Y167.329 E.06055
G1 X162.666 Y166.995 E.01601
G1 X163.551 Y165.44 E.06055
G1 X163.886 Y165.106 E.01601
G1 X165.44 Y164.22 E.06055
G1 X165.775 Y163.886 E.01601
G1 X166.66 Y162.332 E.06055
G1 X166.995 Y161.997 E.01601
G1 X168.549 Y161.112 E.06055
G1 X168.884 Y160.777 E.01601
G1 X169 Y160.572 E.00799
G1 X169 Y157.463 E.10523
G1 X168.884 Y157.668 E.00799
G1 X168.549 Y158.003 E.01601
G1 X166.995 Y158.888 E.06055
G1 X166.66 Y159.223 E.01601
G1 X165.775 Y160.777 E.06055
G1 X165.44 Y161.112 E.01601
G1 X163.886 Y161.997 E.06055
G1 X163.551 Y162.332 E.01601
G1 X162.666 Y163.886 E.06055
G1 X162.332 Y164.22 E.01601
G1 X160.777 Y165.106 E.06055
G1 X160.443 Y165.44 E.01601
G1 X159.557 Y166.995 E.06055
G1 X159.223 Y167.329 E.01601
G1 X157.668 Y168.215 E.06055
G1 X157.334 Y168.549 E.01601
G1 X157.077 Y169 E.01758
G1 X153.968 Y169 E.10523
G1 X154.225 Y168.549 E.01758
G1 X154.56 Y168.215 E.01601
G1 X156.114 Y167.329 E.06055
G1 X156.449 Y166.995 E.01601
G1 X157.334 Y165.44 E.06055
G1 X157.668 Y165.106 E.01601
G1 X159.223 Y164.22 E.06055
G1 X159.557 Y163.886 E.01601
G1 X160.443 Y162.332 E.06055
G1 X160.777 Y161.997 E.01601
G1 X162.332 Y161.112 E.06055
G1 X162.666 Y160.777 E.01601
G1 X163.551 Y159.223 E.06055
G1 X163.886 Y158.888 E.01601
G1 X165.44 Y158.003 E.06055
G1 X165.775 Y157.668 E.01601
G1 X166.66 Y156.114 E.06055
G1 X166.995 Y155.78 E.01601
G1 X168.549 Y154.894 E.06055
G1 X168.884 Y154.56 E.01601
G1 X169 Y154.355 E.00799
G1 X169 Y151.246 E.10523
G1 X168.884 Y151.451 E.00799
G1 X168.549 Y151.785 E.01601
G1 X166.995 Y152.671 E.06055
G1 X166.66 Y153.005 E.01601
G1 X165.775 Y154.56 E.06055
G1 X165.44 Y154.894 E.01601
G1 X163.886 Y155.78 E.06055
G1 X163.551 Y156.114 E.01601
G1 X162.666 Y157.668 E.06055
G1 X162.332 Y158.003 E.01601
G1 X160.777 Y158.888 E.06055
G1 X160.443 Y159.223 E.01601
G1 X159.557 Y160.777 E.06055
G1 X159.223 Y161.112 E.01601
G1 X157.668 Y161.997 E.06055
G1 X157.334 Y162.332 E.01601
G1 X156.449 Y163.886 E.06055
G1 X156.114 Y164.22 E.01601
G1 X154.56 Y165.106 E.06055
G1 X154.225 Y165.44 E.01601
G1 X153.34 Y166.995 E.06055
G1 X153.005 Y167.329 E.01601
G1 X151.451 Y168.215 E.06055
G1 X151.116 Y168.549 E.01601
G1 X151 Y168.754 E.00799
G1 X151 Y165.645 E.10523
G1 X151.116 Y165.44 E.00799
G1 X151.451 Y165.106 E.01601
G1 X153.005 Y164.22 E.06055
G1 X153.34 Y163.886 E.01601
G1 X154.225 Y162.332 E.06055
G1 X154.56 Y161.997 E.01601
G1 X156.114 Y161.112 E.06055
G1 X156.449 Y160.777 E.01601
G1 X157.334 Y159.223 E.06055
G1 X157.668 Y158.888 E.01601
G1 X159.223 Y158.003 E.06055
G1 X159.557 Y157.668 E.01601
G1 X160.443 Y156.114 E.06055
G1 X160.777 Y155.78 E.01601
G1 X162.332 Y154.894 E.06055
G1 X162.666 Y154.56 E.01601
G1 X163.551 Y153.005 E.06055
G1 X163.886 Y152.671 E.01601
G1 X165.44 Y151.785 E.06055
G1 X165.775 Y151.451 E.01601
G1 X166.032 Y151 E.01758
G1 X162.923 Y151 E.10523
G1 X162.666 Y151.451 E.01758
G1 X162.332 Y151.785 E.01601
G1 X160.777 Y152.671 E.06055
G1 X160.443 Y153.005 E.01601
G1 X159.557 Y154.56 E.06055
G1 X159.223 Y154.894 E.01601
G1 X157.668 Y155.78 E.06055
G1 X157.334 Y156.114 E.01601
G1 X156.449 Y157.668 E.06055
G1 X156.114 Y158.003 E.01601
G1 X154.56 Y158.888 E.06055
G1 X154.225 Y159.223 E.01601
G1 X153.34 Y160.777 E.06055
G1 X153.005 Y161.112 E.01601
G1 X151.451 Y161.997 E.06055
G1 X151.116 Y162.332 E.01601
G1 X151 Y162.537 E.00799
G1 X151 Y159.428 E.10523
G1 X151.116 Y159.223 E.00799
G1 X151.451 Y158.888 E.01601
G1 X153.005 Y158.003 E.06055
G1 X153.34 Y157.668 E.01601
G1 X154.225 Y156.114 E.06055
G1 X154.56 Y155.78 E.01601
G1 X156.114 Y154.894 E.06055
G1 X156.449 Y154.56 E.01601
G1 X157.334 Y153.005 E.06055
G1 X157.668 Y152.671 E.01601
G1 X159.223 Y151.785 E.06055
G1 X159.557 Y151.451 E.01601
G1 X159.814 Y151 E.01758
G1 X156.706 Y151 E.10523
G1 X156.449 Y151.451 E.01758
G1 X156.114 Y151.785 E.01601
G1 X154.56 Y152.671 E.06055
G1 X154.225 Y153.005 E.01601
G1 X153.34 Y154.56 E.06055
G1 X153.005 Y154.894 E.01601
G1 X151.451 Y155.78 E.06055
G1 X151.116 Y156.114 E.01601
G1 X151 Y156.319 E.00799
G1 X151 Y153.21 E.10523
G1 X151.116 Y153.005 E.00799
G1 X151.451 Y152.671 E.01601
G1 X153.005 Y151.785 E.06055
G1 X153.34 Y151.451 E.01601
G1 X153.597 Y151 E.01758
G1 X151.969 Y151 E.05512
M400
G1 E-10 F1800
G1 Z7.8 F7200
M104 S150 T1 ; standby
M104 S270 T0 ; pre-charge
M109 S270 T0
MOVE_TO_BRUSH_STATION
CLEAN_NOZZLE
MOVE_OUT_BRUSH_STATION
M106 P2 S130 ; fibre-side cooling, fan4
M106 P1 S0 ; part-cooling, fan3
T0 ; switch extruder type to:FIBER
; LAYER:37 [7.40]
M1001 L71
G1 F1200 Z8.60
G1 X151.11 Y151.11 F1200
G1 F1200 U55.000 ; Extrude restart
G1 F1200 Z7.40
G1 F600 V1.000 ; Recover matrix retract
G1 F600 V3.000 ; Matrix prime
G1 X167.45 Y151.11 V0.545 U16.017 P0.034 F1200
; Start to cut
M2800
M400
;CUT DISTANCE 54.8
G1 X168.89 Y151.11 V0.048 F1200
G1 X168.89 Y168.89 V0.593 F1200
G1 X151.11 Y168.89 V0.593 F1200
G1 X151.11 Y151.11 V0.593 F1200
; Cutting completed.
G1 F600 V-1.000 ; Retract
G1 F1200 Z8.00
M1002
M1001 L404
G1 F1200 Z8.60
G1 X151.76 Y152.11 F1200
G1 F1200 U55.000 ; Extrude restart
G1 F1200 Z7.40
G1 F600 V1.000 ; Recover matrix retract
G1 F600 V3.000 ; Matrix prime
G1 X168.24 Y152.11 V0.549 U16.156 P0.034 F1200
G1 X168.24 Y152.81 V0.023 U0.686 P0.034 F1200
G1 X151.76 Y152.81 V0.549 U16.156 P0.034 F1200
G1 X151.76 Y153.51 V0.023 U0.686 P0.034 F1200
G1 X168.24 Y153.51 V0.549 U16.156 P0.034 F1200
G1 X168.24 Y154.21 V0.023 U0.686 P0.034 F1200
M73 P36 R38
G1 X151.76 Y154.21 V0.549 U16.156 P0.034 F1200
G1 X151.76 Y154.91 V0.023 U0.686 P0.034 F1200
G1 X168.24 Y154.91 V0.549 U16.156 P0.034 F1200
G1 X168.24 Y155.61 V0.023 U0.686 P0.034 F1200
G1 X151.76 Y155.61 V0.549 U16.156 P0.034 F1200
G1 X151.76 Y156.31 V0.023 U0.686 P0.034 F1200
G1 X168.24 Y156.31 V0.549 U16.156 P0.034 F1200
G1 X168.24 Y157.01 V0.023 U0.686 P0.034 F1200
G1 X151.76 Y157.01 V0.549 U16.156 P0.034 F1200
G1 X151.76 Y157.71 V0.023 U0.686 P0.034 F1200
M73 P37 R38
G1 X168.24 Y157.71 V0.549 U16.156 P0.034 F1200
G1 X168.24 Y158.41 V0.023 U0.686 P0.034 F1200
G1 X151.76 Y158.41 V0.549 U16.156 P0.034 F1200
G1 X151.76 Y159.11 V0.023 U0.686 P0.034 F1200
G1 X168.24 Y159.11 V0.549 U16.156 P0.034 F1200
G1 X168.24 Y159.81 V0.023 U0.686 P0.034 F1200
G1 X151.76 Y159.81 V0.549 U16.156 P0.034 F1200
G1 X151.76 Y160.51 V0.023 U0.686 P0.034 F1200
G1 X168.24 Y160.51 V0.549 U16.156 P0.034 F1200
G1 X168.24 Y161.21 V0.023 U0.686 P0.034 F1200
G1 X151.76 Y161.21 V0.549 U16.156 P0.034 F1200
G1 X151.76 Y161.91 V0.023 U0.686 P0.034 F1200
G1 X168.24 Y161.91 V0.549 U16.156 P0.034 F1200
G1 X168.24 Y162.61 V0.023 U0.686 P0.034 F1200
G1 X151.76 Y162.61 V0.549 U16.156 P0.034 F1200
G1 X151.76 Y163.31 V0.023 U0.686 P0.034 F1200
G1 X168.24 Y163.31 V0.549 U16.156 P0.034 F1200
G1 X168.24 Y164.01 V0.023 U0.686 P0.034 F1200
G1 X151.76 Y164.01 V0.549 U16.156 P0.034 F1200
G1 X151.76 Y164.71 V0.023 U0.686 P0.034 F1200
G1 X168.24 Y164.71 V0.549 U16.156 P0.034 F1200
G1 X168.24 Y165.41 V0.023 U0.686 P0.034 F1200
G1 X151.76 Y165.41 V0.549 U16.156 P0.034 F1200
G1 X151.76 Y166.11 V0.023 U0.686 P0.034 F1200
G1 X165.00 Y166.11 V0.441 U12.979 P0.034 F1200
; Start to cut
M2800
M400
;CUT DISTANCE 54.8
G1 X168.24 Y166.11 V0.108 F1200
G1 X168.24 Y166.81 V0.023 F1200
G1 X151.76 Y166.81 V0.549 F1200
G1 X151.76 Y167.51 V0.023 F1200
G1 X168.24 Y167.51 V0.549 F1200
G1 X168.24 Y168.21 V0.023 F1200
G1 X151.76 Y168.21 V0.549 F1200
; Cutting completed.
G1 F600 V-1.000 ; Retract
G1 F1200 Z8.00
M1002
M400
G1 F600 V-4.000 ; Toolchange matrix retract
M104 S180 T0 ; standby
M104 S250 T1 ; pre-charge
M109 S250 T1
MOVE_TO_BRUSH_STATION
CLEAN_NOZZLE
MOVE_OUT_BRUSH_STATION
M106 P2 S0 ; fibre-side cooling, fan4
M106 P1 S130 ; part-cooling, fan3
T1 ; switch extruder type to:PLASTIC
G1 Z7.4 F7200
G1 E10 F1800
M106 S130
;LAYER_CHANGE
;Z:7.6
;HEIGHT:0.2
;_SET_FAN_SPEED_CHANGING_LAYER
SET_VELOCITY_LIMIT ACCEL=1000 ACCEL_TO_DECEL=500
G1 E-.8 F1800
G1 X157.217 Y156.541 Z8 F7200
G1 X169.346 Y169.346 Z8 F7200
G1 Z7.6 F7200
G1 E.8 F1800
;TYPE:Inner wall
;WIDTH:0.449999
G1 F3600
G1 X150.654 Y169.346 E.6327
G1 X150.654 Y150.654 E.6327
G1 X169.346 Y150.654 E.6327
G1 X169.346 Y169.306 E.63135
SET_VELOCITY_LIMIT ACCEL=500 ACCEL_TO_DECEL=250
G1 X169.775 Y169.775 F7200
;TYPE:Outer wall
G1 F3600
G1 X150.225 Y169.775 E.66174
G1 X150.225 Y150.225 E.66174
G1 X169.775 Y150.225 E.66174
G1 X169.775 Y169.735 E.66039
SET_VELOCITY_LIMIT ACCEL=1000 ACCEL_TO_DECEL=500
G1 X169 Y168.172 F7200
SET_VELOCITY_LIMIT ACCEL=500 ACCEL_TO_DECEL=250
;TYPE:Sparse infill
;WIDTH:0.45
G1 F6000
G1 X169 Y166.543 E.05512
G1 X166.543 Y169 E.11762
G1 X163.435 Y169 E.10523
G1 X169 Y163.435 E.26643
G1 X169 Y165.063 E.05512
SET_VELOCITY_LIMIT ACCEL=1000 ACCEL_TO_DECEL=500
G1 E-.8 F1800
G1 X161.871 Y167.788 Z8 F7200
G1 X158.698 Y169 Z8 F7200
G1 Z7.6 F7200
G1 E.8 F1800
SET_VELOCITY_LIMIT ACCEL=500 ACCEL_TO_DECEL=250
G1 F6000
G1 X160.326 Y169 E.05512
G1 X169 Y160.326 E.41525
G1 X169 Y157.217 E.10523
G1 X157.217 Y169 E.56406
G1 X154.108 Y169 E.10523
G1 X169 Y154.108 E.71288
G1 X169 Y151 E.10523
G1 X151 Y169 E.86169
G1 X151 Y165.892 E.10523
G1 X165.892 Y151 E.71288
G1 X162.783 Y151 E.10523
G1 X151 Y162.783 E.56406
G1 X151 Y159.674 E.10523
G1 X159.674 Y151 E.41525
G1 X156.565 Y151 E.10523
G1 X151 Y156.565 E.26643
G1 X151 Y153.457 E.10523
G1 X153.457 Y151 E.11762
G1 X151.828 Y151 E.05512
M400
G1 E-10 F1800
G1 Z8 F7200
M104 S150 T1 ; standby
M104 S270 T0 ; pre-charge
M109 S270 T0
MOVE_TO_BRUSH_STATION
CLEAN_NOZZLE
MOVE_OUT_BRUSH_STATION
M106 P2 S132 ; fibre-side cooling, fan4
M106 P1 S0 ; part-cooling, fan3
T0 ; switch extruder type to:FIBER
; LAYER:38 [7.60]
M1001 L71
G1 F1200 Z8.80
G1 X151.11 Y151.11 F1200
G1 F1200 U55.000 ; Extrude restart
G1 F1200 Z7.60
G1 F600 V1.000 ; Recover matrix retract
G1 F600 V3.000 ; Matrix prime
G1 X167.45 Y151.11 V0.545 U16.017 P0.034 F1200
; Start to cut
M2800
M400
;CUT DISTANCE 54.8
G1 X168.89 Y151.11 V0.048 F1200
G1 X168.89 Y168.89 V0.593 F1200
G1 X151.11 Y168.89 V0.593 F1200
G1 X151.11 Y151.11 V0.593 F1200
; Cutting completed.
G1 F600 V-1.000 ; Retract
G1 F1200 Z8.20
M1002
M1001 L404
G1 F1200 Z8.80
G1 X167.89 Y151.76 F1200
G1 F1200 U55.000 ; Extrude restart
G1 F1200 Z7.60
G1 F600 V1.000 ; Recover matrix retract
G1 F600 V3.000 ; Matrix prime
G1 X167.89 Y168.24 V0.549 U16.156 P0.034 F1200
G1 X167.19 Y168.24 V0.023 U0.686 P0.034 F1200
G1 X167.19 Y151.76 V0.549 U16.156 P0.034 F1200
G1 X166.49 Y151.76 V0.023 U0.686 P0.034 F1200
G1 X166.49 Y168.24 V0.549 U16.156 P0.034 F1200
G1 X165.79 Y168.24 V0.023 U0.686 P0.034 F1200
G1 X165.79 Y151.76 V0.549 U16.156 P0.034 F1200
G1 X165.09 Y151.76 V0.023 U0.686 P0.034 F1200
G1 X165.09 Y168.24 V0.549 U16.156 P0.034 F1200
G1 X164.39 Y168.24 V0.023 U0.686 P0.034 F1200
G1 X164.39 Y151.76 V0.549 U16.156 P0.034 F1200
G1 X163.69 Y151.76 V0.023 U0.686 P0.034 F1200
G1 X163.69 Y168.24 V0.549 U16.156 P0.034 F1200
G1 X162.99 Y168.24 V0.023 U0.686 P0.034 F1200
G1 X162.99 Y151.76 V0.549 U16.156 P0.034 F1200
G1 X162.29 Y151.76 V0.023 U0.686 P0.034 F1200
G1 X162.29 Y168.24 V0.549 U16.156 P0.034 F1200
G1 X161.59 Y168.24 V0.023 U0.686 P0.034 F1200
G1 X161.59 Y151.76 V0.549 U16.156 P0.034 F1200
G1 X160.89 Y151.76 V0.023 U0.686 P0.034 F1200
M73 P38 R38
G1 X160.89 Y168.24 V0.549 U16.156 P0.034 F1200
G1 X160.19 Y168.24 V0.023 U0.686 P0.034 F1200
G1 X160.19 Y151.76 V0.549 U16.156 P0.034 F1200
G1 X159.49 Y151.76 V0.023 U0.686 P0.034 F1200
G1 X159.49 Y168.24 V0.549 U16.156 P0.034 F1200
G1 X158.79 Y168.24 V0.023 U0.686 P0.034 F1200
G1 X158.79 Y151.76 V0.549 U16.156 P0.034 F1200
G1 X158.09 Y151.76 V0.023 U0.686 P0.034 F1200
G1 X158.09 Y168.24 V0.549 U16.156 P0.034 F1200
G1 X157.39 Y168.24 V0.023 U0.686 P0.034 F1200
G1 X157.39 Y151.76 V0.549 U16.156 P0.034 F1200
G1 X156.69 Y151.76 V0.023 U0.686 P0.034 F1200
G1 X156.69 Y168.24 V0.549 U16.156 P0.034 F1200
G1 X155.99 Y168.24 V0.023 U0.686 P0.034 F1200
G1 X155.99 Y151.76 V0.549 U16.156 P0.034 F1200
G1 X155.29 Y151.76 V0.023 U0.686 P0.034 F1200
G1 X155.29 Y168.24 V0.549 U16.156 P0.034 F1200
G1 X154.59 Y168.24 V0.023 U0.686 P0.034 F1200
G1 X154.59 Y151.76 V0.549 U16.156 P0.034 F1200
G1 X153.89 Y151.76 V0.023 U0.686 P0.034 F1200
G1 X153.89 Y165.00 V0.441 U12.979 P0.034 F1200
; Start to cut
M2800
M400
;CUT DISTANCE 54.8
G1 X153.89 Y168.24 V0.108 F1200
G1 X153.19 Y168.24 V0.023 F1200
G1 X153.19 Y151.76 V0.549 F1200
G1 X152.49 Y151.76 V0.023 F1200
G1 X152.49 Y168.24 V0.549 F1200
G1 X151.79 Y168.24 V0.023 F1200
G1 X151.79 Y151.76 V0.549 F1200
; Cutting completed.
G1 F600 V-1.000 ; Retract
G1 F1200 Z8.20
M1002
M400
G1 F600 V-4.000 ; Toolchange matrix retract
M104 S180 T0 ; standby
M104 S250 T1 ; pre-charge
M109 S250 T1
MOVE_TO_BRUSH_STATION
CLEAN_NOZZLE
MOVE_OUT_BRUSH_STATION
M106 P2 S0 ; fibre-side cooling, fan4
M106 P1 S132 ; part-cooling, fan3
T1 ; switch extruder type to:PLASTIC
G1 Z7.6 F7200
G1 E10 F1800
M106 S132
;LAYER_CHANGE
;Z:7.8
;HEIGHT:0.2
;_SET_FAN_SPEED_CHANGING_LAYER
SET_VELOCITY_LIMIT ACCEL=1000 ACCEL_TO_DECEL=500
G1 E-.8 F1800
G1 X157.099 Y156.52 Z8.2 F7200
G1 X169.346 Y169.346 Z8.2 F7200
G1 Z7.8 F7200
G1 E.8 F1800
;TYPE:Inner wall
;WIDTH:0.449999
G1 F3600
G1 X150.654 Y169.346 E.6327
G1 X150.654 Y150.654 E.6327
G1 X169.346 Y150.654 E.6327
G1 X169.346 Y169.306 E.63135
SET_VELOCITY_LIMIT ACCEL=500 ACCEL_TO_DECEL=250
G1 X169.775 Y169.775 F7200
;TYPE:Outer wall
G1 F3600
G1 X150.225 Y169.775 E.66174
G1 X150.225 Y150.225 E.66174
G1 X169.775 Y150.225 E.66174
G1 X169.775 Y169.735 E.66039
SET_VELOCITY_LIMIT ACCEL=1000 ACCEL_TO_DECEL=500
G1 X169 Y168.172 F7200
SET_VELOCITY_LIMIT ACCEL=500 ACCEL_TO_DECEL=250
;TYPE:Sparse infill
;WIDTH:0.45
G1 F6000
G1 X169 Y166.543 E.05512
G1 X166.543 Y169 E.11762
G1 X163.435 Y169 E.10523
G1 X169 Y163.435 E.26643
G1 X169 Y165.063 E.05512
SET_VELOCITY_LIMIT ACCEL=1000 ACCEL_TO_DECEL=500
G1 E-.8 F1800
G1 X161.871 Y167.788 Z8.2 F7200
G1 X158.698 Y169 Z8.2 F7200
G1 Z7.8 F7200
G1 E.8 F1800
SET_VELOCITY_LIMIT ACCEL=500 ACCEL_TO_DECEL=250
G1 F6000
G1 X160.326 Y169 E.05512
G1 X169 Y160.326 E.41525
G1 X169 Y157.217 E.10523
G1 X157.217 Y169 E.56406
G1 X154.108 Y169 E.10523
M73 P38 R37
G1 X169 Y154.108 E.71288
G1 X169 Y151 E.10523
G1 X151 Y169 E.86169
G1 X151 Y165.892 E.10523
G1 X165.892 Y151 E.71288
G1 X162.783 Y151 E.10523
G1 X151 Y162.783 E.56406
G1 X151 Y159.674 E.10523
G1 X159.674 Y151 E.41525
G1 X156.565 Y151 E.10523
G1 X151 Y156.565 E.26643
G1 X151 Y153.457 E.10523
G1 X153.457 Y151 E.11762
G1 X151.828 Y151 E.05512
M400
G1 E-10 F1800
G1 Z8.2 F7200
M104 S150 T1 ; standby
M104 S270 T0 ; pre-charge
M109 S270 T0
MOVE_TO_BRUSH_STATION
CLEAN_NOZZLE
MOVE_OUT_BRUSH_STATION
M106 P2 S130 ; fibre-side cooling, fan4
M106 P1 S0 ; part-cooling, fan3
T0 ; switch extruder type to:FIBER
; LAYER:39 [7.80]
M1001 L71
G1 F1200 Z9.00
G1 X151.11 Y151.11 F1200
G1 F1200 U55.000 ; Extrude restart
G1 F1200 Z7.80
G1 F600 V1.000 ; Recover matrix retract
G1 F600 V3.000 ; Matrix prime
G1 X167.45 Y151.11 V0.545 U16.017 P0.034 F1200
; Start to cut
M2800
M400
;CUT DISTANCE 54.8
G1 X168.89 Y151.11 V0.048 F1200
G1 X168.89 Y168.89 V0.593 F1200
G1 X151.11 Y168.89 V0.593 F1200
G1 X151.11 Y151.11 V0.593 F1200
; Cutting completed.
G1 F600 V-1.000 ; Retract
G1 F1200 Z8.40
M1002
M1001 L404
G1 F1200 Z9.00
G1 X151.76 Y152.11 F1200
G1 F1200 U55.000 ; Extrude restart
G1 F1200 Z7.80
G1 F600 V1.000 ; Recover matrix retract
G1 F600 V3.000 ; Matrix prime
G1 X168.24 Y152.11 V0.549 U16.156 P0.034 F1200
G1 X168.24 Y152.81 V0.023 U0.686 P0.034 F1200
G1 X151.76 Y152.81 V0.549 U16.156 P0.034 F1200
G1 X151.76 Y153.51 V0.023 U0.686 P0.034 F1200
G1 X168.24 Y153.51 V0.549 U16.156 P0.034 F1200
G1 X168.24 Y154.21 V0.023 U0.686 P0.034 F1200
G1 X151.76 Y154.21 V0.549 U16.156 P0.034 F1200
G1 X151.76 Y154.91 V0.023 U0.686 P0.034 F1200
G1 X168.24 Y154.91 V0.549 U16.156 P0.034 F1200
G1 X168.24 Y155.61 V0.023 U0.686 P0.034 F1200
G1 X151.76 Y155.61 V0.549 U16.156 P0.034 F1200
G1 X151.76 Y156.31 V0.023 U0.686 P0.034 F1200
G1 X168.24 Y156.31 V0.549 U16.156 P0.034 F1200
G1 X168.24 Y157.01 V0.023 U0.686 P0.034 F1200
G1 X151.76 Y157.01 V0.549 U16.156 P0.034 F1200
G1 X151.76 Y157.71 V0.023 U0.686 P0.034 F1200
G1 X168.24 Y157.71 V0.549 U16.156 P0.034 F1200
G1 X168.24 Y158.41 V0.023 U0.686 P0.034 F1200
G1 X151.76 Y158.41 V0.549 U16.156 P0.034 F1200
G1 X151.76 Y159.11 V0.023 U0.686 P0.034 F1200
G1 X168.24 Y159.11 V0.549 U16.156 P0.034 F1200
G1 X168.24 Y159.81 V0.023 U0.686 P0.034 F1200
G1 X151.76 Y159.81 V0.549 U16.156 P0.034 F1200
G1 X151.76 Y160.51 V0.023 U0.686 P0.034 F1200
G1 X168.24 Y160.51 V0.549 U16.156 P0.034 F1200
G1 X168.24 Y161.21 V0.023 U0.686 P0.034 F1200
M73 P39 R37
G1 X151.76 Y161.21 V0.549 U16.156 P0.034 F1200
G1 X151.76 Y161.91 V0.023 U0.686 P0.034 F1200
G1 X168.24 Y161.91 V0.549 U16.156 P0.034 F1200
G1 X168.24 Y162.61 V0.023 U0.686 P0.034 F1200
G1 X151.76 Y162.61 V0.549 U16.156 P0.034 F1200
G1 X151.76 Y163.31 V0.023 U0.686 P0.034 F1200
G1 X168.24 Y163.31 V0.549 U16.156 P0.034 F1200
G1 X168.24 Y164.01 V0.023 U0.686 P0.034 F1200
G1 X151.76 Y164.01 V0.549 U16.156 P0.034 F1200
G1 X151.76 Y164.71 V0.023 U0.686 P0.034 F1200
G1 X168.24 Y164.71 V0.549 U16.156 P0.034 F1200
G1 X168.24 Y165.41 V0.023 U0.686 P0.034 F1200
G1 X151.76 Y165.41 V0.549 U16.156 P0.034 F1200
G1 X151.76 Y166.11 V0.023 U0.686 P0.034 F1200
G1 X165.00 Y166.11 V0.441 U12.979 P0.034 F1200
; Start to cut
M2800
M400
;CUT DISTANCE 54.8
G1 X168.24 Y166.11 V0.108 F1200
G1 X168.24 Y166.81 V0.023 F1200
G1 X151.76 Y166.81 V0.549 F1200
G1 X151.76 Y167.51 V0.023 F1200
G1 X168.24 Y167.51 V0.549 F1200
G1 X168.24 Y168.21 V0.023 F1200
G1 X151.76 Y168.21 V0.549 F1200
; Cutting completed.
G1 F600 V-1.000 ; Retract
G1 F1200 Z8.40
M1002
M400
G1 F600 V-4.000 ; Toolchange matrix retract
M104 S180 T0 ; standby
M104 S250 T1 ; pre-charge
M109 S250 T1
MOVE_TO_BRUSH_STATION
CLEAN_NOZZLE
MOVE_OUT_BRUSH_STATION
M106 P2 S0 ; fibre-side cooling, fan4
M106 P1 S130 ; part-cooling, fan3
T1 ; switch extruder type to:PLASTIC
G1 Z7.8 F7200
G1 E10 F1800
;LAYER_CHANGE
;Z:8
;HEIGHT:0.2
;_SET_FAN_SPEED_CHANGING_LAYER
SET_VELOCITY_LIMIT ACCEL=1000 ACCEL_TO_DECEL=500
G1 E-.8 F1800
G1 X157.099 Y156.52 Z8.4 F7200
G1 X169.346 Y169.346 Z8.4 F7200
G1 Z8 F7200
G1 E.8 F1800
;TYPE:Inner wall
;WIDTH:0.449999
G1 F3600
G1 X150.654 Y169.346 E.6327
G1 X150.654 Y150.654 E.6327
G1 X169.346 Y150.654 E.6327
G1 X169.346 Y169.306 E.63135
SET_VELOCITY_LIMIT ACCEL=500 ACCEL_TO_DECEL=250
G1 X169.775 Y169.775 F7200
;TYPE:Outer wall
G1 F3600
G1 X150.225 Y169.775 E.66174
G1 X150.225 Y150.225 E.66174
G1 X169.775 Y150.225 E.66174
G1 X169.775 Y169.735 E.66039
SET_VELOCITY_LIMIT ACCEL=1000 ACCEL_TO_DECEL=500
G1 X169 Y168.172 F7200
SET_VELOCITY_LIMIT ACCEL=500 ACCEL_TO_DECEL=250
;TYPE:Sparse infill
;WIDTH:0.45
G1 F6000
G1 X169 Y166.543 E.05512
G1 X166.543 Y169 E.11762
G1 X163.435 Y169 E.10523
G1 X169 Y163.435 E.26643
G1 X169 Y165.063 E.05512
SET_VELOCITY_LIMIT ACCEL=1000 ACCEL_TO_DECEL=500
G1 E-.8 F1800
G1 X161.871 Y167.788 Z8.4 F7200
G1 X158.698 Y169 Z8.4 F7200
G1 Z8 F7200
G1 E.8 F1800
SET_VELOCITY_LIMIT ACCEL=500 ACCEL_TO_DECEL=250
G1 F6000
G1 X160.326 Y169 E.05512
G1 X169 Y160.326 E.41525
G1 X169 Y157.217 E.10523
G1 X157.217 Y169 E.56406
G1 X154.108 Y169 E.10523
G1 X169 Y154.108 E.71288
G1 X169 Y151 E.10523
G1 X151 Y169 E.86169
G1 X151 Y165.892 E.10523
G1 X165.892 Y151 E.71288
G1 X162.783 Y151 E.10523
G1 X151 Y162.783 E.56406
G1 X151 Y159.674 E.10523
G1 X159.674 Y151 E.41525
G1 X156.565 Y151 E.10523
G1 X151 Y156.565 E.26643
G1 X151 Y153.457 E.10523
G1 X153.457 Y151 E.11762
G1 X151.828 Y151 E.05512
M400
G1 E-10 F1800
G1 Z8.4 F7200
M104 S150 T1 ; standby
M104 S270 T0 ; pre-charge
M109 S270 T0
MOVE_TO_BRUSH_STATION
CLEAN_NOZZLE
MOVE_OUT_BRUSH_STATION
M106 P2 S132 ; fibre-side cooling, fan4
M106 P1 S0 ; part-cooling, fan3
T0 ; switch extruder type to:FIBER
; LAYER:40 [8.00]
M1001 L71
G1 F1200 Z9.20
G1 X151.11 Y151.11 F1200
G1 F1200 U55.000 ; Extrude restart
G1 F1200 Z8.00
G1 F600 V1.000 ; Recover matrix retract
G1 F600 V3.000 ; Matrix prime
G1 X167.45 Y151.11 V0.545 U16.017 P0.034 F1200
; Start to cut
M2800
M400
;CUT DISTANCE 54.8
G1 X168.89 Y151.11 V0.048 F1200
G1 X168.89 Y168.89 V0.593 F1200
G1 X151.11 Y168.89 V0.593 F1200
G1 X151.11 Y151.11 V0.593 F1200
; Cutting completed.
G1 F600 V-1.000 ; Retract
G1 F1200 Z8.60
M1002
M1001 L404
G1 F1200 Z9.20
G1 X151.76 Y152.11 F1200
G1 F1200 U55.000 ; Extrude restart
G1 F1200 Z8.00
G1 F600 V1.000 ; Recover matrix retract
G1 F600 V3.000 ; Matrix prime
G1 X168.24 Y152.11 V0.549 U16.156 P0.034 F1200
G1 X168.24 Y152.81 V0.023 U0.686 P0.034 F1200
G1 X151.76 Y152.81 V0.549 U16.156 P0.034 F1200
G1 X151.76 Y153.51 V0.023 U0.686 P0.034 F1200
G1 X168.24 Y153.51 V0.549 U16.156 P0.034 F1200
G1 X168.24 Y154.21 V0.023 U0.686 P0.034 F1200
G1 X151.76 Y154.21 V0.549 U16.156 P0.034 F1200
G1 X151.76 Y154.91 V0.023 U0.686 P0.034 F1200
G1 X168.24 Y154.91 V0.549 U16.156 P0.034 F1200
G1 X168.24 Y155.61 V0.023 U0.686 P0.034 F1200
G1 X151.76 Y155.61 V0.549 U16.156 P0.034 F1200
G1 X151.76 Y156.31 V0.023 U0.686 P0.034 F1200
G1 X168.24 Y156.31 V0.549 U16.156 P0.034 F1200
G1 X168.24 Y157.01 V0.023 U0.686 P0.034 F1200
G1 X151.76 Y157.01 V0.549 U16.156 P0.034 F1200
G1 X151.76 Y157.71 V0.023 U0.686 P0.034 F1200
G1 X168.24 Y157.71 V0.549 U16.156 P0.034 F1200
G1 X168.24 Y158.41 V0.023 U0.686 P0.034 F1200
G1 X151.76 Y158.41 V0.549 U16.156 P0.034 F1200
G1 X151.76 Y159.11 V0.023 U0.686 P0.034 F1200
G1 X168.24 Y159.11 V0.549 U16.156 P0.034 F1200
G1 X168.24 Y159.81 V0.023 U0.686 P0.034 F1200
G1 X151.76 Y159.81 V0.549 U16.156 P0.034 F1200
G1 X151.76 Y160.51 V0.023 U0.686 P0.034 F1200
G1 X168.24 Y160.51 V0.549 U16.156 P0.034 F1200
G1 X168.24 Y161.21 V0.023 U0.686 P0.034 F1200
G1 X151.76 Y161.21 V0.549 U16.156 P0.034 F1200
G1 X151.76 Y161.91 V0.023 U0.686 P0.034 F1200
G1 X168.24 Y161.91 V0.549 U16.156 P0.034 F1200
G1 X168.24 Y162.61 V0.023 U0.686 P0.034 F1200
G1 X151.76 Y162.61 V0.549 U16.156 P0.034 F1200
G1 X151.76 Y163.31 V0.023 U0.686 P0.034 F1200
G1 X168.24 Y163.31 V0.549 U16.156 P0.034 F1200
M73 P40 R37
G1 X168.24 Y164.01 V0.023 U0.686 P0.034 F1200
G1 X151.76 Y164.01 V0.549 U16.156 P0.034 F1200
G1 X151.76 Y164.71 V0.023 U0.686 P0.034 F1200
G1 X168.24 Y164.71 V0.549 U16.156 P0.034 F1200
G1 X168.24 Y165.41 V0.023 U0.686 P0.034 F1200
G1 X151.76 Y165.41 V0.549 U16.156 P0.034 F1200
G1 X151.76 Y166.11 V0.023 U0.686 P0.034 F1200
G1 X165.00 Y166.11 V0.441 U12.979 P0.034 F1200
; Start to cut
M2800
M400
;CUT DISTANCE 54.8
G1 X168.24 Y166.11 V0.108 F1200
M73 P40 R36
G1 X168.24 Y166.81 V0.023 F1200
G1 X151.76 Y166.81 V0.549 F1200
G1 X151.76 Y167.51 V0.023 F1200
G1 X168.24 Y167.51 V0.549 F1200
G1 X168.24 Y168.21 V0.023 F1200
G1 X151.76 Y168.21 V0.549 F1200
; Cutting completed.
G1 F600 V-1.000 ; Retract
G1 F1200 Z8.60
M1002
M400
G1 F600 V-4.000 ; Toolchange matrix retract
M104 S180 T0 ; standby
M104 S250 T1 ; pre-charge
M109 S250 T1
MOVE_TO_BRUSH_STATION
CLEAN_NOZZLE
MOVE_OUT_BRUSH_STATION
M106 P2 S0 ; fibre-side cooling, fan4
M106 P1 S132 ; part-cooling, fan3
T1 ; switch extruder type to:PLASTIC
G1 Z8 F7200
G1 E10 F1800
M106 S130
;LAYER_CHANGE
;Z:8.2
;HEIGHT:0.2
;_SET_FAN_SPEED_CHANGING_LAYER
SET_VELOCITY_LIMIT ACCEL=1000 ACCEL_TO_DECEL=500
G1 E-.8 F1800
G1 X157.099 Y156.52 Z8.6 F7200
G1 X169.346 Y169.346 Z8.6 F7200
G1 Z8.2 F7200
G1 E.8 F1800
;TYPE:Inner wall
;WIDTH:0.449999
G1 F3600
G1 X150.654 Y169.346 E.6327
G1 X150.654 Y150.654 E.6327
G1 X169.346 Y150.654 E.6327
G1 X169.346 Y169.306 E.63135
SET_VELOCITY_LIMIT ACCEL=500 ACCEL_TO_DECEL=250
G1 X169.775 Y169.775 F7200
;TYPE:Outer wall
G1 F3600
G1 X150.225 Y169.775 E.66174
G1 X150.225 Y150.225 E.66174
G1 X169.775 Y150.225 E.66174
G1 X169.775 Y169.735 E.66039
SET_VELOCITY_LIMIT ACCEL=1000 ACCEL_TO_DECEL=500
G1 X169 Y168.172 F7200
SET_VELOCITY_LIMIT ACCEL=500 ACCEL_TO_DECEL=250
;TYPE:Sparse infill
;WIDTH:0.45
G1 F6000
G1 X169 Y166.543 E.05512
G1 X166.543 Y169 E.11762
G1 X163.435 Y169 E.10523
G1 X169 Y163.435 E.26643
G1 X169 Y165.063 E.05512
SET_VELOCITY_LIMIT ACCEL=1000 ACCEL_TO_DECEL=500
G1 E-.8 F1800
G1 X161.871 Y167.788 Z8.6 F7200
G1 X158.698 Y169 Z8.6 F7200
G1 Z8.2 F7200
G1 E.8 F1800
SET_VELOCITY_LIMIT ACCEL=500 ACCEL_TO_DECEL=250
G1 F6000
G1 X160.326 Y169 E.05512
G1 X169 Y160.326 E.41525
G1 X169 Y157.217 E.10523
G1 X157.217 Y169 E.56406
G1 X154.108 Y169 E.10523
G1 X169 Y154.108 E.71288
G1 X169 Y151 E.10523
G1 X151 Y169 E.86169
G1 X151 Y165.892 E.10523
G1 X165.892 Y151 E.71288
G1 X162.783 Y151 E.10523
G1 X151 Y162.783 E.56406
G1 X151 Y159.674 E.10523
G1 X159.674 Y151 E.41525
G1 X156.565 Y151 E.10523
G1 X151 Y156.565 E.26643
G1 X151 Y153.457 E.10523
G1 X153.457 Y151 E.11762
G1 X151.828 Y151 E.05512
M400
G1 E-10 F1800
G1 Z8.6 F7200
M104 S150 T1 ; standby
M104 S270 T0 ; pre-charge
M109 S270 T0
MOVE_TO_BRUSH_STATION
CLEAN_NOZZLE
MOVE_OUT_BRUSH_STATION
M106 P2 S132 ; fibre-side cooling, fan4
M106 P1 S0 ; part-cooling, fan3
T0 ; switch extruder type to:FIBER
; LAYER:41 [8.20]
M1001 L71
G1 F1200 Z9.40
G1 X151.11 Y151.11 F1200
G1 F1200 U55.000 ; Extrude restart
G1 F1200 Z8.20
G1 F600 V1.000 ; Recover matrix retract
G1 F600 V3.000 ; Matrix prime
G1 X167.45 Y151.11 V0.545 U16.017 P0.034 F1200
; Start to cut
M2800
M400
;CUT DISTANCE 54.8
G1 X168.89 Y151.11 V0.048 F1200
G1 X168.89 Y168.89 V0.593 F1200
G1 X151.11 Y168.89 V0.593 F1200
G1 X151.11 Y151.11 V0.593 F1200
; Cutting completed.
G1 F600 V-1.000 ; Retract
G1 F1200 Z8.80
M1002
M1001 L404
G1 F1200 Z9.40
G1 X167.89 Y151.76 F1200
G1 F1200 U55.000 ; Extrude restart
G1 F1200 Z8.20
G1 F600 V1.000 ; Recover matrix retract
G1 F600 V3.000 ; Matrix prime
G1 X167.89 Y168.24 V0.549 U16.156 P0.034 F1200
G1 X167.19 Y168.24 V0.023 U0.686 P0.034 F1200
G1 X167.19 Y151.76 V0.549 U16.156 P0.034 F1200
G1 X166.49 Y151.76 V0.023 U0.686 P0.034 F1200
G1 X166.49 Y168.24 V0.549 U16.156 P0.034 F1200
G1 X165.79 Y168.24 V0.023 U0.686 P0.034 F1200
G1 X165.79 Y151.76 V0.549 U16.156 P0.034 F1200
G1 X165.09 Y151.76 V0.023 U0.686 P0.034 F1200
G1 X165.09 Y168.24 V0.549 U16.156 P0.034 F1200
G1 X164.39 Y168.24 V0.023 U0.686 P0.034 F1200
G1 X164.39 Y151.76 V0.549 U16.156 P0.034 F1200
G1 X163.69 Y151.76 V0.023 U0.686 P0.034 F1200
G1 X163.69 Y168.24 V0.549 U16.156 P0.034 F1200
G1 X162.99 Y168.24 V0.023 U0.686 P0.034 F1200
G1 X162.99 Y151.76 V0.549 U16.156 P0.034 F1200
G1 X162.29 Y151.76 V0.023 U0.686 P0.034 F1200
G1 X162.29 Y168.24 V0.549 U16.156 P0.034 F1200
G1 X161.59 Y168.24 V0.023 U0.686 P0.034 F1200
G1 X161.59 Y151.76 V0.549 U16.156 P0.034 F1200
G1 X160.89 Y151.76 V0.023 U0.686 P0.034 F1200
G1 X160.89 Y168.24 V0.549 U16.156 P0.034 F1200
G1 X160.19 Y168.24 V0.023 U0.686 P0.034 F1200
G1 X160.19 Y151.76 V0.549 U16.156 P0.034 F1200
G1 X159.49 Y151.76 V0.023 U0.686 P0.034 F1200
G1 X159.49 Y168.24 V0.549 U16.156 P0.034 F1200
G1 X158.79 Y168.24 V0.023 U0.686 P0.034 F1200
G1 X158.79 Y151.76 V0.549 U16.156 P0.034 F1200
G1 X158.09 Y151.76 V0.023 U0.686 P0.034 F1200
G1 X158.09 Y168.24 V0.549 U16.156 P0.034 F1200
G1 X157.39 Y168.24 V0.023 U0.686 P0.034 F1200
G1 X157.39 Y151.76 V0.549 U16.156 P0.034 F1200
G1 X156.69 Y151.76 V0.023 U0.686 P0.034 F1200
G1 X156.69 Y168.24 V0.549 U16.156 P0.034 F1200
G1 X155.99 Y168.24 V0.023 U0.686 P0.034 F1200
G1 X155.99 Y151.76 V0.549 U16.156 P0.034 F1200
G1 X155.29 Y151.76 V0.023 U0.686 P0.034 F1200
G1 X155.29 Y168.24 V0.549 U16.156 P0.034 F1200
G1 X154.59 Y168.24 V0.023 U0.686 P0.034 F1200
M73 P41 R36
G1 X154.59 Y151.76 V0.549 U16.156 P0.034 F1200
G1 X153.89 Y151.76 V0.023 U0.686 P0.034 F1200
G1 X153.89 Y165.00 V0.441 U12.979 P0.034 F1200
; Start to cut
M2800
M400
;CUT DISTANCE 54.8
G1 X153.89 Y168.24 V0.108 F1200
G1 X153.19 Y168.24 V0.023 F1200
G1 X153.19 Y151.76 V0.549 F1200
G1 X152.49 Y151.76 V0.023 F1200
G1 X152.49 Y168.24 V0.549 F1200
G1 X151.79 Y168.24 V0.023 F1200
G1 X151.79 Y151.76 V0.549 F1200
; Cutting completed.
G1 F600 V-1.000 ; Retract
G1 F1200 Z8.80
M1002
M400
G1 F600 V-4.000 ; Toolchange matrix retract
M104 S180 T0 ; standby
M104 S250 T1 ; pre-charge
M109 S250 T1
MOVE_TO_BRUSH_STATION
CLEAN_NOZZLE
MOVE_OUT_BRUSH_STATION
M106 P2 S0 ; fibre-side cooling, fan4
M106 P1 S132 ; part-cooling, fan3
T1 ; switch extruder type to:PLASTIC
G1 Z8.2 F7200
G1 E10 F1800
M106 S132
;LAYER_CHANGE
;Z:8.4
;HEIGHT:0.2
;_SET_FAN_SPEED_CHANGING_LAYER
SET_VELOCITY_LIMIT ACCEL=1000 ACCEL_TO_DECEL=500
G1 E-.8 F1800
G1 X157.099 Y156.52 Z8.8 F7200
G1 X169.346 Y169.346 Z8.8 F7200
G1 Z8.4 F7200
G1 E.8 F1800
;TYPE:Inner wall
;WIDTH:0.449999
G1 F3600
G1 X150.654 Y169.346 E.6327
G1 X150.654 Y150.654 E.6327
G1 X169.346 Y150.654 E.6327
G1 X169.346 Y169.306 E.63135
SET_VELOCITY_LIMIT ACCEL=500 ACCEL_TO_DECEL=250
G1 X169.775 Y169.775 F7200
;TYPE:Outer wall
G1 F3600
G1 X150.225 Y169.775 E.66174
G1 X150.225 Y150.225 E.66174
G1 X169.775 Y150.225 E.66174
G1 X169.775 Y169.735 E.66039
SET_VELOCITY_LIMIT ACCEL=1000 ACCEL_TO_DECEL=500
G1 X169 Y168.172 F7200
SET_VELOCITY_LIMIT ACCEL=500 ACCEL_TO_DECEL=250
;TYPE:Sparse infill
;WIDTH:0.45
G1 F6000
G1 X169 Y166.543 E.05512
G1 X166.543 Y169 E.11762
G1 X163.435 Y169 E.10523
G1 X169 Y163.435 E.26643
G1 X169 Y165.063 E.05512
SET_VELOCITY_LIMIT ACCEL=1000 ACCEL_TO_DECEL=500
G1 E-.8 F1800
G1 X161.871 Y167.788 Z8.8 F7200
G1 X158.698 Y169 Z8.8 F7200
G1 Z8.4 F7200
G1 E.8 F1800
SET_VELOCITY_LIMIT ACCEL=500 ACCEL_TO_DECEL=250
G1 F6000
G1 X160.326 Y169 E.05512
G1 X169 Y160.326 E.41525
G1 X169 Y157.217 E.10523
G1 X157.217 Y169 E.56406
G1 X154.108 Y169 E.10523
G1 X169 Y154.108 E.71288
G1 X169 Y151 E.10523
G1 X151 Y169 E.86169
G1 X151 Y165.892 E.10523
G1 X165.892 Y151 E.71288
G1 X162.783 Y151 E.10523
G1 X151 Y162.783 E.56406
G1 X151 Y159.674 E.10523
G1 X159.674 Y151 E.41525
G1 X156.565 Y151 E.10523
G1 X151 Y156.565 E.26643
G1 X151 Y153.457 E.10523
G1 X153.457 Y151 E.11762
G1 X151.828 Y151 E.05512
M400
G1 E-10 F1800
G1 Z8.8 F7200
M104 S150 T1 ; standby
M104 S270 T0 ; pre-charge
M109 S270 T0
MOVE_TO_BRUSH_STATION
CLEAN_NOZZLE
MOVE_OUT_BRUSH_STATION
M106 P2 S130 ; fibre-side cooling, fan4
M106 P1 S0 ; part-cooling, fan3
T0 ; switch extruder type to:FIBER
; LAYER:42 [8.40]
M1001 L71
G1 F1200 Z9.60
G1 X151.11 Y151.11 F1200
G1 F1200 U55.000 ; Extrude restart
G1 F1200 Z8.40
G1 F600 V1.000 ; Recover matrix retract
G1 F600 V3.000 ; Matrix prime
G1 X167.45 Y151.11 V0.545 U16.017 P0.034 F1200
; Start to cut
M2800
M400
;CUT DISTANCE 54.8
G1 X168.89 Y151.11 V0.048 F1200
G1 X168.89 Y168.89 V0.593 F1200
G1 X151.11 Y168.89 V0.593 F1200
G1 X151.11 Y151.11 V0.593 F1200
; Cutting completed.
G1 F600 V-1.000 ; Retract
G1 F1200 Z9.00
M1002
M1001 L404
G1 F1200 Z9.60
G1 X151.76 Y152.11 F1200
G1 F1200 U55.000 ; Extrude restart
G1 F1200 Z8.40
G1 F600 V1.000 ; Recover matrix retract
G1 F600 V3.000 ; Matrix prime
G1 X168.24 Y152.11 V0.549 U16.156 P0.034 F1200
G1 X168.24 Y152.81 V0.023 U0.686 P0.034 F1200
G1 X151.76 Y152.81 V0.549 U16.156 P0.034 F1200
G1 X151.76 Y153.51 V0.023 U0.686 P0.034 F1200
G1 X168.24 Y153.51 V0.549 U16.156 P0.034 F1200
G1 X168.24 Y154.21 V0.023 U0.686 P0.034 F1200
G1 X151.76 Y154.21 V0.549 U16.156 P0.034 F1200
G1 X151.76 Y154.91 V0.023 U0.686 P0.034 F1200
G1 X168.24 Y154.91 V0.549 U16.156 P0.034 F1200
G1 X168.24 Y155.61 V0.023 U0.686 P0.034 F1200
G1 X151.76 Y155.61 V0.549 U16.156 P0.034 F1200
G1 X151.76 Y156.31 V0.023 U0.686 P0.034 F1200
G1 X168.24 Y156.31 V0.549 U16.156 P0.034 F1200
G1 X168.24 Y157.01 V0.023 U0.686 P0.034 F1200
G1 X151.76 Y157.01 V0.549 U16.156 P0.034 F1200
G1 X151.76 Y157.71 V0.023 U0.686 P0.034 F1200
G1 X168.24 Y157.71 V0.549 U16.156 P0.034 F1200
G1 X168.24 Y158.41 V0.023 U0.686 P0.034 F1200
G1 X151.76 Y158.41 V0.549 U16.156 P0.034 F1200
G1 X151.76 Y159.11 V0.023 U0.686 P0.034 F1200
G1 X168.24 Y159.11 V0.549 U16.156 P0.034 F1200
G1 X168.24 Y159.81 V0.023 U0.686 P0.034 F1200
M73 P41 R35
G1 X151.76 Y159.81 V0.549 U16.156 P0.034 F1200
G1 X151.76 Y160.51 V0.023 U0.686 P0.034 F1200
G1 X168.24 Y160.51 V0.549 U16.156 P0.034 F1200
G1 X168.24 Y161.21 V0.023 U0.686 P0.034 F1200
G1 X151.76 Y161.21 V0.549 U16.156 P0.034 F1200
G1 X151.76 Y161.91 V0.023 U0.686 P0.034 F1200
G1 X168.24 Y161.91 V0.549 U16.156 P0.034 F1200
G1 X168.24 Y162.61 V0.023 U0.686 P0.034 F1200
G1 X151.76 Y162.61 V0.549 U16.156 P0.034 F1200
G1 X151.76 Y163.31 V0.023 U0.686 P0.034 F1200
G1 X168.24 Y163.31 V0.549 U16.156 P0.034 F1200
G1 X168.24 Y164.01 V0.023 U0.686 P0.034 F1200
G1 X151.76 Y164.01 V0.549 U16.156 P0.034 F1200
G1 X151.76 Y164.71 V0.023 U0.686 P0.034 F1200
G1 X168.24 Y164.71 V0.549 U16.156 P0.034 F1200
G1 X168.24 Y165.41 V0.023 U0.686 P0.034 F1200
G1 X151.76 Y165.41 V0.549 U16.156 P0.034 F1200
G1 X151.76 Y166.11 V0.023 U0.686 P0.034 F1200
G1 X165.00 Y166.11 V0.441 U12.979 P0.034 F1200
; Start to cut
M2800
M400
;CUT DISTANCE 54.8
G1 X168.24 Y166.11 V0.108 F1200
G1 X168.24 Y166.81 V0.023 F1200
G1 X151.76 Y166.81 V0.549 F1200
G1 X151.76 Y167.51 V0.023 F1200
M73 P42 R35
G1 X168.24 Y167.51 V0.549 F1200
G1 X168.24 Y168.21 V0.023 F1200
G1 X151.76 Y168.21 V0.549 F1200
; Cutting completed.
G1 F600 V-1.000 ; Retract
G1 F1200 Z9.00
M1002
M400
G1 F600 V-4.000 ; Toolchange matrix retract
M104 S180 T0 ; standby
M104 S250 T1 ; pre-charge
M109 S250 T1
MOVE_TO_BRUSH_STATION
CLEAN_NOZZLE
MOVE_OUT_BRUSH_STATION
M106 P2 S0 ; fibre-side cooling, fan4
M106 P1 S130 ; part-cooling, fan3
T1 ; switch extruder type to:PLASTIC
G1 Z8.4 F7200
G1 E10 F1800
;LAYER_CHANGE
;Z:8.6
;HEIGHT:0.200001
;_SET_FAN_SPEED_CHANGING_LAYER
SET_VELOCITY_LIMIT ACCEL=1000 ACCEL_TO_DECEL=500
G1 E-.8 F1800
G1 X157.099 Y156.52 Z9 F7200
G1 X169.346 Y169.346 Z9 F7200
G1 Z8.6 F7200
G1 E.8 F1800
;TYPE:Inner wall
;WIDTH:0.449999
G1 F3600
G1 X150.654 Y169.346 E.6327
G1 X150.654 Y150.654 E.6327
G1 X169.346 Y150.654 E.6327
G1 X169.346 Y169.306 E.63135
SET_VELOCITY_LIMIT ACCEL=500 ACCEL_TO_DECEL=250
G1 X169.775 Y169.775 F7200
;TYPE:Outer wall
G1 F3600
G1 X150.225 Y169.775 E.66174
G1 X150.225 Y150.225 E.66174
G1 X169.775 Y150.225 E.66174
G1 X169.775 Y169.735 E.66039
SET_VELOCITY_LIMIT ACCEL=1000 ACCEL_TO_DECEL=500
G1 X169 Y168.172 F7200
SET_VELOCITY_LIMIT ACCEL=500 ACCEL_TO_DECEL=250
;TYPE:Sparse infill
;WIDTH:0.45
G1 F6000
G1 X169 Y166.543 E.05512
G1 X166.543 Y169 E.11762
G1 X163.435 Y169 E.10523
G1 X169 Y163.435 E.26643
G1 X169 Y165.063 E.05512
SET_VELOCITY_LIMIT ACCEL=1000 ACCEL_TO_DECEL=500
G1 E-.8 F1800
G1 X161.871 Y167.788 Z9 F7200
G1 X158.698 Y169 Z9 F7200
G1 Z8.6 F7200
G1 E.8 F1800
SET_VELOCITY_LIMIT ACCEL=500 ACCEL_TO_DECEL=250
G1 F6000
G1 X160.326 Y169 E.05512
G1 X169 Y160.326 E.41525
G1 X169 Y157.217 E.10523
G1 X157.217 Y169 E.56406
G1 X154.108 Y169 E.10523
G1 X169 Y154.108 E.71288
G1 X169 Y151 E.10523
G1 X151 Y169 E.86169
G1 X151 Y165.892 E.10523
G1 X165.892 Y151 E.71288
G1 X162.783 Y151 E.10523
G1 X151 Y162.783 E.56406
G1 X151 Y159.674 E.10523
G1 X159.674 Y151 E.41525
G1 X156.565 Y151 E.10523
G1 X151 Y156.565 E.26643
G1 X151 Y153.457 E.10523
G1 X153.457 Y151 E.11762
G1 X151.828 Y151 E.05512
M400
G1 E-10 F1800
G1 Z9 F7200
M104 S150 T1 ; standby
M104 S270 T0 ; pre-charge
M109 S270 T0
MOVE_TO_BRUSH_STATION
CLEAN_NOZZLE
MOVE_OUT_BRUSH_STATION
M106 P2 S132 ; fibre-side cooling, fan4
M106 P1 S0 ; part-cooling, fan3
T0 ; switch extruder type to:FIBER
; LAYER:43 [8.60]
M1001 L71
G1 F1200 Z9.80
G1 X151.11 Y151.11 F1200
G1 F1200 U55.000 ; Extrude restart
G1 F1200 Z8.60
G1 F600 V1.000 ; Recover matrix retract
G1 F600 V3.000 ; Matrix prime
G1 X167.45 Y151.11 V0.545 U16.017 P0.034 F1200
; Start to cut
M2800
M400
;CUT DISTANCE 54.8
G1 X168.89 Y151.11 V0.048 F1200
G1 X168.89 Y168.89 V0.593 F1200
G1 X151.11 Y168.89 V0.593 F1200
G1 X151.11 Y151.11 V0.593 F1200
; Cutting completed.
G1 F600 V-1.000 ; Retract
G1 F1200 Z9.20
M1002
M1001 L404
G1 F1200 Z9.80
G1 X151.76 Y152.11 F1200
G1 F1200 U55.000 ; Extrude restart
G1 F1200 Z8.60
G1 F600 V1.000 ; Recover matrix retract
G1 F600 V3.000 ; Matrix prime
G1 X168.24 Y152.11 V0.549 U16.156 P0.034 F1200
G1 X168.24 Y152.81 V0.023 U0.686 P0.034 F1200
G1 X151.76 Y152.81 V0.549 U16.156 P0.034 F1200
G1 X151.76 Y153.51 V0.023 U0.686 P0.034 F1200
G1 X168.24 Y153.51 V0.549 U16.156 P0.034 F1200
G1 X168.24 Y154.21 V0.023 U0.686 P0.034 F1200
G1 X151.76 Y154.21 V0.549 U16.156 P0.034 F1200
G1 X151.76 Y154.91 V0.023 U0.686 P0.034 F1200
G1 X168.24 Y154.91 V0.549 U16.156 P0.034 F1200
G1 X168.24 Y155.61 V0.023 U0.686 P0.034 F1200
G1 X151.76 Y155.61 V0.549 U16.156 P0.034 F1200
G1 X151.76 Y156.31 V0.023 U0.686 P0.034 F1200
G1 X168.24 Y156.31 V0.549 U16.156 P0.034 F1200
G1 X168.24 Y157.01 V0.023 U0.686 P0.034 F1200
G1 X151.76 Y157.01 V0.549 U16.156 P0.034 F1200
G1 X151.76 Y157.71 V0.023 U0.686 P0.034 F1200
G1 X168.24 Y157.71 V0.549 U16.156 P0.034 F1200
G1 X168.24 Y158.41 V0.023 U0.686 P0.034 F1200
G1 X151.76 Y158.41 V0.549 U16.156 P0.034 F1200
G1 X151.76 Y159.11 V0.023 U0.686 P0.034 F1200
G1 X168.24 Y159.11 V0.549 U16.156 P0.034 F1200
G1 X168.24 Y159.81 V0.023 U0.686 P0.034 F1200
G1 X151.76 Y159.81 V0.549 U16.156 P0.034 F1200
G1 X151.76 Y160.51 V0.023 U0.686 P0.034 F1200
G1 X168.24 Y160.51 V0.549 U16.156 P0.034 F1200
G1 X168.24 Y161.21 V0.023 U0.686 P0.034 F1200
G1 X151.76 Y161.21 V0.549 U16.156 P0.034 F1200
G1 X151.76 Y161.91 V0.023 U0.686 P0.034 F1200
G1 X168.24 Y161.91 V0.549 U16.156 P0.034 F1200
G1 X168.24 Y162.61 V0.023 U0.686 P0.034 F1200
G1 X151.76 Y162.61 V0.549 U16.156 P0.034 F1200
G1 X151.76 Y163.31 V0.023 U0.686 P0.034 F1200
G1 X168.24 Y163.31 V0.549 U16.156 P0.034 F1200
G1 X168.24 Y164.01 V0.023 U0.686 P0.034 F1200
G1 X151.76 Y164.01 V0.549 U16.156 P0.034 F1200
G1 X151.76 Y164.71 V0.023 U0.686 P0.034 F1200
G1 X168.24 Y164.71 V0.549 U16.156 P0.034 F1200
G1 X168.24 Y165.41 V0.023 U0.686 P0.034 F1200
G1 X151.76 Y165.41 V0.549 U16.156 P0.034 F1200
G1 X151.76 Y166.11 V0.023 U0.686 P0.034 F1200
G1 X165.00 Y166.11 V0.441 U12.979 P0.034 F1200
; Start to cut
M2800
M400
;CUT DISTANCE 54.8
G1 X168.24 Y166.11 V0.108 F1200
G1 X168.24 Y166.81 V0.023 F1200
G1 X151.76 Y166.81 V0.549 F1200
G1 X151.76 Y167.51 V0.023 F1200
G1 X168.24 Y167.51 V0.549 F1200
G1 X168.24 Y168.21 V0.023 F1200
G1 X151.76 Y168.21 V0.549 F1200
; Cutting completed.
G1 F600 V-1.000 ; Retract
G1 F1200 Z9.20
M1002
M400
G1 F600 V-4.000 ; Toolchange matrix retract
M104 S180 T0 ; standby
M104 S250 T1 ; pre-charge
M109 S250 T1
MOVE_TO_BRUSH_STATION
CLEAN_NOZZLE
MOVE_OUT_BRUSH_STATION
M106 P2 S0 ; fibre-side cooling, fan4
M106 P1 S132 ; part-cooling, fan3
T1 ; switch extruder type to:PLASTIC
G1 Z8.6 F7200
G1 E10 F1800
M106 S130
;LAYER_CHANGE
;Z:8.8
;HEIGHT:0.2
;_SET_FAN_SPEED_CHANGING_LAYER
SET_VELOCITY_LIMIT ACCEL=1000 ACCEL_TO_DECEL=500
G1 E-.8 F1800
G1 X157.099 Y156.52 Z9.2 F7200
G1 X169.346 Y169.346 Z9.2 F7200
M73 P43 R35
G1 Z8.8 F7200
G1 E.8 F1800
;TYPE:Inner wall
;WIDTH:0.449999
G1 F3600
G1 X150.654 Y169.346 E.6327
G1 X150.654 Y150.654 E.6327
G1 X169.346 Y150.654 E.6327
G1 X169.346 Y169.306 E.63135
SET_VELOCITY_LIMIT ACCEL=500 ACCEL_TO_DECEL=250
G1 X169.775 Y169.775 F7200
;TYPE:Outer wall
G1 F3600
G1 X150.225 Y169.775 E.66174
G1 X150.225 Y150.225 E.66174
G1 X169.775 Y150.225 E.66174
G1 X169.775 Y169.735 E.66039
SET_VELOCITY_LIMIT ACCEL=1000 ACCEL_TO_DECEL=500
G1 X169 Y168.172 F7200
SET_VELOCITY_LIMIT ACCEL=500 ACCEL_TO_DECEL=250
;TYPE:Sparse infill
;WIDTH:0.45
G1 F6000
G1 X169 Y166.543 E.05512
G1 X166.543 Y169 E.11762
G1 X163.435 Y169 E.10523
G1 X169 Y163.435 E.26643
G1 X169 Y165.063 E.05512
SET_VELOCITY_LIMIT ACCEL=1000 ACCEL_TO_DECEL=500
G1 E-.8 F1800
G1 X161.871 Y167.788 Z9.2 F7200
G1 X158.698 Y169 Z9.2 F7200
G1 Z8.8 F7200
G1 E.8 F1800
SET_VELOCITY_LIMIT ACCEL=500 ACCEL_TO_DECEL=250
G1 F6000
G1 X160.326 Y169 E.05512
G1 X169 Y160.326 E.41525
G1 X169 Y157.217 E.10523
G1 X157.217 Y169 E.56406
G1 X154.108 Y169 E.10523
G1 X169 Y154.108 E.71288
G1 X169 Y151 E.10523
G1 X151 Y169 E.86169
G1 X151 Y165.892 E.10523
G1 X165.892 Y151 E.71288
G1 X162.783 Y151 E.10523
G1 X151 Y162.783 E.56406
G1 X151 Y159.674 E.10523
G1 X159.674 Y151 E.41525
G1 X156.565 Y151 E.10523
G1 X151 Y156.565 E.26643
G1 X151 Y153.457 E.10523
G1 X153.457 Y151 E.11762
G1 X151.828 Y151 E.05512
M400
G1 E-10 F1800
G1 Z9.2 F7200
M104 S150 T1 ; standby
M104 S270 T0 ; pre-charge
M109 S270 T0
MOVE_TO_BRUSH_STATION
CLEAN_NOZZLE
MOVE_OUT_BRUSH_STATION
M106 P2 S132 ; fibre-side cooling, fan4
M106 P1 S0 ; part-cooling, fan3
T0 ; switch extruder type to:FIBER
; LAYER:44 [8.80]
M1001 L71
G1 F1200 Z10.00
G1 X151.11 Y151.11 F1200
G1 F1200 U55.000 ; Extrude restart
G1 F1200 Z8.80
G1 F600 V1.000 ; Recover matrix retract
G1 F600 V3.000 ; Matrix prime
G1 X167.45 Y151.11 V0.545 U16.017 P0.034 F1200
; Start to cut
M2800
M400
;CUT DISTANCE 54.8
G1 X168.89 Y151.11 V0.048 F1200
G1 X168.89 Y168.89 V0.593 F1200
G1 X151.11 Y168.89 V0.593 F1200
G1 X151.11 Y151.11 V0.593 F1200
; Cutting completed.
G1 F600 V-1.000 ; Retract
G1 F1200 Z9.40
M1002
M1001 L404
G1 F1200 Z10.00
G1 X167.89 Y151.76 F1200
G1 F1200 U55.000 ; Extrude restart
M73 P43 R34
G1 F1200 Z8.80
G1 F600 V1.000 ; Recover matrix retract
G1 F600 V3.000 ; Matrix prime
G1 X167.89 Y168.24 V0.549 U16.156 P0.034 F1200
G1 X167.19 Y168.24 V0.023 U0.686 P0.034 F1200
G1 X167.19 Y151.76 V0.549 U16.156 P0.034 F1200
G1 X166.49 Y151.76 V0.023 U0.686 P0.034 F1200
G1 X166.49 Y168.24 V0.549 U16.156 P0.034 F1200
G1 X165.79 Y168.24 V0.023 U0.686 P0.034 F1200
G1 X165.79 Y151.76 V0.549 U16.156 P0.034 F1200
G1 X165.09 Y151.76 V0.023 U0.686 P0.034 F1200
G1 X165.09 Y168.24 V0.549 U16.156 P0.034 F1200
G1 X164.39 Y168.24 V0.023 U0.686 P0.034 F1200
G1 X164.39 Y151.76 V0.549 U16.156 P0.034 F1200
G1 X163.69 Y151.76 V0.023 U0.686 P0.034 F1200
G1 X163.69 Y168.24 V0.549 U16.156 P0.034 F1200
G1 X162.99 Y168.24 V0.023 U0.686 P0.034 F1200
G1 X162.99 Y151.76 V0.549 U16.156 P0.034 F1200
G1 X162.29 Y151.76 V0.023 U0.686 P0.034 F1200
G1 X162.29 Y168.24 V0.549 U16.156 P0.034 F1200
G1 X161.59 Y168.24 V0.023 U0.686 P0.034 F1200
G1 X161.59 Y151.76 V0.549 U16.156 P0.034 F1200
G1 X160.89 Y151.76 V0.023 U0.686 P0.034 F1200
G1 X160.89 Y168.24 V0.549 U16.156 P0.034 F1200
G1 X160.19 Y168.24 V0.023 U0.686 P0.034 F1200
G1 X160.19 Y151.76 V0.549 U16.156 P0.034 F1200
G1 X159.49 Y151.76 V0.023 U0.686 P0.034 F1200
G1 X159.49 Y168.24 V0.549 U16.156 P0.034 F1200
G1 X158.79 Y168.24 V0.023 U0.686 P0.034 F1200
G1 X158.79 Y151.76 V0.549 U16.156 P0.034 F1200
G1 X158.09 Y151.76 V0.023 U0.686 P0.034 F1200
G1 X158.09 Y168.24 V0.549 U16.156 P0.034 F1200
G1 X157.39 Y168.24 V0.023 U0.686 P0.034 F1200
G1 X157.39 Y151.76 V0.549 U16.156 P0.034 F1200
G1 X156.69 Y151.76 V0.023 U0.686 P0.034 F1200
G1 X156.69 Y168.24 V0.549 U16.156 P0.034 F1200
G1 X155.99 Y168.24 V0.023 U0.686 P0.034 F1200
G1 X155.99 Y151.76 V0.549 U16.156 P0.034 F1200
G1 X155.29 Y151.76 V0.023 U0.686 P0.034 F1200
G1 X155.29 Y168.24 V0.549 U16.156 P0.034 F1200
G1 X154.59 Y168.24 V0.023 U0.686 P0.034 F1200
G1 X154.59 Y151.76 V0.549 U16.156 P0.034 F1200
G1 X153.89 Y151.76 V0.023 U0.686 P0.034 F1200
G1 X153.89 Y165.00 V0.441 U12.979 P0.034 F1200
; Start to cut
M2800
M400
;CUT DISTANCE 54.8
G1 X153.89 Y168.24 V0.108 F1200
G1 X153.19 Y168.24 V0.023 F1200
G1 X153.19 Y151.76 V0.549 F1200
G1 X152.49 Y151.76 V0.023 F1200
G1 X152.49 Y168.24 V0.549 F1200
G1 X151.79 Y168.24 V0.023 F1200
G1 X151.79 Y151.76 V0.549 F1200
; Cutting completed.
G1 F600 V-1.000 ; Retract
G1 F1200 Z9.40
M1002
M400
G1 F600 V-4.000 ; Toolchange matrix retract
M104 S180 T0 ; standby
M104 S250 T1 ; pre-charge
M109 S250 T1
MOVE_TO_BRUSH_STATION
CLEAN_NOZZLE
MOVE_OUT_BRUSH_STATION
M106 P2 S0 ; fibre-side cooling, fan4
M106 P1 S132 ; part-cooling, fan3
T1 ; switch extruder type to:PLASTIC
G1 Z8.8 F7200
G1 E10 F1800
M106 S132
;LAYER_CHANGE
;Z:9
;HEIGHT:0.2
;_SET_FAN_SPEED_CHANGING_LAYER
SET_VELOCITY_LIMIT ACCEL=1000 ACCEL_TO_DECEL=500
G1 E-.8 F1800
G1 X157.099 Y156.52 Z9.4 F7200
G1 X169.346 Y169.346 Z9.4 F7200
G1 Z9 F7200
G1 E.8 F1800
;TYPE:Inner wall
;WIDTH:0.449999
G1 F3600
G1 X150.654 Y169.346 E.6327
G1 X150.654 Y150.654 E.6327
G1 X169.346 Y150.654 E.6327
G1 X169.346 Y169.306 E.63135
SET_VELOCITY_LIMIT ACCEL=500 ACCEL_TO_DECEL=250
G1 X169.775 Y169.775 F7200
;TYPE:Outer wall
G1 F3600
G1 X150.225 Y169.775 E.66174
G1 X150.225 Y150.225 E.66174
M73 P44 R34
G1 X169.775 Y150.225 E.66174
G1 X169.775 Y169.735 E.66039
SET_VELOCITY_LIMIT ACCEL=1000 ACCEL_TO_DECEL=500
G1 X168.026 Y169 F7200
SET_VELOCITY_LIMIT ACCEL=500 ACCEL_TO_DECEL=250
;TYPE:Sparse infill
;WIDTH:0.45
G1 F6000
G1 X166.397 Y169 E.05512
G1 X166.646 Y168.549 E.01745
G1 X166.995 Y168.201 E.01668
G1 X168.549 Y167.343 E.06009
G1 X168.898 Y166.995 E.01668
G1 X169 Y166.808 E.00721
G1 X169 Y163.699 E.10523
G1 X168.898 Y163.886 E.00721
G1 X168.549 Y164.234 E.01668
G1 X166.995 Y165.092 E.06009
G1 X166.646 Y165.44 E.01668
G1 X165.789 Y166.995 E.06009
G1 X165.44 Y167.343 E.01668
G1 X163.886 Y168.201 E.06009
G1 X163.538 Y168.549 E.01668
G1 X163.289 Y169 E.01745
G1 X160.18 Y169 E.10523
G1 X160.429 Y168.549 E.01745
G1 X160.777 Y168.201 E.01668
G1 X162.332 Y167.343 E.06009
G1 X162.68 Y166.995 E.01668
G1 X163.538 Y165.44 E.06009
G1 X163.886 Y165.092 E.01668
G1 X165.44 Y164.234 E.06009
G1 X165.789 Y163.886 E.01668
G1 X166.646 Y162.332 E.06009
G1 X166.995 Y161.983 E.01668
G1 X168.549 Y161.126 E.06009
G1 X168.898 Y160.777 E.01668
G1 X169 Y160.591 E.00721
G1 X169 Y157.482 E.10523
G1 X168.898 Y157.668 E.00721
G1 X168.549 Y158.017 E.01668
G1 X166.995 Y158.874 E.06009
G1 X166.646 Y159.223 E.01668
G1 X165.789 Y160.777 E.06009
G1 X165.44 Y161.126 E.01668
G1 X163.886 Y161.983 E.06009
G1 X163.538 Y162.332 E.01668
G1 X162.68 Y163.886 E.06009
G1 X162.332 Y164.234 E.01668
G1 X160.777 Y165.092 E.06009
G1 X160.429 Y165.44 E.01668
G1 X159.571 Y166.995 E.06009
G1 X159.223 Y167.343 E.01668
G1 X157.668 Y168.201 E.06009
G1 X157.32 Y168.549 E.01668
G1 X157.071 Y169 E.01745
G1 X153.962 Y169 E.10523
G1 X154.211 Y168.549 E.01745
G1 X154.56 Y168.201 E.01668
G1 X156.114 Y167.343 E.06009
G1 X156.462 Y166.995 E.01668
G1 X157.32 Y165.44 E.06009
G1 X157.668 Y165.092 E.01668
G1 X159.223 Y164.234 E.06009
G1 X159.571 Y163.886 E.01668
G1 X160.429 Y162.332 E.06009
G1 X160.777 Y161.983 E.01668
G1 X162.332 Y161.126 E.06009
G1 X162.68 Y160.777 E.01668
G1 X163.538 Y159.223 E.06009
G1 X163.886 Y158.874 E.01668
G1 X165.44 Y158.017 E.06009
G1 X165.789 Y157.668 E.01668
G1 X166.646 Y156.114 E.06009
G1 X166.995 Y155.766 E.01668
G1 X168.549 Y154.908 E.06009
G1 X168.898 Y154.56 E.01668
G1 X169 Y154.373 E.00721
G1 X169 Y151.264 E.10523
G1 X168.898 Y151.451 E.00721
G1 X168.549 Y151.799 E.01668
G1 X166.995 Y152.657 E.06009
G1 X166.646 Y153.005 E.01668
G1 X165.789 Y154.56 E.06009
G1 X165.44 Y154.908 E.01668
G1 X163.886 Y155.766 E.06009
G1 X163.538 Y156.114 E.01668
G1 X162.68 Y157.668 E.06009
G1 X162.332 Y158.017 E.01668
G1 X160.777 Y158.874 E.06009
G1 X160.429 Y159.223 E.01668
G1 X159.571 Y160.777 E.06009
G1 X159.223 Y161.126 E.01668
G1 X157.668 Y161.983 E.06009
G1 X157.32 Y162.332 E.01668
G1 X156.462 Y163.886 E.06009
G1 X156.114 Y164.234 E.01668
G1 X154.56 Y165.092 E.06009
G1 X154.211 Y165.44 E.01668
G1 X153.354 Y166.995 E.06009
G1 X153.005 Y167.343 E.01668
G1 X151.451 Y168.201 E.06009
G1 X151.102 Y168.549 E.01668
G1 X151 Y168.736 E.00721
G1 X151 Y165.627 E.10523
G1 X151.102 Y165.44 E.00721
G1 X151.451 Y165.092 E.01668
G1 X153.005 Y164.234 E.06009
G1 X153.354 Y163.886 E.01668
G1 X154.211 Y162.332 E.06009
G1 X154.56 Y161.983 E.01668
G1 X156.114 Y161.126 E.06009
G1 X156.462 Y160.777 E.01668
G1 X157.32 Y159.223 E.06009
G1 X157.668 Y158.874 E.01668
G1 X159.223 Y158.017 E.06009
G1 X159.571 Y157.668 E.01668
G1 X160.429 Y156.114 E.06009
G1 X160.777 Y155.766 E.01668
G1 X162.332 Y154.908 E.06009
G1 X162.68 Y154.56 E.01668
G1 X163.538 Y153.005 E.06009
G1 X163.886 Y152.657 E.01668
G1 X165.44 Y151.799 E.06009
G1 X165.789 Y151.451 E.01668
G1 X166.038 Y151 E.01745
G1 X162.929 Y151 E.10523
G1 X162.68 Y151.451 E.01745
G1 X162.332 Y151.799 E.01668
G1 X160.777 Y152.657 E.06009
G1 X160.429 Y153.005 E.01668
G1 X159.571 Y154.56 E.06009
G1 X159.223 Y154.908 E.01668
G1 X157.668 Y155.766 E.06009
G1 X157.32 Y156.114 E.01668
G1 X156.462 Y157.668 E.06009
G1 X156.114 Y158.017 E.01668
G1 X154.56 Y158.874 E.06009
G1 X154.211 Y159.223 E.01668
G1 X153.354 Y160.777 E.06009
G1 X153.005 Y161.126 E.01668
G1 X151.451 Y161.983 E.06009
G1 X151.102 Y162.332 E.01668
G1 X151 Y162.518 E.00721
G1 X151 Y159.409 E.10523
G1 X151.102 Y159.223 E.00721
G1 X151.451 Y158.874 E.01668
G1 X153.005 Y158.017 E.06009
G1 X153.354 Y157.668 E.01668
G1 X154.211 Y156.114 E.06009
G1 X154.56 Y155.766 E.01668
G1 X156.114 Y154.908 E.06009
G1 X156.462 Y154.56 E.01668
G1 X157.32 Y153.005 E.06009
G1 X157.668 Y152.657 E.01668
G1 X159.223 Y151.799 E.06009
G1 X159.571 Y151.451 E.01668
G1 X159.82 Y151 E.01745
G1 X156.711 Y151 E.10523
G1 X156.462 Y151.451 E.01745
G1 X156.114 Y151.799 E.01668
G1 X154.56 Y152.657 E.06009
G1 X154.211 Y153.005 E.01668
G1 X153.354 Y154.56 E.06009
G1 X153.005 Y154.908 E.01668
G1 X151.451 Y155.766 E.06009
G1 X151.102 Y156.114 E.01668
G1 X151 Y156.301 E.00721
G1 X151 Y153.192 E.10523
G1 X151.102 Y153.005 E.00721
G1 X151.451 Y152.657 E.01668
G1 X153.005 Y151.799 E.06009
G1 X153.354 Y151.451 E.01668
G1 X153.603 Y151 E.01745
G1 X151.974 Y151 E.05512
M400
G1 E-10 F1800
G1 Z9.4 F7200
M104 S150 T1 ; standby
M104 S270 T0 ; pre-charge
M109 S270 T0
MOVE_TO_BRUSH_STATION
CLEAN_NOZZLE
MOVE_OUT_BRUSH_STATION
M106 P2 S130 ; fibre-side cooling, fan4
M106 P1 S0 ; part-cooling, fan3
T0 ; switch extruder type to:FIBER
; LAYER:45 [9.00]
M1001 L71
G1 F1200 Z10.20
G1 X151.11 Y151.11 F1200
G1 F1200 U55.000 ; Extrude restart
G1 F1200 Z9.00
G1 F600 V1.000 ; Recover matrix retract
G1 F600 V3.000 ; Matrix prime
G1 X167.45 Y151.11 V0.545 U16.017 P0.034 F1200
; Start to cut
M2800
M400
;CUT DISTANCE 54.8
G1 X168.89 Y151.11 V0.048 F1200
G1 X168.89 Y168.89 V0.593 F1200
G1 X151.11 Y168.89 V0.593 F1200
G1 X151.11 Y151.11 V0.593 F1200
; Cutting completed.
G1 F600 V-1.000 ; Retract
G1 F1200 Z9.60
M1002
M1001 L404
G1 F1200 Z10.20
G1 X151.76 Y152.11 F1200
G1 F1200 U55.000 ; Extrude restart
G1 F1200 Z9.00
G1 F600 V1.000 ; Recover matrix retract
G1 F600 V3.000 ; Matrix prime
G1 X168.24 Y152.11 V0.549 U16.156 P0.034 F1200
G1 X168.24 Y152.81 V0.023 U0.686 P0.034 F1200
G1 X151.76 Y152.81 V0.549 U16.156 P0.034 F1200
G1 X151.76 Y153.51 V0.023 U0.686 P0.034 F1200
G1 X168.24 Y153.51 V0.549 U16.156 P0.034 F1200
G1 X168.24 Y154.21 V0.023 U0.686 P0.034 F1200
G1 X151.76 Y154.21 V0.549 U16.156 P0.034 F1200
G1 X151.76 Y154.91 V0.023 U0.686 P0.034 F1200
G1 X168.24 Y154.91 V0.549 U16.156 P0.034 F1200
G1 X168.24 Y155.61 V0.023 U0.686 P0.034 F1200
G1 X151.76 Y155.61 V0.549 U16.156 P0.034 F1200
G1 X151.76 Y156.31 V0.023 U0.686 P0.034 F1200
G1 X168.24 Y156.31 V0.549 U16.156 P0.034 F1200
G1 X168.24 Y157.01 V0.023 U0.686 P0.034 F1200
G1 X151.76 Y157.01 V0.549 U16.156 P0.034 F1200
G1 X151.76 Y157.71 V0.023 U0.686 P0.034 F1200
G1 X168.24 Y157.71 V0.549 U16.156 P0.034 F1200
G1 X168.24 Y158.41 V0.023 U0.686 P0.034 F1200
G1 X151.76 Y158.41 V0.549 U16.156 P0.034 F1200
G1 X151.76 Y159.11 V0.023 U0.686 P0.034 F1200
G1 X168.24 Y159.11 V0.549 U16.156 P0.034 F1200
G1 X168.24 Y159.81 V0.023 U0.686 P0.034 F1200
G1 X151.76 Y159.81 V0.549 U16.156 P0.034 F1200
G1 X151.76 Y160.51 V0.023 U0.686 P0.034 F1200
G1 X168.24 Y160.51 V0.549 U16.156 P0.034 F1200
G1 X168.24 Y161.21 V0.023 U0.686 P0.034 F1200
G1 X151.76 Y161.21 V0.549 U16.156 P0.034 F1200
G1 X151.76 Y161.91 V0.023 U0.686 P0.034 F1200
G1 X168.24 Y161.91 V0.549 U16.156 P0.034 F1200
G1 X168.24 Y162.61 V0.023 U0.686 P0.034 F1200
G1 X151.76 Y162.61 V0.549 U16.156 P0.034 F1200
G1 X151.76 Y163.31 V0.023 U0.686 P0.034 F1200
G1 X168.24 Y163.31 V0.549 U16.156 P0.034 F1200
G1 X168.24 Y164.01 V0.023 U0.686 P0.034 F1200
G1 X151.76 Y164.01 V0.549 U16.156 P0.034 F1200
G1 X151.76 Y164.71 V0.023 U0.686 P0.034 F1200
G1 X168.24 Y164.71 V0.549 U16.156 P0.034 F1200
G1 X168.24 Y165.41 V0.023 U0.686 P0.034 F1200
G1 X151.76 Y165.41 V0.549 U16.156 P0.034 F1200
G1 X151.76 Y166.11 V0.023 U0.686 P0.034 F1200
G1 X165.00 Y166.11 V0.441 U12.979 P0.034 F1200
; Start to cut
M2800
M400
;CUT DISTANCE 54.8
G1 X168.24 Y166.11 V0.108 F1200
G1 X168.24 Y166.81 V0.023 F1200
G1 X151.76 Y166.81 V0.549 F1200
G1 X151.76 Y167.51 V0.023 F1200
G1 X168.24 Y167.51 V0.549 F1200
G1 X168.24 Y168.21 V0.023 F1200
G1 X151.76 Y168.21 V0.549 F1200
; Cutting completed.
G1 F600 V-1.000 ; Retract
G1 F1200 Z9.60
M1002
M400
G1 F600 V-4.000 ; Toolchange matrix retract
M104 S180 T0 ; standby
M104 S250 T1 ; pre-charge
M109 S250 T1
MOVE_TO_BRUSH_STATION
CLEAN_NOZZLE
MOVE_OUT_BRUSH_STATION
M106 P2 S0 ; fibre-side cooling, fan4
M106 P1 S130 ; part-cooling, fan3
T1 ; switch extruder type to:PLASTIC
G1 Z9 F7200
G1 E10 F1800
M106 S130
;LAYER_CHANGE
;Z:9.2
;HEIGHT:0.2
;_SET_FAN_SPEED_CHANGING_LAYER
SET_VELOCITY_LIMIT ACCEL=1000 ACCEL_TO_DECEL=500
G1 E-.8 F1800
G1 X157.222 Y156.542 Z9.6 F7200
G1 X169.346 Y169.346 Z9.6 F7200
G1 Z9.2 F7200
G1 E.8 F1800
;TYPE:Inner wall
;WIDTH:0.449999
G1 F3600
G1 X150.654 Y169.346 E.6327
G1 X150.654 Y150.654 E.6327
G1 X169.346 Y150.654 E.6327
G1 X169.346 Y169.306 E.63135
SET_VELOCITY_LIMIT ACCEL=500 ACCEL_TO_DECEL=250
G1 X169.775 Y169.775 F7200
;TYPE:Outer wall
G1 F3600
G1 X150.225 Y169.775 E.66174
G1 X150.225 Y150.225 E.66174
M73 P44 R33
G1 X169.775 Y150.225 E.66174
G1 X169.775 Y169.735 E.66039
SET_VELOCITY_LIMIT ACCEL=1000 ACCEL_TO_DECEL=500
G1 X169 Y168.874 F7200
M73 P45 R33
SET_VELOCITY_LIMIT ACCEL=500 ACCEL_TO_DECEL=250
;TYPE:Sparse infill
;WIDTH:0.45
G1 F6000
G1 X169 Y167.245 E.05512
G1 X168.549 Y167.697 E.02161
G1 X166.995 Y167.847 E.05286
G1 X166.293 Y168.549 E.0336
G1 X166.249 Y169 E.01535
G1 X163.14 Y169 E.10523
G1 X163.184 Y168.549 E.01535
G1 X163.886 Y167.847 E.0336
G1 X165.44 Y167.697 E.05286
G1 X166.142 Y166.995 E.0336
G1 X166.293 Y165.44 E.05286
G1 X166.995 Y164.738 E.0336
G1 X168.549 Y164.588 E.05286
G1 X169 Y164.137 E.02161
G1 X169 Y165.765 E.05512
SET_VELOCITY_LIMIT ACCEL=1000 ACCEL_TO_DECEL=500
G1 E-.8 F1800
G1 X161.701 Y167.994 Z9.6 F7200
G1 X158.403 Y169 Z9.6 F7200
G1 Z9.2 F7200
G1 E.8 F1800
SET_VELOCITY_LIMIT ACCEL=500 ACCEL_TO_DECEL=250
G1 F6000
G1 X160.032 Y169 E.05512
G1 X160.075 Y168.549 E.01535
G1 X160.777 Y167.847 E.0336
G1 X162.332 Y167.697 E.05286
G1 X163.034 Y166.995 E.0336
G1 X163.184 Y165.44 E.05286
G1 X163.886 Y164.738 E.0336
G1 X165.44 Y164.588 E.05286
G1 X166.142 Y163.886 E.0336
G1 X166.293 Y162.332 E.05286
G1 X166.995 Y161.63 E.0336
G1 X168.549 Y161.479 E.05286
G1 X169 Y161.028 E.02161
G1 X169 Y157.919 E.10523
G1 X168.549 Y158.37 E.02161
G1 X166.995 Y158.521 E.05286
G1 X166.293 Y159.223 E.0336
G1 X166.142 Y160.777 E.05286
G1 X165.44 Y161.479 E.0336
G1 X163.886 Y161.63 E.05286
G1 X163.184 Y162.332 E.0336
G1 X163.034 Y163.886 E.05286
G1 X162.332 Y164.588 E.0336
G1 X160.777 Y164.738 E.05286
G1 X160.075 Y165.44 E.0336
G1 X159.925 Y166.995 E.05286
G1 X159.223 Y167.697 E.0336
G1 X157.668 Y167.847 E.05286
G1 X156.966 Y168.549 E.0336
G1 X156.923 Y169 E.01535
G1 X153.814 Y169 E.10523
G1 X153.858 Y168.549 E.01535
G1 X154.56 Y167.847 E.0336
G1 X156.114 Y167.697 E.05286
G1 X156.816 Y166.995 E.0336
G1 X156.966 Y165.44 E.05286
G1 X157.668 Y164.738 E.0336
G1 X159.223 Y164.588 E.05286
G1 X159.925 Y163.886 E.0336
G1 X160.075 Y162.332 E.05286
G1 X160.777 Y161.63 E.0336
G1 X162.332 Y161.479 E.05286
G1 X163.034 Y160.777 E.0336
G1 X163.184 Y159.223 E.05286
G1 X163.886 Y158.521 E.0336
G1 X165.44 Y158.37 E.05286
G1 X166.142 Y157.668 E.0336
G1 X166.293 Y156.114 E.05286
G1 X166.995 Y155.412 E.0336
G1 X168.549 Y155.262 E.05286
G1 X169 Y154.81 E.02161
G1 X169 Y151.702 E.10523
G1 X168.549 Y152.153 E.02161
G1 X166.995 Y152.303 E.05286
G1 X166.293 Y153.005 E.0336
G1 X166.142 Y154.56 E.05286
G1 X165.44 Y155.262 E.0336
G1 X163.886 Y155.412 E.05286
G1 X163.184 Y156.114 E.0336
G1 X163.034 Y157.668 E.05286
G1 X162.332 Y158.37 E.0336
G1 X160.777 Y158.521 E.05286
G1 X160.075 Y159.223 E.0336
G1 X159.925 Y160.777 E.05286
G1 X159.223 Y161.479 E.0336
G1 X157.668 Y161.63 E.05286
G1 X156.966 Y162.332 E.0336
G1 X156.816 Y163.886 E.05286
G1 X156.114 Y164.588 E.0336
G1 X154.56 Y164.738 E.05286
G1 X153.858 Y165.44 E.0336
G1 X153.707 Y166.995 E.05286
G1 X153.005 Y167.697 E.0336
G1 X151.451 Y167.847 E.05286
G1 X151 Y168.298 E.02161
G1 X151 Y165.19 E.10523
G1 X151.451 Y164.738 E.02161
G1 X153.005 Y164.588 E.05286
G1 X153.707 Y163.886 E.0336
G1 X153.858 Y162.332 E.05286
G1 X154.56 Y161.63 E.0336
G1 X156.114 Y161.479 E.05286
G1 X156.816 Y160.777 E.0336
G1 X156.966 Y159.223 E.05286
G1 X157.668 Y158.521 E.0336
G1 X159.223 Y158.37 E.05286
G1 X159.925 Y157.668 E.0336
G1 X160.075 Y156.114 E.05286
G1 X160.777 Y155.412 E.0336
G1 X162.332 Y155.262 E.05286
G1 X163.034 Y154.56 E.0336
G1 X163.184 Y153.005 E.05286
G1 X163.886 Y152.303 E.0336
G1 X165.44 Y152.153 E.05286
G1 X166.142 Y151.451 E.0336
G1 X166.186 Y151 E.01535
G1 X163.077 Y151 E.10523
G1 X163.034 Y151.451 E.01535
G1 X162.332 Y152.153 E.0336
G1 X160.777 Y152.303 E.05286
G1 X160.075 Y153.005 E.0336
G1 X159.925 Y154.56 E.05286
G1 X159.223 Y155.262 E.0336
G1 X157.668 Y155.412 E.05286
G1 X156.966 Y156.114 E.0336
G1 X156.816 Y157.668 E.05286
G1 X156.114 Y158.37 E.0336
G1 X154.56 Y158.521 E.05286
G1 X153.858 Y159.223 E.0336
G1 X153.707 Y160.777 E.05286
G1 X153.005 Y161.479 E.0336
G1 X151.451 Y161.63 E.05286
G1 X151 Y162.081 E.02161
G1 X151 Y158.972 E.10523
G1 X151.451 Y158.521 E.02161
G1 X153.005 Y158.37 E.05286
G1 X153.707 Y157.668 E.0336
G1 X153.858 Y156.114 E.05286
G1 X154.56 Y155.412 E.0336
G1 X156.114 Y155.262 E.05286
G1 X156.816 Y154.56 E.0336
G1 X156.966 Y153.005 E.05286
G1 X157.668 Y152.303 E.0336
G1 X159.223 Y152.153 E.05286
G1 X159.925 Y151.451 E.0336
G1 X159.968 Y151 E.01535
G1 X156.86 Y151 E.10523
G1 X156.816 Y151.451 E.01535
G1 X156.114 Y152.153 E.0336
G1 X154.56 Y152.303 E.05286
G1 X153.858 Y153.005 E.0336
G1 X153.707 Y154.56 E.05286
G1 X153.005 Y155.262 E.0336
G1 X151.451 Y155.412 E.05286
G1 X151 Y155.863 E.02161
G1 X151 Y152.755 E.10523
G1 X151.451 Y152.303 E.02161
G1 X153.005 Y152.153 E.05286
G1 X153.707 Y151.451 E.0336
G1 X153.751 Y151 E.01535
G1 X152.123 Y151 E.05512
M400
G1 E-10 F1800
G1 Z9.6 F7200
M104 S150 T1 ; standby
M104 S270 T0 ; pre-charge
M109 S270 T0
MOVE_TO_BRUSH_STATION
CLEAN_NOZZLE
MOVE_OUT_BRUSH_STATION
M106 P2 S132 ; fibre-side cooling, fan4
M106 P1 S0 ; part-cooling, fan3
T0 ; switch extruder type to:FIBER
; LAYER:46 [9.20]
M1001 L71
G1 F1200 Z10.40
G1 X151.11 Y151.11 F1200
G1 F1200 U55.000 ; Extrude restart
G1 F1200 Z9.20
G1 F600 V1.000 ; Recover matrix retract
G1 F600 V3.000 ; Matrix prime
G1 X167.45 Y151.11 V0.545 U16.017 P0.034 F1200
; Start to cut
M2800
M400
;CUT DISTANCE 54.8
G1 X168.89 Y151.11 V0.048 F1200
G1 X168.89 Y168.89 V0.593 F1200
G1 X151.11 Y168.89 V0.593 F1200
G1 X151.11 Y151.11 V0.593 F1200
; Cutting completed.
G1 F600 V-1.000 ; Retract
G1 F1200 Z9.80
M1002
M1001 L404
G1 F1200 Z10.40
G1 X151.76 Y152.11 F1200
G1 F1200 U55.000 ; Extrude restart
G1 F1200 Z9.20
G1 F600 V1.000 ; Recover matrix retract
G1 F600 V3.000 ; Matrix prime
G1 X168.24 Y152.11 V0.549 U16.156 P0.034 F1200
G1 X168.24 Y152.81 V0.023 U0.686 P0.034 F1200
G1 X151.76 Y152.81 V0.549 U16.156 P0.034 F1200
G1 X151.76 Y153.51 V0.023 U0.686 P0.034 F1200
G1 X168.24 Y153.51 V0.549 U16.156 P0.034 F1200
G1 X168.24 Y154.21 V0.023 U0.686 P0.034 F1200
G1 X151.76 Y154.21 V0.549 U16.156 P0.034 F1200
G1 X151.76 Y154.91 V0.023 U0.686 P0.034 F1200
G1 X168.24 Y154.91 V0.549 U16.156 P0.034 F1200
G1 X168.24 Y155.61 V0.023 U0.686 P0.034 F1200
G1 X151.76 Y155.61 V0.549 U16.156 P0.034 F1200
G1 X151.76 Y156.31 V0.023 U0.686 P0.034 F1200
G1 X168.24 Y156.31 V0.549 U16.156 P0.034 F1200
G1 X168.24 Y157.01 V0.023 U0.686 P0.034 F1200
G1 X151.76 Y157.01 V0.549 U16.156 P0.034 F1200
G1 X151.76 Y157.71 V0.023 U0.686 P0.034 F1200
G1 X168.24 Y157.71 V0.549 U16.156 P0.034 F1200
G1 X168.24 Y158.41 V0.023 U0.686 P0.034 F1200
G1 X151.76 Y158.41 V0.549 U16.156 P0.034 F1200
G1 X151.76 Y159.11 V0.023 U0.686 P0.034 F1200
G1 X168.24 Y159.11 V0.549 U16.156 P0.034 F1200
G1 X168.24 Y159.81 V0.023 U0.686 P0.034 F1200
G1 X151.76 Y159.81 V0.549 U16.156 P0.034 F1200
G1 X151.76 Y160.51 V0.023 U0.686 P0.034 F1200
G1 X168.24 Y160.51 V0.549 U16.156 P0.034 F1200
G1 X168.24 Y161.21 V0.023 U0.686 P0.034 F1200
G1 X151.76 Y161.21 V0.549 U16.156 P0.034 F1200
G1 X151.76 Y161.91 V0.023 U0.686 P0.034 F1200
G1 X168.24 Y161.91 V0.549 U16.156 P0.034 F1200
G1 X168.24 Y162.61 V0.023 U0.686 P0.034 F1200
G1 X151.76 Y162.61 V0.549 U16.156 P0.034 F1200
G1 X151.76 Y163.31 V0.023 U0.686 P0.034 F1200
G1 X168.24 Y163.31 V0.549 U16.156 P0.034 F1200
G1 X168.24 Y164.01 V0.023 U0.686 P0.034 F1200
G1 X151.76 Y164.01 V0.549 U16.156 P0.034 F1200
G1 X151.76 Y164.71 V0.023 U0.686 P0.034 F1200
G1 X168.24 Y164.71 V0.549 U16.156 P0.034 F1200
G1 X168.24 Y165.41 V0.023 U0.686 P0.034 F1200
G1 X151.76 Y165.41 V0.549 U16.156 P0.034 F1200
G1 X151.76 Y166.11 V0.023 U0.686 P0.034 F1200
G1 X165.00 Y166.11 V0.441 U12.979 P0.034 F1200
; Start to cut
M2800
M400
;CUT DISTANCE 54.8
G1 X168.24 Y166.11 V0.108 F1200
G1 X168.24 Y166.81 V0.023 F1200
G1 X151.76 Y166.81 V0.549 F1200
G1 X151.76 Y167.51 V0.023 F1200
G1 X168.24 Y167.51 V0.549 F1200
G1 X168.24 Y168.21 V0.023 F1200
G1 X151.76 Y168.21 V0.549 F1200
; Cutting completed.
G1 F600 V-1.000 ; Retract
G1 F1200 Z9.80
M1002
M400
G1 F600 V-4.000 ; Toolchange matrix retract
M104 S180 T0 ; standby
M104 S250 T1 ; pre-charge
M109 S250 T1
MOVE_TO_BRUSH_STATION
CLEAN_NOZZLE
MOVE_OUT_BRUSH_STATION
M106 P2 S0 ; fibre-side cooling, fan4
M106 P1 S132 ; part-cooling, fan3
T1 ; switch extruder type to:PLASTIC
G1 Z9.2 F7200
G1 E10 F1800
M106 S125
;LAYER_CHANGE
;Z:9.4
;HEIGHT:0.2
;_SET_FAN_SPEED_CHANGING_LAYER
SET_VELOCITY_LIMIT ACCEL=1000 ACCEL_TO_DECEL=500
G1 E-.8 F1800
G1 X157.347 Y156.564 Z9.8 F7200
G1 X169.346 Y169.346 Z9.8 F7200
G1 Z9.4 F7200
G1 E.8 F1800
;TYPE:Inner wall
;WIDTH:0.449999
G1 F3600
G1 X150.654 Y169.346 E.6327
G1 X150.654 Y150.654 E.6327
G1 X169.346 Y150.654 E.6327
G1 X169.346 Y169.306 E.63135
SET_VELOCITY_LIMIT ACCEL=500 ACCEL_TO_DECEL=250
G1 X169.775 Y169.775 F7200
;TYPE:Outer wall
G1 F3600
G1 X150.225 Y169.775 E.66174
G1 X150.225 Y150.225 E.66174
G1 X169.775 Y150.225 E.66174
G1 X169.775 Y169.735 E.66039
M73 P46 R33
SET_VELOCITY_LIMIT ACCEL=1000 ACCEL_TO_DECEL=500
G1 X168.182 Y169 F7200
SET_VELOCITY_LIMIT ACCEL=500 ACCEL_TO_DECEL=250
;TYPE:Sparse infill
;WIDTH:0.45
G1 F6000
G1 X169 Y169 E.02771
G1 X169 Y168.191 E.02741
G1 X168.549 Y167.739 E.02161
G1 X166.995 Y167.804 E.05266
G1 X166.185 Y166.995 E.03876
G1 X166.25 Y165.44 E.05266
G1 X165.44 Y164.631 E.03876
G1 X163.886 Y164.696 E.05266
G1 X163.076 Y163.886 E.03876
G1 X163.141 Y162.332 E.05266
G1 X162.332 Y161.522 E.03876
G1 X160.777 Y161.587 E.05266
G1 X159.967 Y160.777 E.03876
G1 X160.033 Y159.223 E.05266
G1 X159.223 Y158.413 E.03876
G1 X157.668 Y158.478 E.05266
G1 X156.859 Y157.668 E.03876
G1 X156.924 Y156.114 E.05266
G1 X156.114 Y155.304 E.03876
G1 X154.56 Y155.369 E.05266
G1 X153.75 Y154.56 E.03876
G1 X153.815 Y153.005 E.05266
G1 X153.005 Y152.196 E.03876
G1 X151.451 Y152.261 E.05266
G1 X151 Y151.809 E.02161
G1 X151 Y154.918 E.10523
G1 X151.451 Y155.369 E.02161
G1 X153.005 Y155.304 E.05266
G1 X153.815 Y156.114 E.03876
G1 X153.75 Y157.668 E.05266
G1 X154.56 Y158.478 E.03876
G1 X156.114 Y158.413 E.05266
G1 X156.924 Y159.223 E.03876
G1 X156.859 Y160.777 E.05266
G1 X157.668 Y161.587 E.03876
G1 X159.223 Y161.522 E.05266
G1 X160.033 Y162.332 E.03876
G1 X159.967 Y163.886 E.05266
G1 X160.777 Y164.696 E.03876
G1 X162.332 Y164.631 E.05266
G1 X163.141 Y165.44 E.03876
G1 X163.076 Y166.995 E.05266
G1 X163.886 Y167.804 E.03876
G1 X165.44 Y167.739 E.05266
G1 X166.25 Y168.549 E.03876
G1 X166.231 Y169 E.01529
G1 X163.122 Y169 E.10523
G1 X163.141 Y168.549 E.01529
G1 X162.332 Y167.739 E.03876
G1 X160.777 Y167.804 E.05266
G1 X159.967 Y166.995 E.03876
G1 X160.033 Y165.44 E.05266
G1 X159.223 Y164.631 E.03876
G1 X157.668 Y164.696 E.05266
G1 X156.859 Y163.886 E.03876
G1 X156.924 Y162.332 E.05266
G1 X156.114 Y161.522 E.03876
G1 X154.56 Y161.587 E.05266
G1 X153.75 Y160.777 E.03876
G1 X153.815 Y159.223 E.05266
G1 X153.005 Y158.413 E.03876
G1 X151.451 Y158.478 E.05266
G1 X151 Y158.027 E.02161
G1 X151 Y156.398 E.05512
SET_VELOCITY_LIMIT ACCEL=1000 ACCEL_TO_DECEL=500
G1 E-.8 F1800
G1 X152.141 Y151 Z9.8 F7200
G1 Z9.4 F7200
G1 E.8 F1800
SET_VELOCITY_LIMIT ACCEL=500 ACCEL_TO_DECEL=250
G1 F6000
G1 X153.769 Y151 E.05512
G1 X153.75 Y151.451 E.01529
G1 X154.56 Y152.261 E.03876
G1 X156.114 Y152.196 E.05266
G1 X156.924 Y153.005 E.03876
G1 X156.859 Y154.56 E.05266
G1 X157.668 Y155.369 E.03876
G1 X159.223 Y155.304 E.05266
G1 X160.033 Y156.114 E.03876
G1 X159.967 Y157.668 E.05266
G1 X160.777 Y158.478 E.03876
G1 X162.332 Y158.413 E.05266
G1 X163.141 Y159.223 E.03876
G1 X163.076 Y160.777 E.05266
G1 X163.886 Y161.587 E.03876
G1 X165.44 Y161.522 E.05266
G1 X166.25 Y162.332 E.03876
G1 X166.185 Y163.886 E.05266
G1 X166.995 Y164.696 E.03876
G1 X168.549 Y164.631 E.05266
G1 X169 Y165.082 E.02161
G1 X169 Y161.973 E.10523
G1 X168.549 Y161.522 E.02161
G1 X166.995 Y161.587 E.05266
G1 X166.185 Y160.777 E.03876
G1 X166.25 Y159.223 E.05266
G1 X165.44 Y158.413 E.03876
G1 X163.886 Y158.478 E.05266
G1 X163.076 Y157.668 E.03876
G1 X163.141 Y156.114 E.05266
G1 X162.332 Y155.304 E.03876
G1 X160.777 Y155.369 E.05266
G1 X159.967 Y154.56 E.03876
G1 X160.033 Y153.005 E.05266
G1 X159.223 Y152.196 E.03876
G1 X157.668 Y152.261 E.05266
G1 X156.859 Y151.451 E.03876
G1 X156.878 Y151 E.01529
G1 X158.506 Y151 E.05512
SET_VELOCITY_LIMIT ACCEL=1000 ACCEL_TO_DECEL=500
G1 E-.8 F1800
G1 X166.138 Y151 Z9.8 F7200
G1 X167.832 Y151 Z9.8 F7200
G1 Z9.4 F7200
G1 E.8 F1800
SET_VELOCITY_LIMIT ACCEL=500 ACCEL_TO_DECEL=250
G1 F6000
G1 X166.204 Y151 E.05512
G1 X166.185 Y151.451 E.01529
G1 X166.995 Y152.261 E.03876
G1 X168.549 Y152.196 E.05266
G1 X169 Y152.647 E.02161
G1 X169 Y155.756 E.10523
G1 X168.549 Y155.304 E.02161
G1 X166.995 Y155.369 E.05266
G1 X166.185 Y154.56 E.03876
G1 X166.25 Y153.005 E.05266
G1 X165.44 Y152.196 E.03876
G1 X163.886 Y152.261 E.05266
G1 X163.076 Y151.451 E.03876
G1 X163.095 Y151 E.01529
G1 X159.986 Y151 E.10523
G1 X159.967 Y151.451 E.01529
G1 X160.777 Y152.261 E.03876
G1 X162.332 Y152.196 E.05266
G1 X163.141 Y153.005 E.03876
G1 X163.076 Y154.56 E.05266
G1 X163.886 Y155.369 E.03876
G1 X165.44 Y155.304 E.05266
G1 X166.25 Y156.114 E.03876
G1 X166.185 Y157.668 E.05266
G1 X166.995 Y158.478 E.03876
G1 X168.549 Y158.413 E.05266
G1 X169 Y158.864 E.02161
G1 X169 Y160.493 E.05512
SET_VELOCITY_LIMIT ACCEL=1000 ACCEL_TO_DECEL=500
G1 E-.8 F1800
G1 X163.045 Y165.266 Z9.8 F7200
G1 X158.385 Y169 Z9.8 F7200
G1 Z9.4 F7200
G1 E.8 F1800
SET_VELOCITY_LIMIT ACCEL=500 ACCEL_TO_DECEL=250
G1 F6000
G1 X160.014 Y169 E.05512
G1 X160.033 Y168.549 E.01529
G1 X159.223 Y167.739 E.03876
G1 X157.668 Y167.804 E.05266
G1 X156.859 Y166.995 E.03876
G1 X156.924 Y165.44 E.05266
G1 X156.114 Y164.631 E.03876
G1 X154.56 Y164.696 E.05266
G1 X153.75 Y163.886 E.03876
G1 X153.815 Y162.332 E.05266
G1 X153.005 Y161.522 E.03876
G1 X151.451 Y161.587 E.05266
G1 X151 Y161.136 E.02161
G1 X151 Y164.244 E.10523
G1 X151.451 Y164.696 E.02161
G1 X153.005 Y164.631 E.05266
G1 X153.815 Y165.44 E.03876
G1 X153.75 Y166.995 E.05266
G1 X154.56 Y167.804 E.03876
G1 X156.114 Y167.739 E.05266
G1 X156.924 Y168.549 E.03876
G1 X156.905 Y169 E.01529
G1 X153.796 Y169 E.10523
G1 X153.815 Y168.549 E.01529
G1 X153.005 Y167.739 E.03876
G1 X151.451 Y167.804 E.05266
G1 X151 Y167.353 E.02161
G1 X151 Y168.981 E.05512
M400
G1 E-10 F1800
G1 Z9.8 F7200
M104 S150 T1 ; standby
M104 S270 T0 ; pre-charge
M109 S270 T0
MOVE_TO_BRUSH_STATION
CLEAN_NOZZLE
MOVE_OUT_BRUSH_STATION
M106 P2 S130 ; fibre-side cooling, fan4
M106 P1 S0 ; part-cooling, fan3
T0 ; switch extruder type to:FIBER
; LAYER:47 [9.40]
M1001 L71
G1 F1200 Z10.60
G1 X151.11 Y151.11 F1200
G1 F1200 U55.000 ; Extrude restart
G1 F1200 Z9.40
G1 F600 V1.000 ; Recover matrix retract
G1 F600 V3.000 ; Matrix prime
G1 X167.45 Y151.11 V0.545 U16.017 P0.034 F1200
; Start to cut
M2800
M400
;CUT DISTANCE 54.8
G1 X168.89 Y151.11 V0.048 F1200
G1 X168.89 Y168.89 V0.593 F1200
G1 X151.11 Y168.89 V0.593 F1200
G1 X151.11 Y151.11 V0.593 F1200
; Cutting completed.
G1 F600 V-1.000 ; Retract
G1 F1200 Z10.00
M1002
M1001 L404
G1 F1200 Z10.60
G1 X167.89 Y151.76 F1200
G1 F1200 U55.000 ; Extrude restart
G1 F1200 Z9.40
G1 F600 V1.000 ; Recover matrix retract
G1 F600 V3.000 ; Matrix prime
G1 X167.89 Y168.24 V0.549 U16.156 P0.034 F1200
G1 X167.19 Y168.24 V0.023 U0.686 P0.034 F1200
G1 X167.19 Y151.76 V0.549 U16.156 P0.034 F1200
G1 X166.49 Y151.76 V0.023 U0.686 P0.034 F1200
G1 X166.49 Y168.24 V0.549 U16.156 P0.034 F1200
G1 X165.79 Y168.24 V0.023 U0.686 P0.034 F1200
G1 X165.79 Y151.76 V0.549 U16.156 P0.034 F1200
G1 X165.09 Y151.76 V0.023 U0.686 P0.034 F1200
G1 X165.09 Y168.24 V0.549 U16.156 P0.034 F1200
G1 X164.39 Y168.24 V0.023 U0.686 P0.034 F1200
G1 X164.39 Y151.76 V0.549 U16.156 P0.034 F1200
G1 X163.69 Y151.76 V0.023 U0.686 P0.034 F1200
G1 X163.69 Y168.24 V0.549 U16.156 P0.034 F1200
G1 X162.99 Y168.24 V0.023 U0.686 P0.034 F1200
G1 X162.99 Y151.76 V0.549 U16.156 P0.034 F1200
G1 X162.29 Y151.76 V0.023 U0.686 P0.034 F1200
M73 P46 R32
G1 X162.29 Y168.24 V0.549 U16.156 P0.034 F1200
G1 X161.59 Y168.24 V0.023 U0.686 P0.034 F1200
G1 X161.59 Y151.76 V0.549 U16.156 P0.034 F1200
G1 X160.89 Y151.76 V0.023 U0.686 P0.034 F1200
G1 X160.89 Y168.24 V0.549 U16.156 P0.034 F1200
G1 X160.19 Y168.24 V0.023 U0.686 P0.034 F1200
G1 X160.19 Y151.76 V0.549 U16.156 P0.034 F1200
G1 X159.49 Y151.76 V0.023 U0.686 P0.034 F1200
G1 X159.49 Y168.24 V0.549 U16.156 P0.034 F1200
G1 X158.79 Y168.24 V0.023 U0.686 P0.034 F1200
G1 X158.79 Y151.76 V0.549 U16.156 P0.034 F1200
G1 X158.09 Y151.76 V0.023 U0.686 P0.034 F1200
G1 X158.09 Y168.24 V0.549 U16.156 P0.034 F1200
G1 X157.39 Y168.24 V0.023 U0.686 P0.034 F1200
G1 X157.39 Y151.76 V0.549 U16.156 P0.034 F1200
G1 X156.69 Y151.76 V0.023 U0.686 P0.034 F1200
G1 X156.69 Y168.24 V0.549 U16.156 P0.034 F1200
G1 X155.99 Y168.24 V0.023 U0.686 P0.034 F1200
G1 X155.99 Y151.76 V0.549 U16.156 P0.034 F1200
G1 X155.29 Y151.76 V0.023 U0.686 P0.034 F1200
G1 X155.29 Y168.24 V0.549 U16.156 P0.034 F1200
G1 X154.59 Y168.24 V0.023 U0.686 P0.034 F1200
G1 X154.59 Y151.76 V0.549 U16.156 P0.034 F1200
G1 X153.89 Y151.76 V0.023 U0.686 P0.034 F1200
G1 X153.89 Y165.00 V0.441 U12.979 P0.034 F1200
; Start to cut
M2800
M400
;CUT DISTANCE 54.8
G1 X153.89 Y168.24 V0.108 F1200
G1 X153.19 Y168.24 V0.023 F1200
G1 X153.19 Y151.76 V0.549 F1200
G1 X152.49 Y151.76 V0.023 F1200
G1 X152.49 Y168.24 V0.549 F1200
G1 X151.79 Y168.24 V0.023 F1200
G1 X151.79 Y151.76 V0.549 F1200
; Cutting completed.
G1 F600 V-1.000 ; Retract
G1 F1200 Z10.00
M1002
M400
G1 F600 V-4.000 ; Toolchange matrix retract
M104 S180 T0 ; standby
M104 S250 T1 ; pre-charge
M109 S250 T1
MOVE_TO_BRUSH_STATION
CLEAN_NOZZLE
MOVE_OUT_BRUSH_STATION
M106 P2 S0 ; fibre-side cooling, fan4
M106 P1 S130 ; part-cooling, fan3
T1 ; switch extruder type to:PLASTIC
G1 Z9.4 F7200
G1 E10 F1800
M106 S127
;LAYER_CHANGE
;Z:9.6
;HEIGHT:0.200001
;_SET_FAN_SPEED_CHANGING_LAYER
SET_VELOCITY_LIMIT ACCEL=1000 ACCEL_TO_DECEL=500
G1 E-.8 F1800
G1 X158.631 Y169.133 Z10 F7200
G1 X169.346 Y169.346 Z10 F7200
M73 P47 R32
G1 Z9.6 F7200
G1 E.8 F1800
;TYPE:Inner wall
;WIDTH:0.449999
G1 F3600
G1 X150.654 Y169.346 E.6327
G1 X150.654 Y150.654 E.6327
G1 X169.346 Y150.654 E.6327
G1 X169.346 Y169.306 E.63135
SET_VELOCITY_LIMIT ACCEL=500 ACCEL_TO_DECEL=250
G1 X169.775 Y169.775 F7200
;TYPE:Outer wall
G1 F3600
G1 X150.225 Y169.775 E.66174
G1 X150.225 Y150.225 E.66174
G1 X169.775 Y150.225 E.66174
G1 X169.775 Y169.735 E.66039
SET_VELOCITY_LIMIT ACCEL=1000 ACCEL_TO_DECEL=500
G1 E-.8 F1800
G1 X169.453 Y162.109 Z10 F7200
G1 X169 Y151.372 Z10 F7200
G1 Z9.6 F7200
G1 E.8 F1800
SET_VELOCITY_LIMIT ACCEL=500 ACCEL_TO_DECEL=250
;TYPE:Sparse infill
;WIDTH:0.45
G1 F6000
G1 X169 Y153 E.05512
G1 X168.549 Y152.549 E.02161
G1 X166.995 Y151.907 E.05693
G1 X166.539 Y151.451 E.02184
G1 X166.352 Y151 E.01653
G1 X163.243 Y151 E.10523
G1 X163.43 Y151.451 E.01653
G1 X163.886 Y151.907 E.02184
G1 X165.44 Y152.549 E.05693
G1 X165.897 Y153.005 E.02184
G1 X166.539 Y154.56 E.05693
G1 X166.995 Y155.016 E.02184
G1 X168.549 Y155.658 E.05693
G1 X169 Y156.109 E.02161
G1 X169 Y159.218 E.10523
G1 X168.549 Y158.767 E.02161
G1 X166.995 Y158.125 E.05693
G1 X166.539 Y157.668 E.02184
G1 X165.897 Y156.114 E.05693
G1 X165.44 Y155.658 E.02184
G1 X163.886 Y155.016 E.05693
G1 X163.43 Y154.56 E.02184
G1 X162.788 Y153.005 E.05693
G1 X162.332 Y152.549 E.02184
G1 X160.777 Y151.907 E.05693
G1 X160.321 Y151.451 E.02184
G1 X160.135 Y151 E.01653
G1 X157.026 Y151 E.10523
G1 X157.212 Y151.451 E.01653
G1 X157.668 Y151.907 E.02184
G1 X159.223 Y152.549 E.05693
G1 X159.679 Y153.005 E.02184
G1 X160.321 Y154.56 E.05693
G1 X160.777 Y155.016 E.02184
G1 X162.332 Y155.658 E.05693
G1 X162.788 Y156.114 E.02184
G1 X163.43 Y157.668 E.05693
G1 X163.886 Y158.125 E.02184
G1 X165.44 Y158.767 E.05693
G1 X165.897 Y159.223 E.02184
G1 X166.539 Y160.777 E.05693
G1 X166.995 Y161.233 E.02184
G1 X168.549 Y161.875 E.05693
G1 X169 Y162.327 E.02161
G1 X169 Y165.436 E.10523
G1 X168.549 Y164.984 E.02161
G1 X166.995 Y164.342 E.05693
G1 X166.539 Y163.886 E.02184
G1 X165.897 Y162.332 E.05693
G1 X165.44 Y161.875 E.02184
G1 X163.886 Y161.233 E.05693
G1 X163.43 Y160.777 E.02184
G1 X162.788 Y159.223 E.05693
G1 X162.332 Y158.767 E.02184
G1 X160.777 Y158.125 E.05693
G1 X160.321 Y157.668 E.02184
G1 X159.679 Y156.114 E.05693
G1 X159.223 Y155.658 E.02184
G1 X157.668 Y155.016 E.05693
G1 X157.212 Y154.56 E.02184
G1 X156.57 Y153.005 E.05693
G1 X156.114 Y152.549 E.02184
G1 X154.56 Y151.907 E.05693
G1 X154.103 Y151.451 E.02184
G1 X153.917 Y151 E.01653
G1 X151 Y151 E.09875
G1 X151 Y151.456 E.01544
G1 X151.451 Y151.907 E.02161
G1 X153.005 Y152.549 E.05693
G1 X153.461 Y153.005 E.02184
G1 X154.103 Y154.56 E.05693
G1 X154.56 Y155.016 E.02184
G1 X156.114 Y155.658 E.05693
G1 X156.57 Y156.114 E.02184
G1 X157.212 Y157.668 E.05693
G1 X157.668 Y158.125 E.02184
G1 X159.223 Y158.767 E.05693
G1 X159.679 Y159.223 E.02184
G1 X160.321 Y160.777 E.05693
G1 X160.777 Y161.233 E.02184
G1 X162.332 Y161.875 E.05693
G1 X162.788 Y162.332 E.02184
G1 X163.43 Y163.886 E.05693
G1 X163.886 Y164.342 E.02184
G1 X165.44 Y164.984 E.05693
G1 X165.897 Y165.44 E.02184
G1 X166.539 Y166.995 E.05693
G1 X166.995 Y167.451 E.02184
G1 X168.549 Y168.093 E.05693
G1 X169 Y168.544 E.02161
G1 X169 Y169 E.01544
G1 X166.083 Y169 E.09875
G1 X165.897 Y168.549 E.01653
G1 X165.44 Y168.093 E.02184
G1 X163.886 Y167.451 E.05693
G1 X163.43 Y166.995 E.02184
G1 X162.788 Y165.44 E.05693
G1 X162.332 Y164.984 E.02184
G1 X160.777 Y164.342 E.05693
G1 X160.321 Y163.886 E.02184
G1 X159.679 Y162.332 E.05693
G1 X159.223 Y161.875 E.02184
G1 X157.668 Y161.233 E.05693
G1 X157.212 Y160.777 E.02184
G1 X156.57 Y159.223 E.05693
G1 X156.114 Y158.767 E.02184
G1 X154.56 Y158.125 E.05693
G1 X154.103 Y157.668 E.02184
G1 X153.461 Y156.114 E.05693
G1 X153.005 Y155.658 E.02184
G1 X151.451 Y155.016 E.05693
G1 X151 Y154.564 E.02161
G1 X151 Y157.673 E.10523
G1 X151.451 Y158.125 E.02161
G1 X153.005 Y158.767 E.05693
G1 X153.461 Y159.223 E.02184
G1 X154.103 Y160.777 E.05693
G1 X154.56 Y161.233 E.02184
G1 X156.114 Y161.875 E.05693
G1 X156.57 Y162.332 E.02184
G1 X157.212 Y163.886 E.05693
G1 X157.668 Y164.342 E.02184
G1 X159.223 Y164.984 E.05693
G1 X159.679 Y165.44 E.02184
G1 X160.321 Y166.995 E.05693
G1 X160.777 Y167.451 E.02184
G1 X162.332 Y168.093 E.05693
G1 X162.788 Y168.549 E.02184
G1 X162.974 Y169 E.01653
G1 X159.865 Y169 E.10523
G1 X159.679 Y168.549 E.01653
G1 X159.223 Y168.093 E.02184
G1 X157.668 Y167.451 E.05693
G1 X157.212 Y166.995 E.02184
G1 X156.57 Y165.44 E.05693
G1 X156.114 Y164.984 E.02184
G1 X154.56 Y164.342 E.05693
G1 X154.103 Y163.886 E.02184
G1 X153.461 Y162.332 E.05693
G1 X153.005 Y161.875 E.02184
G1 X151.451 Y161.233 E.05693
G1 X151 Y160.782 E.02161
G1 X151 Y163.891 E.10523
G1 X151.451 Y164.342 E.02161
G1 X153.005 Y164.984 E.05693
G1 X153.461 Y165.44 E.02184
G1 X154.103 Y166.995 E.05693
G1 X154.56 Y167.451 E.02184
G1 X156.114 Y168.093 E.05693
G1 X156.57 Y168.549 E.02184
G1 X156.757 Y169 E.01653
G1 X153.648 Y169 E.10523
G1 X153.461 Y168.549 E.01653
G1 X153.005 Y168.093 E.02184
G1 X151.451 Y167.451 E.05693
G1 X151 Y167 E.02161
G1 X151 Y168.628 E.05512
M400
G1 E-10 F1800
G1 Z10 F7200
M104 S150 T1 ; standby
M104 S270 T0 ; pre-charge
M109 S270 T0
MOVE_TO_BRUSH_STATION
CLEAN_NOZZLE
MOVE_OUT_BRUSH_STATION
M106 P2 S124 ; fibre-side cooling, fan4
M106 P1 S0 ; part-cooling, fan3
T0 ; switch extruder type to:FIBER
; LAYER:48 [9.60]
M1001 L71
G1 F1200 Z10.80
G1 X151.11 Y151.11 F1200
G1 F1200 U55.000 ; Extrude restart
G1 F1200 Z9.60
G1 F600 V1.000 ; Recover matrix retract
G1 F600 V3.000 ; Matrix prime
G1 X167.45 Y151.11 V0.545 U16.017 P0.034 F1200
; Start to cut
M2800
M400
;CUT DISTANCE 54.8
G1 X168.89 Y151.11 V0.048 F1200
G1 X168.89 Y168.89 V0.593 F1200
G1 X151.11 Y168.89 V0.593 F1200
G1 X151.11 Y151.11 V0.593 F1200
; Cutting completed.
G1 F600 V-1.000 ; Retract
G1 F1200 Z10.20
M1002
M1001 L404
G1 F1200 Z10.80
G1 X151.76 Y152.11 F1200
G1 F1200 U55.000 ; Extrude restart
G1 F1200 Z9.60
G1 F600 V1.000 ; Recover matrix retract
G1 F600 V3.000 ; Matrix prime
G1 X168.24 Y152.11 V0.549 U16.156 P0.034 F1200
G1 X168.24 Y152.81 V0.023 U0.686 P0.034 F1200
G1 X151.76 Y152.81 V0.549 U16.156 P0.034 F1200
G1 X151.76 Y153.51 V0.023 U0.686 P0.034 F1200
G1 X168.24 Y153.51 V0.549 U16.156 P0.034 F1200
G1 X168.24 Y154.21 V0.023 U0.686 P0.034 F1200
G1 X151.76 Y154.21 V0.549 U16.156 P0.034 F1200
G1 X151.76 Y154.91 V0.023 U0.686 P0.034 F1200
G1 X168.24 Y154.91 V0.549 U16.156 P0.034 F1200
G1 X168.24 Y155.61 V0.023 U0.686 P0.034 F1200
G1 X151.76 Y155.61 V0.549 U16.156 P0.034 F1200
G1 X151.76 Y156.31 V0.023 U0.686 P0.034 F1200
G1 X168.24 Y156.31 V0.549 U16.156 P0.034 F1200
G1 X168.24 Y157.01 V0.023 U0.686 P0.034 F1200
G1 X151.76 Y157.01 V0.549 U16.156 P0.034 F1200
G1 X151.76 Y157.71 V0.023 U0.686 P0.034 F1200
G1 X168.24 Y157.71 V0.549 U16.156 P0.034 F1200
G1 X168.24 Y158.41 V0.023 U0.686 P0.034 F1200
G1 X151.76 Y158.41 V0.549 U16.156 P0.034 F1200
G1 X151.76 Y159.11 V0.023 U0.686 P0.034 F1200
G1 X168.24 Y159.11 V0.549 U16.156 P0.034 F1200
G1 X168.24 Y159.81 V0.023 U0.686 P0.034 F1200
G1 X151.76 Y159.81 V0.549 U16.156 P0.034 F1200
G1 X151.76 Y160.51 V0.023 U0.686 P0.034 F1200
G1 X168.24 Y160.51 V0.549 U16.156 P0.034 F1200
G1 X168.24 Y161.21 V0.023 U0.686 P0.034 F1200
G1 X151.76 Y161.21 V0.549 U16.156 P0.034 F1200
G1 X151.76 Y161.91 V0.023 U0.686 P0.034 F1200
G1 X168.24 Y161.91 V0.549 U16.156 P0.034 F1200
G1 X168.24 Y162.61 V0.023 U0.686 P0.034 F1200
G1 X151.76 Y162.61 V0.549 U16.156 P0.034 F1200
G1 X151.76 Y163.31 V0.023 U0.686 P0.034 F1200
G1 X168.24 Y163.31 V0.549 U16.156 P0.034 F1200
G1 X168.24 Y164.01 V0.023 U0.686 P0.034 F1200
G1 X151.76 Y164.01 V0.549 U16.156 P0.034 F1200
G1 X151.76 Y164.71 V0.023 U0.686 P0.034 F1200
G1 X168.24 Y164.71 V0.549 U16.156 P0.034 F1200
G1 X168.24 Y165.41 V0.023 U0.686 P0.034 F1200
G1 X151.76 Y165.41 V0.549 U16.156 P0.034 F1200
G1 X151.76 Y166.11 V0.023 U0.686 P0.034 F1200
G1 X165.00 Y166.11 V0.441 U12.979 P0.034 F1200
; Start to cut
M2800
M400
;CUT DISTANCE 54.8
G1 X168.24 Y166.11 V0.108 F1200
G1 X168.24 Y166.81 V0.023 F1200
G1 X151.76 Y166.81 V0.549 F1200
G1 X151.76 Y167.51 V0.023 F1200
G1 X168.24 Y167.51 V0.549 F1200
G1 X168.24 Y168.21 V0.023 F1200
G1 X151.76 Y168.21 V0.549 F1200
; Cutting completed.
G1 F600 V-1.000 ; Retract
G1 F1200 Z10.20
M1002
M400
G1 F600 V-4.000 ; Toolchange matrix retract
M104 S180 T0 ; standby
M104 S250 T1 ; pre-charge
M109 S250 T1
MOVE_TO_BRUSH_STATION
CLEAN_NOZZLE
MOVE_OUT_BRUSH_STATION
M106 P2 S0 ; fibre-side cooling, fan4
M106 P1 S124 ; part-cooling, fan3
T1 ; switch extruder type to:PLASTIC
G1 Z9.6 F7200
G1 E10 F1800
M106 S130
;LAYER_CHANGE
;Z:9.8
;HEIGHT:0.2
;_SET_FAN_SPEED_CHANGING_LAYER
SET_VELOCITY_LIMIT ACCEL=1000 ACCEL_TO_DECEL=500
G1 E-.8 F1800
G1 X158.626 Y168.927 Z10.2 F7200
G1 X169.346 Y169.346 Z10.2 F7200
M73 P48 R32
G1 Z9.8 F7200
G1 E.8 F1800
;TYPE:Inner wall
;WIDTH:0.449999
G1 F3600
G1 X150.654 Y169.346 E.6327
G1 X150.654 Y150.654 E.6327
G1 X169.346 Y150.654 E.6327
G1 X169.346 Y169.306 E.63135
SET_VELOCITY_LIMIT ACCEL=500 ACCEL_TO_DECEL=250
G1 X169.775 Y169.775 F7200
;TYPE:Outer wall
G1 F3600
G1 X150.225 Y169.775 E.66174
G1 X150.225 Y150.225 E.66174
G1 X169.775 Y150.225 E.66174
G1 X169.775 Y169.735 E.66039
SET_VELOCITY_LIMIT ACCEL=1000 ACCEL_TO_DECEL=500
G1 E-.8 F1800
G1 X169.445 Y162.11 Z10.2 F7200
G1 X169 Y151.828 Z10.2 F7200
G1 Z9.8 F7200
G1 E.8 F1800
SET_VELOCITY_LIMIT ACCEL=500 ACCEL_TO_DECEL=250
;TYPE:Sparse infill
;WIDTH:0.45
G1 F6000
G1 X169 Y153.457 E.05512
G1 X166.543 Y151 E.11762
G1 X163.435 Y151 E.10523
G1 X169 Y156.565 E.26643
G1 X169 Y159.674 E.10523
G1 X160.326 Y151 E.41525
G1 X157.217 Y151 E.10523
G1 X169 Y162.783 E.56406
G1 X169 Y165.892 E.10523
G1 X154.108 Y151 E.71288
G1 X151 Y151 E.10523
G1 X169 Y169 E.86169
G1 X165.892 Y169 E.10523
G1 X151 Y154.108 E.71288
G1 X151 Y157.217 E.10523
G1 X162.783 Y169 E.56406
G1 X159.674 Y169 E.10523
G1 X151 Y160.326 E.41525
G1 X151 Y163.435 E.10523
G1 X156.565 Y169 E.26643
M73 P48 R31
G1 X153.457 Y169 E.10523
G1 X151 Y166.543 E.11762
G1 X151 Y168.172 E.05512
M400
G1 E-10 F1800
G1 Z10.2 F7200
M104 S150 T1 ; standby
M104 S270 T0 ; pre-charge
M109 S270 T0
MOVE_TO_BRUSH_STATION
CLEAN_NOZZLE
MOVE_OUT_BRUSH_STATION
M106 P2 S127 ; fibre-side cooling, fan4
M106 P1 S0 ; part-cooling, fan3
T0 ; switch extruder type to:FIBER
; LAYER:49 [9.80]
M1001 L71
G1 F1200 Z11.00
G1 X151.11 Y151.11 F1200
G1 F1200 U55.000 ; Extrude restart
G1 F1200 Z9.80
G1 F600 V1.000 ; Recover matrix retract
G1 F600 V3.000 ; Matrix prime
G1 X167.45 Y151.11 V0.545 U16.017 P0.034 F1200
; Start to cut
M2800
M400
;CUT DISTANCE 54.8
G1 X168.89 Y151.11 V0.048 F1200
G1 X168.89 Y168.89 V0.593 F1200
G1 X151.11 Y168.89 V0.593 F1200
G1 X151.11 Y151.11 V0.593 F1200
; Cutting completed.
G1 F600 V-1.000 ; Retract
G1 F1200 Z10.40
M1002
M1001 L404
G1 F1200 Z11.00
G1 X151.76 Y152.11 F1200
G1 F1200 U55.000 ; Extrude restart
G1 F1200 Z9.80
G1 F600 V1.000 ; Recover matrix retract
G1 F600 V3.000 ; Matrix prime
G1 X168.24 Y152.11 V0.549 U16.156 P0.034 F1200
G1 X168.24 Y152.81 V0.023 U0.686 P0.034 F1200
G1 X151.76 Y152.81 V0.549 U16.156 P0.034 F1200
G1 X151.76 Y153.51 V0.023 U0.686 P0.034 F1200
G1 X168.24 Y153.51 V0.549 U16.156 P0.034 F1200
G1 X168.24 Y154.21 V0.023 U0.686 P0.034 F1200
G1 X151.76 Y154.21 V0.549 U16.156 P0.034 F1200
G1 X151.76 Y154.91 V0.023 U0.686 P0.034 F1200
G1 X168.24 Y154.91 V0.549 U16.156 P0.034 F1200
G1 X168.24 Y155.61 V0.023 U0.686 P0.034 F1200
G1 X151.76 Y155.61 V0.549 U16.156 P0.034 F1200
G1 X151.76 Y156.31 V0.023 U0.686 P0.034 F1200
G1 X168.24 Y156.31 V0.549 U16.156 P0.034 F1200
G1 X168.24 Y157.01 V0.023 U0.686 P0.034 F1200
G1 X151.76 Y157.01 V0.549 U16.156 P0.034 F1200
G1 X151.76 Y157.71 V0.023 U0.686 P0.034 F1200
G1 X168.24 Y157.71 V0.549 U16.156 P0.034 F1200
G1 X168.24 Y158.41 V0.023 U0.686 P0.034 F1200
G1 X151.76 Y158.41 V0.549 U16.156 P0.034 F1200
G1 X151.76 Y159.11 V0.023 U0.686 P0.034 F1200
G1 X168.24 Y159.11 V0.549 U16.156 P0.034 F1200
G1 X168.24 Y159.81 V0.023 U0.686 P0.034 F1200
G1 X151.76 Y159.81 V0.549 U16.156 P0.034 F1200
G1 X151.76 Y160.51 V0.023 U0.686 P0.034 F1200
G1 X168.24 Y160.51 V0.549 U16.156 P0.034 F1200
G1 X168.24 Y161.21 V0.023 U0.686 P0.034 F1200
G1 X151.76 Y161.21 V0.549 U16.156 P0.034 F1200
G1 X151.76 Y161.91 V0.023 U0.686 P0.034 F1200
G1 X168.24 Y161.91 V0.549 U16.156 P0.034 F1200
G1 X168.24 Y162.61 V0.023 U0.686 P0.034 F1200
G1 X151.76 Y162.61 V0.549 U16.156 P0.034 F1200
G1 X151.76 Y163.31 V0.023 U0.686 P0.034 F1200
G1 X168.24 Y163.31 V0.549 U16.156 P0.034 F1200
G1 X168.24 Y164.01 V0.023 U0.686 P0.034 F1200
G1 X151.76 Y164.01 V0.549 U16.156 P0.034 F1200
G1 X151.76 Y164.71 V0.023 U0.686 P0.034 F1200
G1 X168.24 Y164.71 V0.549 U16.156 P0.034 F1200
G1 X168.24 Y165.41 V0.023 U0.686 P0.034 F1200
G1 X151.76 Y165.41 V0.549 U16.156 P0.034 F1200
G1 X151.76 Y166.11 V0.023 U0.686 P0.034 F1200
G1 X165.00 Y166.11 V0.441 U12.979 P0.034 F1200
; Start to cut
M2800
M400
;CUT DISTANCE 54.8
G1 X168.24 Y166.11 V0.108 F1200
G1 X168.24 Y166.81 V0.023 F1200
G1 X151.76 Y166.81 V0.549 F1200
G1 X151.76 Y167.51 V0.023 F1200
G1 X168.24 Y167.51 V0.549 F1200
G1 X168.24 Y168.21 V0.023 F1200
G1 X151.76 Y168.21 V0.549 F1200
; Cutting completed.
G1 F600 V-1.000 ; Retract
G1 F1200 Z10.40
M1002
M400
G1 F600 V-4.000 ; Toolchange matrix retract
M104 S180 T0 ; standby
M104 S250 T1 ; pre-charge
M109 S250 T1
MOVE_TO_BRUSH_STATION
CLEAN_NOZZLE
MOVE_OUT_BRUSH_STATION
M106 P2 S0 ; fibre-side cooling, fan4
M106 P1 S127 ; part-cooling, fan3
T1 ; switch extruder type to:PLASTIC
G1 Z9.8 F7200
G1 E10 F1800
M106 S125
;LAYER_CHANGE
;Z:10
;HEIGHT:0.2
;_SET_FAN_SPEED_CHANGING_LAYER
SET_VELOCITY_LIMIT ACCEL=1000 ACCEL_TO_DECEL=500
G1 E-.8 F1800
G1 X158.616 Y168.659 Z10.4 F7200
G1 X169.346 Y169.346 Z10.4 F7200
G1 Z10 F7200
G1 E.8 F1800
;TYPE:Inner wall
;WIDTH:0.449999
G1 F3600
G1 X150.654 Y169.346 E.6327
G1 X150.654 Y150.654 E.6327
G1 X169.346 Y150.654 E.6327
G1 X169.346 Y169.306 E.63135
SET_VELOCITY_LIMIT ACCEL=500 ACCEL_TO_DECEL=250
G1 X169.775 Y169.775 F7200
;TYPE:Outer wall
G1 F3600
G1 X150.225 Y169.775 E.66174
G1 X150.225 Y150.225 E.66174
M73 P49 R31
G1 X169.775 Y150.225 E.66174
G1 X169.775 Y169.735 E.66039
SET_VELOCITY_LIMIT ACCEL=1000 ACCEL_TO_DECEL=500
G1 E-.8 F1800
G1 X169.445 Y162.11 Z10.4 F7200
G1 X169 Y151.828 Z10.4 F7200
G1 Z10 F7200
G1 E.8 F1800
SET_VELOCITY_LIMIT ACCEL=500 ACCEL_TO_DECEL=250
;TYPE:Sparse infill
;WIDTH:0.45
G1 F6000
G1 X169 Y153.457 E.05512
G1 X166.543 Y151 E.11762
G1 X163.435 Y151 E.10523
G1 X169 Y156.565 E.26643
G1 X169 Y159.674 E.10523
G1 X160.326 Y151 E.41525
G1 X157.217 Y151 E.10523
G1 X169 Y162.783 E.56406
G1 X169 Y165.892 E.10523
G1 X154.108 Y151 E.71288
G1 X151 Y151 E.10523
G1 X169 Y169 E.86169
G1 X165.892 Y169 E.10523
G1 X151 Y154.108 E.71288
G1 X151 Y157.217 E.10523
G1 X162.783 Y169 E.56406
G1 X159.674 Y169 E.10523
G1 X151 Y160.326 E.41525
G1 X151 Y163.435 E.10523
G1 X156.565 Y169 E.26643
G1 X153.457 Y169 E.10523
G1 X151 Y166.543 E.11762
G1 X151 Y168.172 E.05512
M400
G1 E-10 F1800
G1 Z10.4 F7200
M104 S150 T1 ; standby
M104 S270 T0 ; pre-charge
M109 S270 T0
MOVE_TO_BRUSH_STATION
CLEAN_NOZZLE
MOVE_OUT_BRUSH_STATION
M106 P2 S130 ; fibre-side cooling, fan4
M106 P1 S0 ; part-cooling, fan3
T0 ; switch extruder type to:FIBER
; LAYER:50 [10.00]
M1001 L71
G1 F1200 Z11.20
G1 X151.11 Y151.11 F1200
G1 F1200 U55.000 ; Extrude restart
G1 F1200 Z10.00
G1 F600 V1.000 ; Recover matrix retract
G1 F600 V3.000 ; Matrix prime
G1 X167.45 Y151.11 V0.545 U16.017 P0.034 F1200
; Start to cut
M2800
M400
;CUT DISTANCE 54.8
G1 X168.89 Y151.11 V0.048 F1200
G1 X168.89 Y168.89 V0.593 F1200
G1 X151.11 Y168.89 V0.593 F1200
G1 X151.11 Y151.11 V0.593 F1200
; Cutting completed.
G1 F600 V-1.000 ; Retract
G1 F1200 Z10.60
M1002
M1001 L404
G1 F1200 Z11.20
G1 X167.89 Y151.76 F1200
G1 F1200 U55.000 ; Extrude restart
G1 F1200 Z10.00
G1 F600 V1.000 ; Recover matrix retract
G1 F600 V3.000 ; Matrix prime
G1 X167.89 Y168.24 V0.549 U16.156 P0.034 F1200
G1 X167.19 Y168.24 V0.023 U0.686 P0.034 F1200
G1 X167.19 Y151.76 V0.549 U16.156 P0.034 F1200
G1 X166.49 Y151.76 V0.023 U0.686 P0.034 F1200
G1 X166.49 Y168.24 V0.549 U16.156 P0.034 F1200
G1 X165.79 Y168.24 V0.023 U0.686 P0.034 F1200
G1 X165.79 Y151.76 V0.549 U16.156 P0.034 F1200
G1 X165.09 Y151.76 V0.023 U0.686 P0.034 F1200
G1 X165.09 Y168.24 V0.549 U16.156 P0.034 F1200
G1 X164.39 Y168.24 V0.023 U0.686 P0.034 F1200
G1 X164.39 Y151.76 V0.549 U16.156 P0.034 F1200
G1 X163.69 Y151.76 V0.023 U0.686 P0.034 F1200
G1 X163.69 Y168.24 V0.549 U16.156 P0.034 F1200
G1 X162.99 Y168.24 V0.023 U0.686 P0.034 F1200
G1 X162.99 Y151.76 V0.549 U16.156 P0.034 F1200
G1 X162.29 Y151.76 V0.023 U0.686 P0.034 F1200
G1 X162.29 Y168.24 V0.549 U16.156 P0.034 F1200
G1 X161.59 Y168.24 V0.023 U0.686 P0.034 F1200
G1 X161.59 Y151.76 V0.549 U16.156 P0.034 F1200
G1 X160.89 Y151.76 V0.023 U0.686 P0.034 F1200
G1 X160.89 Y168.24 V0.549 U16.156 P0.034 F1200
G1 X160.19 Y168.24 V0.023 U0.686 P0.034 F1200
G1 X160.19 Y151.76 V0.549 U16.156 P0.034 F1200
G1 X159.49 Y151.76 V0.023 U0.686 P0.034 F1200
G1 X159.49 Y168.24 V0.549 U16.156 P0.034 F1200
G1 X158.79 Y168.24 V0.023 U0.686 P0.034 F1200
G1 X158.79 Y151.76 V0.549 U16.156 P0.034 F1200
G1 X158.09 Y151.76 V0.023 U0.686 P0.034 F1200
G1 X158.09 Y168.24 V0.549 U16.156 P0.034 F1200
G1 X157.39 Y168.24 V0.023 U0.686 P0.034 F1200
G1 X157.39 Y151.76 V0.549 U16.156 P0.034 F1200
G1 X156.69 Y151.76 V0.023 U0.686 P0.034 F1200
G1 X156.69 Y168.24 V0.549 U16.156 P0.034 F1200
G1 X155.99 Y168.24 V0.023 U0.686 P0.034 F1200
G1 X155.99 Y151.76 V0.549 U16.156 P0.034 F1200
G1 X155.29 Y151.76 V0.023 U0.686 P0.034 F1200
G1 X155.29 Y168.24 V0.549 U16.156 P0.034 F1200
G1 X154.59 Y168.24 V0.023 U0.686 P0.034 F1200
G1 X154.59 Y151.76 V0.549 U16.156 P0.034 F1200
G1 X153.89 Y151.76 V0.023 U0.686 P0.034 F1200
G1 X153.89 Y165.00 V0.441 U12.979 P0.034 F1200
; Start to cut
M2800
M400
;CUT DISTANCE 54.8
G1 X153.89 Y168.24 V0.108 F1200
G1 X153.19 Y168.24 V0.023 F1200
M73 P49 R30
G1 X153.19 Y151.76 V0.549 F1200
G1 X152.49 Y151.76 V0.023 F1200
G1 X152.49 Y168.24 V0.549 F1200
G1 X151.79 Y168.24 V0.023 F1200
G1 X151.79 Y151.76 V0.549 F1200
; Cutting completed.
G1 F600 V-1.000 ; Retract
G1 F1200 Z10.60
M1002
M400
G1 F600 V-4.000 ; Toolchange matrix retract
M104 S180 T0 ; standby
M104 S250 T1 ; pre-charge
M109 S250 T1
MOVE_TO_BRUSH_STATION
CLEAN_NOZZLE
MOVE_OUT_BRUSH_STATION
M106 P2 S0 ; fibre-side cooling, fan4
M106 P1 S130 ; part-cooling, fan3
T1 ; switch extruder type to:PLASTIC
G1 Z10 F7200
G1 E10 F1800
M106 S130
;LAYER_CHANGE
;Z:10.2
;HEIGHT:0.2
;_SET_FAN_SPEED_CHANGING_LAYER
SET_VELOCITY_LIMIT ACCEL=1000 ACCEL_TO_DECEL=500
G1 E-.8 F1800
G1 X158.616 Y168.659 Z10.6 F7200
G1 X169.346 Y169.346 Z10.6 F7200
G1 Z10.2 F7200
G1 E.8 F1800
;TYPE:Inner wall
;WIDTH:0.449999
G1 F3600
G1 X150.654 Y169.346 E.6327
G1 X150.654 Y150.654 E.6327
G1 X169.346 Y150.654 E.6327
G1 X169.346 Y169.306 E.63135
SET_VELOCITY_LIMIT ACCEL=500 ACCEL_TO_DECEL=250
G1 X169.775 Y169.775 F7200
;TYPE:Outer wall
G1 F3600
G1 X150.225 Y169.775 E.66174
G1 X150.225 Y150.225 E.66174
G1 X169.775 Y150.225 E.66174
G1 X169.775 Y169.735 E.66039
SET_VELOCITY_LIMIT ACCEL=1000 ACCEL_TO_DECEL=500
G1 E-.8 F1800
M73 P50 R30
G1 X169.445 Y162.11 Z10.6 F7200
G1 X169 Y151.828 Z10.6 F7200
G1 Z10.2 F7200
G1 E.8 F1800
SET_VELOCITY_LIMIT ACCEL=500 ACCEL_TO_DECEL=250
;TYPE:Sparse infill
;WIDTH:0.45
G1 F6000
G1 X169 Y153.457 E.05512
G1 X166.543 Y151 E.11762
G1 X163.435 Y151 E.10523
G1 X169 Y156.565 E.26643
G1 X169 Y159.674 E.10523
G1 X160.326 Y151 E.41525
G1 X157.217 Y151 E.10523
G1 X169 Y162.783 E.56406
G1 X169 Y165.892 E.10523
G1 X154.108 Y151 E.71288
G1 X151 Y151 E.10523
G1 X169 Y169 E.86169
G1 X165.892 Y169 E.10523
G1 X151 Y154.108 E.71288
G1 X151 Y157.217 E.10523
G1 X162.783 Y169 E.56406
G1 X159.674 Y169 E.10523
G1 X151 Y160.326 E.41525
G1 X151 Y163.435 E.10523
G1 X156.565 Y169 E.26643
G1 X153.457 Y169 E.10523
G1 X151 Y166.543 E.11762
G1 X151 Y168.172 E.05512
M400
G1 E-10 F1800
G1 Z10.6 F7200
M104 S150 T1 ; standby
M104 S270 T0 ; pre-charge
M109 S270 T0
MOVE_TO_BRUSH_STATION
CLEAN_NOZZLE
MOVE_OUT_BRUSH_STATION
M106 P2 S124 ; fibre-side cooling, fan4
M106 P1 S0 ; part-cooling, fan3
T0 ; switch extruder type to:FIBER
; LAYER:51 [10.20]
M1001 L71
G1 F1200 Z11.40
G1 X151.11 Y151.11 F1200
G1 F1200 U55.000 ; Extrude restart
G1 F1200 Z10.20
G1 F600 V1.000 ; Recover matrix retract
G1 F600 V3.000 ; Matrix prime
G1 X167.45 Y151.11 V0.545 U16.017 P0.034 F1200
; Start to cut
M2800
M400
;CUT DISTANCE 54.8
G1 X168.89 Y151.11 V0.048 F1200
G1 X168.89 Y168.89 V0.593 F1200
G1 X151.11 Y168.89 V0.593 F1200
G1 X151.11 Y151.11 V0.593 F1200
; Cutting completed.
G1 F600 V-1.000 ; Retract
G1 F1200 Z10.80
M1002
M1001 L404
G1 F1200 Z11.40
G1 X151.76 Y152.11 F1200
G1 F1200 U55.000 ; Extrude restart
G1 F1200 Z10.20
G1 F600 V1.000 ; Recover matrix retract
G1 F600 V3.000 ; Matrix prime
G1 X168.24 Y152.11 V0.549 U16.156 P0.034 F1200
G1 X168.24 Y152.81 V0.023 U0.686 P0.034 F1200
G1 X151.76 Y152.81 V0.549 U16.156 P0.034 F1200
G1 X151.76 Y153.51 V0.023 U0.686 P0.034 F1200
G1 X168.24 Y153.51 V0.549 U16.156 P0.034 F1200
G1 X168.24 Y154.21 V0.023 U0.686 P0.034 F1200
G1 X151.76 Y154.21 V0.549 U16.156 P0.034 F1200
G1 X151.76 Y154.91 V0.023 U0.686 P0.034 F1200
G1 X168.24 Y154.91 V0.549 U16.156 P0.034 F1200
G1 X168.24 Y155.61 V0.023 U0.686 P0.034 F1200
G1 X151.76 Y155.61 V0.549 U16.156 P0.034 F1200
G1 X151.76 Y156.31 V0.023 U0.686 P0.034 F1200
G1 X168.24 Y156.31 V0.549 U16.156 P0.034 F1200
G1 X168.24 Y157.01 V0.023 U0.686 P0.034 F1200
G1 X151.76 Y157.01 V0.549 U16.156 P0.034 F1200
G1 X151.76 Y157.71 V0.023 U0.686 P0.034 F1200
G1 X168.24 Y157.71 V0.549 U16.156 P0.034 F1200
G1 X168.24 Y158.41 V0.023 U0.686 P0.034 F1200
G1 X151.76 Y158.41 V0.549 U16.156 P0.034 F1200
G1 X151.76 Y159.11 V0.023 U0.686 P0.034 F1200
G1 X168.24 Y159.11 V0.549 U16.156 P0.034 F1200
G1 X168.24 Y159.81 V0.023 U0.686 P0.034 F1200
G1 X151.76 Y159.81 V0.549 U16.156 P0.034 F1200
G1 X151.76 Y160.51 V0.023 U0.686 P0.034 F1200
G1 X168.24 Y160.51 V0.549 U16.156 P0.034 F1200
G1 X168.24 Y161.21 V0.023 U0.686 P0.034 F1200
G1 X151.76 Y161.21 V0.549 U16.156 P0.034 F1200
G1 X151.76 Y161.91 V0.023 U0.686 P0.034 F1200
G1 X168.24 Y161.91 V0.549 U16.156 P0.034 F1200
G1 X168.24 Y162.61 V0.023 U0.686 P0.034 F1200
G1 X151.76 Y162.61 V0.549 U16.156 P0.034 F1200
G1 X151.76 Y163.31 V0.023 U0.686 P0.034 F1200
G1 X168.24 Y163.31 V0.549 U16.156 P0.034 F1200
G1 X168.24 Y164.01 V0.023 U0.686 P0.034 F1200
G1 X151.76 Y164.01 V0.549 U16.156 P0.034 F1200
G1 X151.76 Y164.71 V0.023 U0.686 P0.034 F1200
G1 X168.24 Y164.71 V0.549 U16.156 P0.034 F1200
G1 X168.24 Y165.41 V0.023 U0.686 P0.034 F1200
G1 X151.76 Y165.41 V0.549 U16.156 P0.034 F1200
G1 X151.76 Y166.11 V0.023 U0.686 P0.034 F1200
G1 X165.00 Y166.11 V0.441 U12.979 P0.034 F1200
; Start to cut
M2800
M400
;CUT DISTANCE 54.8
G1 X168.24 Y166.11 V0.108 F1200
G1 X168.24 Y166.81 V0.023 F1200
G1 X151.76 Y166.81 V0.549 F1200
G1 X151.76 Y167.51 V0.023 F1200
G1 X168.24 Y167.51 V0.549 F1200
G1 X168.24 Y168.21 V0.023 F1200
G1 X151.76 Y168.21 V0.549 F1200
; Cutting completed.
G1 F600 V-1.000 ; Retract
G1 F1200 Z10.80
M1002
M400
G1 F600 V-4.000 ; Toolchange matrix retract
M104 S180 T0 ; standby
M104 S250 T1 ; pre-charge
M109 S250 T1
MOVE_TO_BRUSH_STATION
CLEAN_NOZZLE
MOVE_OUT_BRUSH_STATION
M106 P2 S0 ; fibre-side cooling, fan4
M106 P1 S124 ; part-cooling, fan3
T1 ; switch extruder type to:PLASTIC
G1 Z10.2 F7200
G1 E10 F1800
;LAYER_CHANGE
;Z:10.4
;HEIGHT:0.2
;_SET_FAN_SPEED_CHANGING_LAYER
SET_VELOCITY_LIMIT ACCEL=1000 ACCEL_TO_DECEL=500
G1 E-.8 F1800
G1 X158.616 Y168.659 Z10.8 F7200
G1 X169.346 Y169.346 Z10.8 F7200
G1 Z10.4 F7200
G1 E.8 F1800
;TYPE:Inner wall
;WIDTH:0.449999
G1 F3600
G1 X150.654 Y169.346 E.6327
G1 X150.654 Y150.654 E.6327
G1 X169.346 Y150.654 E.6327
G1 X169.346 Y169.306 E.63135
SET_VELOCITY_LIMIT ACCEL=500 ACCEL_TO_DECEL=250
G1 X169.775 Y169.775 F7200
;TYPE:Outer wall
G1 F3600
G1 X150.225 Y169.775 E.66174
G1 X150.225 Y150.225 E.66174
G1 X169.775 Y150.225 E.66174
G1 X169.775 Y169.735 E.66039
SET_VELOCITY_LIMIT ACCEL=1000 ACCEL_TO_DECEL=500
G1 E-.8 F1800
G1 X169.445 Y162.11 Z10.8 F7200
G1 X169 Y151.828 Z10.8 F7200
G1 Z10.4 F7200
G1 E.8 F1800
SET_VELOCITY_LIMIT ACCEL=500 ACCEL_TO_DECEL=250
;TYPE:Sparse infill
;WIDTH:0.45
G1 F6000
G1 X169 Y153.457 E.05512
G1 X166.543 Y151 E.11762
G1 X163.435 Y151 E.10523
G1 X169 Y156.565 E.26643
G1 X169 Y159.674 E.10523
G1 X160.326 Y151 E.41525
G1 X157.217 Y151 E.10523
G1 X169 Y162.783 E.56406
G1 X169 Y165.892 E.10523
G1 X154.108 Y151 E.71288
G1 X151 Y151 E.10523
M73 P51 R30
G1 X169 Y169 E.86169
G1 X165.892 Y169 E.10523
G1 X151 Y154.108 E.71288
G1 X151 Y157.217 E.10523
G1 X162.783 Y169 E.56406
G1 X159.674 Y169 E.10523
G1 X151 Y160.326 E.41525
G1 X151 Y163.435 E.10523
G1 X156.565 Y169 E.26643
G1 X153.457 Y169 E.10523
G1 X151 Y166.543 E.11762
G1 X151 Y168.172 E.05512
M400
G1 E-10 F1800
G1 Z10.8 F7200
M104 S150 T1 ; standby
M104 S270 T0 ; pre-charge
M109 S270 T0
MOVE_TO_BRUSH_STATION
CLEAN_NOZZLE
MOVE_OUT_BRUSH_STATION
M106 P2 S130 ; fibre-side cooling, fan4
M106 P1 S0 ; part-cooling, fan3
T0 ; switch extruder type to:FIBER
; LAYER:52 [10.40]
M1001 L71
G1 F1200 Z11.60
G1 X151.11 Y151.11 F1200
G1 F1200 U55.000 ; Extrude restart
G1 F1200 Z10.40
G1 F600 V1.000 ; Recover matrix retract
G1 F600 V3.000 ; Matrix prime
G1 X167.45 Y151.11 V0.545 U16.017 P0.034 F1200
; Start to cut
M2800
M400
;CUT DISTANCE 54.8
G1 X168.89 Y151.11 V0.048 F1200
G1 X168.89 Y168.89 V0.593 F1200
G1 X151.11 Y168.89 V0.593 F1200
G1 X151.11 Y151.11 V0.593 F1200
; Cutting completed.
G1 F600 V-1.000 ; Retract
G1 F1200 Z11.00
M1002
M1001 L404
G1 F1200 Z11.60
G1 X151.76 Y152.11 F1200
G1 F1200 U55.000 ; Extrude restart
G1 F1200 Z10.40
G1 F600 V1.000 ; Recover matrix retract
G1 F600 V3.000 ; Matrix prime
G1 X168.24 Y152.11 V0.549 U16.156 P0.034 F1200
G1 X168.24 Y152.81 V0.023 U0.686 P0.034 F1200
G1 X151.76 Y152.81 V0.549 U16.156 P0.034 F1200
G1 X151.76 Y153.51 V0.023 U0.686 P0.034 F1200
G1 X168.24 Y153.51 V0.549 U16.156 P0.034 F1200
G1 X168.24 Y154.21 V0.023 U0.686 P0.034 F1200
G1 X151.76 Y154.21 V0.549 U16.156 P0.034 F1200
G1 X151.76 Y154.91 V0.023 U0.686 P0.034 F1200
G1 X168.24 Y154.91 V0.549 U16.156 P0.034 F1200
G1 X168.24 Y155.61 V0.023 U0.686 P0.034 F1200
G1 X151.76 Y155.61 V0.549 U16.156 P0.034 F1200
G1 X151.76 Y156.31 V0.023 U0.686 P0.034 F1200
G1 X168.24 Y156.31 V0.549 U16.156 P0.034 F1200
G1 X168.24 Y157.01 V0.023 U0.686 P0.034 F1200
G1 X151.76 Y157.01 V0.549 U16.156 P0.034 F1200
G1 X151.76 Y157.71 V0.023 U0.686 P0.034 F1200
G1 X168.24 Y157.71 V0.549 U16.156 P0.034 F1200
G1 X168.24 Y158.41 V0.023 U0.686 P0.034 F1200
G1 X151.76 Y158.41 V0.549 U16.156 P0.034 F1200
G1 X151.76 Y159.11 V0.023 U0.686 P0.034 F1200
M73 P51 R29
G1 X168.24 Y159.11 V0.549 U16.156 P0.034 F1200
G1 X168.24 Y159.81 V0.023 U0.686 P0.034 F1200
G1 X151.76 Y159.81 V0.549 U16.156 P0.034 F1200
G1 X151.76 Y160.51 V0.023 U0.686 P0.034 F1200
G1 X168.24 Y160.51 V0.549 U16.156 P0.034 F1200
G1 X168.24 Y161.21 V0.023 U0.686 P0.034 F1200
G1 X151.76 Y161.21 V0.549 U16.156 P0.034 F1200
G1 X151.76 Y161.91 V0.023 U0.686 P0.034 F1200
G1 X168.24 Y161.91 V0.549 U16.156 P0.034 F1200
G1 X168.24 Y162.61 V0.023 U0.686 P0.034 F1200
G1 X151.76 Y162.61 V0.549 U16.156 P0.034 F1200
G1 X151.76 Y163.31 V0.023 U0.686 P0.034 F1200
G1 X168.24 Y163.31 V0.549 U16.156 P0.034 F1200
G1 X168.24 Y164.01 V0.023 U0.686 P0.034 F1200
G1 X151.76 Y164.01 V0.549 U16.156 P0.034 F1200
G1 X151.76 Y164.71 V0.023 U0.686 P0.034 F1200
G1 X168.24 Y164.71 V0.549 U16.156 P0.034 F1200
G1 X168.24 Y165.41 V0.023 U0.686 P0.034 F1200
G1 X151.76 Y165.41 V0.549 U16.156 P0.034 F1200
G1 X151.76 Y166.11 V0.023 U0.686 P0.034 F1200
G1 X165.00 Y166.11 V0.441 U12.979 P0.034 F1200
; Start to cut
M2800
M400
;CUT DISTANCE 54.8
G1 X168.24 Y166.11 V0.108 F1200
G1 X168.24 Y166.81 V0.023 F1200
G1 X151.76 Y166.81 V0.549 F1200
G1 X151.76 Y167.51 V0.023 F1200
G1 X168.24 Y167.51 V0.549 F1200
G1 X168.24 Y168.21 V0.023 F1200
G1 X151.76 Y168.21 V0.549 F1200
; Cutting completed.
G1 F600 V-1.000 ; Retract
G1 F1200 Z11.00
M1002
M400
G1 F600 V-4.000 ; Toolchange matrix retract
M104 S180 T0 ; standby
M104 S250 T1 ; pre-charge
M109 S250 T1
MOVE_TO_BRUSH_STATION
CLEAN_NOZZLE
MOVE_OUT_BRUSH_STATION
M106 P2 S0 ; fibre-side cooling, fan4
M106 P1 S130 ; part-cooling, fan3
T1 ; switch extruder type to:PLASTIC
G1 Z10.4 F7200
G1 E10 F1800
M106 S125
;LAYER_CHANGE
;Z:10.6
;HEIGHT:0.200001
;_SET_FAN_SPEED_CHANGING_LAYER
SET_VELOCITY_LIMIT ACCEL=1000 ACCEL_TO_DECEL=500
G1 E-.8 F1800
G1 X158.616 Y168.659 Z11 F7200
G1 X169.346 Y169.346 Z11 F7200
G1 Z10.6 F7200
G1 E.8 F1800
;TYPE:Inner wall
;WIDTH:0.449999
G1 F3600
G1 X150.654 Y169.346 E.6327
G1 X150.654 Y150.654 E.6327
G1 X169.346 Y150.654 E.6327
G1 X169.346 Y169.306 E.63135
SET_VELOCITY_LIMIT ACCEL=500 ACCEL_TO_DECEL=250
G1 X169.775 Y169.775 F7200
;TYPE:Outer wall
G1 F3600
G1 X150.225 Y169.775 E.66174
G1 X150.225 Y150.225 E.66174
G1 X169.775 Y150.225 E.66174
G1 X169.775 Y169.735 E.66039
SET_VELOCITY_LIMIT ACCEL=1000 ACCEL_TO_DECEL=500
G1 E-.8 F1800
G1 X169.445 Y162.11 Z11 F7200
G1 X169 Y151.828 Z11 F7200
G1 Z10.6 F7200
G1 E.8 F1800
SET_VELOCITY_LIMIT ACCEL=500 ACCEL_TO_DECEL=250
;TYPE:Sparse infill
;WIDTH:0.45
G1 F6000
G1 X169 Y153.457 E.05512
G1 X166.543 Y151 E.11762
G1 X163.435 Y151 E.10523
G1 X169 Y156.565 E.26643
G1 X169 Y159.674 E.10523
G1 X160.326 Y151 E.41525
G1 X157.217 Y151 E.10523
G1 X169 Y162.783 E.56406
G1 X169 Y165.892 E.10523
G1 X154.108 Y151 E.71288
G1 X151 Y151 E.10523
G1 X169 Y169 E.86169
G1 X165.892 Y169 E.10523
G1 X151 Y154.108 E.71288
G1 X151 Y157.217 E.10523
G1 X162.783 Y169 E.56406
G1 X159.674 Y169 E.10523
G1 X151 Y160.326 E.41525
G1 X151 Y163.435 E.10523
G1 X156.565 Y169 E.26643
M73 P52 R29
G1 X153.457 Y169 E.10523
G1 X151 Y166.543 E.11762
G1 X151 Y168.172 E.05512
M400
G1 E-10 F1800
G1 Z11 F7200
M104 S150 T1 ; standby
M104 S270 T0 ; pre-charge
M109 S270 T0
MOVE_TO_BRUSH_STATION
CLEAN_NOZZLE
MOVE_OUT_BRUSH_STATION
M106 P2 S130 ; fibre-side cooling, fan4
M106 P1 S0 ; part-cooling, fan3
T0 ; switch extruder type to:FIBER
; LAYER:53 [10.60]
M1001 L71
G1 F1200 Z11.80
G1 X151.11 Y151.11 F1200
G1 F1200 U55.000 ; Extrude restart
G1 F1200 Z10.60
G1 F600 V1.000 ; Recover matrix retract
G1 F600 V3.000 ; Matrix prime
G1 X167.45 Y151.11 V0.545 U16.017 P0.034 F1200
; Start to cut
M2800
M400
;CUT DISTANCE 54.8
G1 X168.89 Y151.11 V0.048 F1200
G1 X168.89 Y168.89 V0.593 F1200
G1 X151.11 Y168.89 V0.593 F1200
G1 X151.11 Y151.11 V0.593 F1200
; Cutting completed.
G1 F600 V-1.000 ; Retract
G1 F1200 Z11.20
M1002
M1001 L404
G1 F1200 Z11.80
G1 X167.89 Y151.76 F1200
G1 F1200 U55.000 ; Extrude restart
G1 F1200 Z10.60
G1 F600 V1.000 ; Recover matrix retract
G1 F600 V3.000 ; Matrix prime
G1 X167.89 Y168.24 V0.549 U16.156 P0.034 F1200
G1 X167.19 Y168.24 V0.023 U0.686 P0.034 F1200
G1 X167.19 Y151.76 V0.549 U16.156 P0.034 F1200
G1 X166.49 Y151.76 V0.023 U0.686 P0.034 F1200
G1 X166.49 Y168.24 V0.549 U16.156 P0.034 F1200
G1 X165.79 Y168.24 V0.023 U0.686 P0.034 F1200
G1 X165.79 Y151.76 V0.549 U16.156 P0.034 F1200
G1 X165.09 Y151.76 V0.023 U0.686 P0.034 F1200
G1 X165.09 Y168.24 V0.549 U16.156 P0.034 F1200
G1 X164.39 Y168.24 V0.023 U0.686 P0.034 F1200
G1 X164.39 Y151.76 V0.549 U16.156 P0.034 F1200
G1 X163.69 Y151.76 V0.023 U0.686 P0.034 F1200
G1 X163.69 Y168.24 V0.549 U16.156 P0.034 F1200
G1 X162.99 Y168.24 V0.023 U0.686 P0.034 F1200
G1 X162.99 Y151.76 V0.549 U16.156 P0.034 F1200
G1 X162.29 Y151.76 V0.023 U0.686 P0.034 F1200
G1 X162.29 Y168.24 V0.549 U16.156 P0.034 F1200
G1 X161.59 Y168.24 V0.023 U0.686 P0.034 F1200
G1 X161.59 Y151.76 V0.549 U16.156 P0.034 F1200
G1 X160.89 Y151.76 V0.023 U0.686 P0.034 F1200
G1 X160.89 Y168.24 V0.549 U16.156 P0.034 F1200
G1 X160.19 Y168.24 V0.023 U0.686 P0.034 F1200
G1 X160.19 Y151.76 V0.549 U16.156 P0.034 F1200
G1 X159.49 Y151.76 V0.023 U0.686 P0.034 F1200
G1 X159.49 Y168.24 V0.549 U16.156 P0.034 F1200
G1 X158.79 Y168.24 V0.023 U0.686 P0.034 F1200
G1 X158.79 Y151.76 V0.549 U16.156 P0.034 F1200
G1 X158.09 Y151.76 V0.023 U0.686 P0.034 F1200
G1 X158.09 Y168.24 V0.549 U16.156 P0.034 F1200
G1 X157.39 Y168.24 V0.023 U0.686 P0.034 F1200
G1 X157.39 Y151.76 V0.549 U16.156 P0.034 F1200
G1 X156.69 Y151.76 V0.023 U0.686 P0.034 F1200
G1 X156.69 Y168.24 V0.549 U16.156 P0.034 F1200
G1 X155.99 Y168.24 V0.023 U0.686 P0.034 F1200
G1 X155.99 Y151.76 V0.549 U16.156 P0.034 F1200
G1 X155.29 Y151.76 V0.023 U0.686 P0.034 F1200
G1 X155.29 Y168.24 V0.549 U16.156 P0.034 F1200
G1 X154.59 Y168.24 V0.023 U0.686 P0.034 F1200
G1 X154.59 Y151.76 V0.549 U16.156 P0.034 F1200
G1 X153.89 Y151.76 V0.023 U0.686 P0.034 F1200
G1 X153.89 Y165.00 V0.441 U12.979 P0.034 F1200
; Start to cut
M2800
M400
;CUT DISTANCE 54.8
G1 X153.89 Y168.24 V0.108 F1200
G1 X153.19 Y168.24 V0.023 F1200
G1 X153.19 Y151.76 V0.549 F1200
G1 X152.49 Y151.76 V0.023 F1200
G1 X152.49 Y168.24 V0.549 F1200
G1 X151.79 Y168.24 V0.023 F1200
G1 X151.79 Y151.76 V0.549 F1200
; Cutting completed.
G1 F600 V-1.000 ; Retract
G1 F1200 Z11.20
M1002
M400
G1 F600 V-4.000 ; Toolchange matrix retract
M104 S180 T0 ; standby
M104 S250 T1 ; pre-charge
M109 S250 T1
MOVE_TO_BRUSH_STATION
CLEAN_NOZZLE
MOVE_OUT_BRUSH_STATION
M106 P2 S0 ; fibre-side cooling, fan4
M106 P1 S130 ; part-cooling, fan3
T1 ; switch extruder type to:PLASTIC
G1 Z10.6 F7200
G1 E10 F1800
M106 S130
;LAYER_CHANGE
;Z:10.8
;HEIGHT:0.2
;_SET_FAN_SPEED_CHANGING_LAYER
SET_VELOCITY_LIMIT ACCEL=1000 ACCEL_TO_DECEL=500
G1 E-.8 F1800
G1 X158.616 Y168.659 Z11.2 F7200
G1 X169.346 Y169.346 Z11.2 F7200
G1 Z10.8 F7200
G1 E.8 F1800
;TYPE:Inner wall
;WIDTH:0.449999
G1 F3600
G1 X150.654 Y169.346 E.6327
G1 X150.654 Y150.654 E.6327
G1 X169.346 Y150.654 E.6327
G1 X169.346 Y169.306 E.63135
SET_VELOCITY_LIMIT ACCEL=500 ACCEL_TO_DECEL=250
G1 X169.775 Y169.775 F7200
;TYPE:Outer wall
G1 F3600
G1 X150.225 Y169.775 E.66174
G1 X150.225 Y150.225 E.66174
G1 X169.775 Y150.225 E.66174
G1 X169.775 Y169.735 E.66039
SET_VELOCITY_LIMIT ACCEL=1000 ACCEL_TO_DECEL=500
G1 E-.8 F1800
G1 X169.445 Y162.11 Z11.2 F7200
G1 X169 Y151.828 Z11.2 F7200
G1 Z10.8 F7200
G1 E.8 F1800
SET_VELOCITY_LIMIT ACCEL=500 ACCEL_TO_DECEL=250
;TYPE:Sparse infill
;WIDTH:0.45
G1 F6000
G1 X169 Y153.457 E.05512
G1 X166.543 Y151 E.11762
G1 X163.435 Y151 E.10523
G1 X169 Y156.565 E.26643
G1 X169 Y159.674 E.10523
G1 X160.326 Y151 E.41525
G1 X157.217 Y151 E.10523
G1 X169 Y162.783 E.56406
G1 X169 Y165.892 E.10523
G1 X154.108 Y151 E.71288
G1 X151 Y151 E.10523
G1 X169 Y169 E.86169
G1 X165.892 Y169 E.10523
G1 X151 Y154.108 E.71288
G1 X151 Y157.217 E.10523
G1 X162.783 Y169 E.56406
G1 X159.674 Y169 E.10523
G1 X151 Y160.326 E.41525
G1 X151 Y163.435 E.10523
G1 X156.565 Y169 E.26643
G1 X153.457 Y169 E.10523
G1 X151 Y166.543 E.11762
G1 X151 Y168.172 E.05512
M400
G1 E-10 F1800
G1 Z11.2 F7200
M104 S150 T1 ; standby
M104 S270 T0 ; pre-charge
M109 S270 T0
MOVE_TO_BRUSH_STATION
CLEAN_NOZZLE
MOVE_OUT_BRUSH_STATION
M106 P2 S124 ; fibre-side cooling, fan4
M106 P1 S0 ; part-cooling, fan3
T0 ; switch extruder type to:FIBER
; LAYER:54 [10.80]
M1001 L71
G1 F1200 Z12.00
G1 X151.11 Y151.11 F1200
G1 F1200 U55.000 ; Extrude restart
M73 P53 R29
G1 F1200 Z10.80
G1 F600 V1.000 ; Recover matrix retract
G1 F600 V3.000 ; Matrix prime
G1 X167.45 Y151.11 V0.545 U16.017 P0.034 F1200
; Start to cut
M2800
M400
;CUT DISTANCE 54.8
G1 X168.89 Y151.11 V0.048 F1200
G1 X168.89 Y168.89 V0.593 F1200
G1 X151.11 Y168.89 V0.593 F1200
M73 P53 R28
G1 X151.11 Y151.11 V0.593 F1200
; Cutting completed.
G1 F600 V-1.000 ; Retract
G1 F1200 Z11.40
M1002
M1001 L404
G1 F1200 Z12.00
G1 X151.76 Y152.11 F1200
G1 F1200 U55.000 ; Extrude restart
G1 F1200 Z10.80
G1 F600 V1.000 ; Recover matrix retract
G1 F600 V3.000 ; Matrix prime
G1 X168.24 Y152.11 V0.549 U16.156 P0.034 F1200
G1 X168.24 Y152.81 V0.023 U0.686 P0.034 F1200
G1 X151.76 Y152.81 V0.549 U16.156 P0.034 F1200
G1 X151.76 Y153.51 V0.023 U0.686 P0.034 F1200
G1 X168.24 Y153.51 V0.549 U16.156 P0.034 F1200
G1 X168.24 Y154.21 V0.023 U0.686 P0.034 F1200
G1 X151.76 Y154.21 V0.549 U16.156 P0.034 F1200
G1 X151.76 Y154.91 V0.023 U0.686 P0.034 F1200
G1 X168.24 Y154.91 V0.549 U16.156 P0.034 F1200
G1 X168.24 Y155.61 V0.023 U0.686 P0.034 F1200
G1 X151.76 Y155.61 V0.549 U16.156 P0.034 F1200
G1 X151.76 Y156.31 V0.023 U0.686 P0.034 F1200
G1 X168.24 Y156.31 V0.549 U16.156 P0.034 F1200
G1 X168.24 Y157.01 V0.023 U0.686 P0.034 F1200
G1 X151.76 Y157.01 V0.549 U16.156 P0.034 F1200
G1 X151.76 Y157.71 V0.023 U0.686 P0.034 F1200
G1 X168.24 Y157.71 V0.549 U16.156 P0.034 F1200
G1 X168.24 Y158.41 V0.023 U0.686 P0.034 F1200
G1 X151.76 Y158.41 V0.549 U16.156 P0.034 F1200
G1 X151.76 Y159.11 V0.023 U0.686 P0.034 F1200
G1 X168.24 Y159.11 V0.549 U16.156 P0.034 F1200
G1 X168.24 Y159.81 V0.023 U0.686 P0.034 F1200
G1 X151.76 Y159.81 V0.549 U16.156 P0.034 F1200
G1 X151.76 Y160.51 V0.023 U0.686 P0.034 F1200
G1 X168.24 Y160.51 V0.549 U16.156 P0.034 F1200
G1 X168.24 Y161.21 V0.023 U0.686 P0.034 F1200
G1 X151.76 Y161.21 V0.549 U16.156 P0.034 F1200
G1 X151.76 Y161.91 V0.023 U0.686 P0.034 F1200
G1 X168.24 Y161.91 V0.549 U16.156 P0.034 F1200
G1 X168.24 Y162.61 V0.023 U0.686 P0.034 F1200
G1 X151.76 Y162.61 V0.549 U16.156 P0.034 F1200
G1 X151.76 Y163.31 V0.023 U0.686 P0.034 F1200
G1 X168.24 Y163.31 V0.549 U16.156 P0.034 F1200
G1 X168.24 Y164.01 V0.023 U0.686 P0.034 F1200
G1 X151.76 Y164.01 V0.549 U16.156 P0.034 F1200
G1 X151.76 Y164.71 V0.023 U0.686 P0.034 F1200
G1 X168.24 Y164.71 V0.549 U16.156 P0.034 F1200
G1 X168.24 Y165.41 V0.023 U0.686 P0.034 F1200
G1 X151.76 Y165.41 V0.549 U16.156 P0.034 F1200
G1 X151.76 Y166.11 V0.023 U0.686 P0.034 F1200
G1 X165.00 Y166.11 V0.441 U12.979 P0.034 F1200
; Start to cut
M2800
M400
;CUT DISTANCE 54.8
G1 X168.24 Y166.11 V0.108 F1200
G1 X168.24 Y166.81 V0.023 F1200
G1 X151.76 Y166.81 V0.549 F1200
G1 X151.76 Y167.51 V0.023 F1200
G1 X168.24 Y167.51 V0.549 F1200
G1 X168.24 Y168.21 V0.023 F1200
G1 X151.76 Y168.21 V0.549 F1200
; Cutting completed.
G1 F600 V-1.000 ; Retract
G1 F1200 Z11.40
M1002
M400
G1 F600 V-4.000 ; Toolchange matrix retract
M104 S180 T0 ; standby
M104 S250 T1 ; pre-charge
M109 S250 T1
MOVE_TO_BRUSH_STATION
CLEAN_NOZZLE
MOVE_OUT_BRUSH_STATION
M106 P2 S0 ; fibre-side cooling, fan4
M106 P1 S124 ; part-cooling, fan3
T1 ; switch extruder type to:PLASTIC
G1 Z10.8 F7200
G1 E10 F1800
;LAYER_CHANGE
;Z:11
;HEIGHT:0.2
;_SET_FAN_SPEED_CHANGING_LAYER
SET_VELOCITY_LIMIT ACCEL=1000 ACCEL_TO_DECEL=500
G1 E-.8 F1800
G1 X158.616 Y168.659 Z11.4 F7200
G1 X169.346 Y169.346 Z11.4 F7200
G1 Z11 F7200
G1 E.8 F1800
;TYPE:Inner wall
;WIDTH:0.449999
G1 F3600
G1 X150.654 Y169.346 E.6327
G1 X150.654 Y150.654 E.6327
G1 X169.346 Y150.654 E.6327
G1 X169.346 Y169.306 E.63135
SET_VELOCITY_LIMIT ACCEL=500 ACCEL_TO_DECEL=250
G1 X169.775 Y169.775 F7200
;TYPE:Outer wall
G1 F3600
G1 X150.225 Y169.775 E.66174
G1 X150.225 Y150.225 E.66174
G1 X169.775 Y150.225 E.66174
G1 X169.775 Y169.735 E.66039
SET_VELOCITY_LIMIT ACCEL=1000 ACCEL_TO_DECEL=500
G1 E-.8 F1800
G1 X169.445 Y162.11 Z11.4 F7200
G1 X169 Y151.828 Z11.4 F7200
G1 Z11 F7200
G1 E.8 F1800
SET_VELOCITY_LIMIT ACCEL=500 ACCEL_TO_DECEL=250
;TYPE:Sparse infill
;WIDTH:0.45
G1 F6000
G1 X169 Y153.457 E.05512
G1 X166.543 Y151 E.11762
G1 X163.435 Y151 E.10523
G1 X169 Y156.565 E.26643
G1 X169 Y159.674 E.10523
G1 X160.326 Y151 E.41525
G1 X157.217 Y151 E.10523
G1 X169 Y162.783 E.56406
G1 X169 Y165.892 E.10523
G1 X154.108 Y151 E.71288
G1 X151 Y151 E.10523
G1 X169 Y169 E.86169
G1 X165.892 Y169 E.10523
G1 X151 Y154.108 E.71288
G1 X151 Y157.217 E.10523
G1 X162.783 Y169 E.56406
G1 X159.674 Y169 E.10523
G1 X151 Y160.326 E.41525
G1 X151 Y163.435 E.10523
G1 X156.565 Y169 E.26643
G1 X153.457 Y169 E.10523
G1 X151 Y166.543 E.11762
G1 X151 Y168.172 E.05512
M400
G1 E-10 F1800
G1 Z11.4 F7200
M104 S150 T1 ; standby
M104 S270 T0 ; pre-charge
M109 S270 T0
MOVE_TO_BRUSH_STATION
CLEAN_NOZZLE
MOVE_OUT_BRUSH_STATION
M106 P2 S130 ; fibre-side cooling, fan4
M106 P1 S0 ; part-cooling, fan3
T0 ; switch extruder type to:FIBER
; LAYER:55 [11.00]
M1001 L71
G1 F1200 Z12.20
G1 X151.11 Y151.11 F1200
G1 F1200 U55.000 ; Extrude restart
G1 F1200 Z11.00
G1 F600 V1.000 ; Recover matrix retract
G1 F600 V3.000 ; Matrix prime
G1 X167.45 Y151.11 V0.545 U16.017 P0.034 F1200
; Start to cut
M2800
M400
;CUT DISTANCE 54.8
G1 X168.89 Y151.11 V0.048 F1200
G1 X168.89 Y168.89 V0.593 F1200
G1 X151.11 Y168.89 V0.593 F1200
M73 P54 R28
G1 X151.11 Y151.11 V0.593 F1200
; Cutting completed.
G1 F600 V-1.000 ; Retract
G1 F1200 Z11.60
M1002
M1001 L404
G1 F1200 Z12.20
G1 X151.76 Y152.11 F1200
G1 F1200 U55.000 ; Extrude restart
G1 F1200 Z11.00
G1 F600 V1.000 ; Recover matrix retract
G1 F600 V3.000 ; Matrix prime
G1 X168.24 Y152.11 V0.549 U16.156 P0.034 F1200
G1 X168.24 Y152.81 V0.023 U0.686 P0.034 F1200
G1 X151.76 Y152.81 V0.549 U16.156 P0.034 F1200
G1 X151.76 Y153.51 V0.023 U0.686 P0.034 F1200
G1 X168.24 Y153.51 V0.549 U16.156 P0.034 F1200
G1 X168.24 Y154.21 V0.023 U0.686 P0.034 F1200
G1 X151.76 Y154.21 V0.549 U16.156 P0.034 F1200
G1 X151.76 Y154.91 V0.023 U0.686 P0.034 F1200
G1 X168.24 Y154.91 V0.549 U16.156 P0.034 F1200
G1 X168.24 Y155.61 V0.023 U0.686 P0.034 F1200
G1 X151.76 Y155.61 V0.549 U16.156 P0.034 F1200
G1 X151.76 Y156.31 V0.023 U0.686 P0.034 F1200
G1 X168.24 Y156.31 V0.549 U16.156 P0.034 F1200
G1 X168.24 Y157.01 V0.023 U0.686 P0.034 F1200
G1 X151.76 Y157.01 V0.549 U16.156 P0.034 F1200
G1 X151.76 Y157.71 V0.023 U0.686 P0.034 F1200
G1 X168.24 Y157.71 V0.549 U16.156 P0.034 F1200
G1 X168.24 Y158.41 V0.023 U0.686 P0.034 F1200
G1 X151.76 Y158.41 V0.549 U16.156 P0.034 F1200
G1 X151.76 Y159.11 V0.023 U0.686 P0.034 F1200
G1 X168.24 Y159.11 V0.549 U16.156 P0.034 F1200
G1 X168.24 Y159.81 V0.023 U0.686 P0.034 F1200
G1 X151.76 Y159.81 V0.549 U16.156 P0.034 F1200
G1 X151.76 Y160.51 V0.023 U0.686 P0.034 F1200
G1 X168.24 Y160.51 V0.549 U16.156 P0.034 F1200
G1 X168.24 Y161.21 V0.023 U0.686 P0.034 F1200
G1 X151.76 Y161.21 V0.549 U16.156 P0.034 F1200
G1 X151.76 Y161.91 V0.023 U0.686 P0.034 F1200
G1 X168.24 Y161.91 V0.549 U16.156 P0.034 F1200
G1 X168.24 Y162.61 V0.023 U0.686 P0.034 F1200
G1 X151.76 Y162.61 V0.549 U16.156 P0.034 F1200
G1 X151.76 Y163.31 V0.023 U0.686 P0.034 F1200
G1 X168.24 Y163.31 V0.549 U16.156 P0.034 F1200
G1 X168.24 Y164.01 V0.023 U0.686 P0.034 F1200
G1 X151.76 Y164.01 V0.549 U16.156 P0.034 F1200
G1 X151.76 Y164.71 V0.023 U0.686 P0.034 F1200
G1 X168.24 Y164.71 V0.549 U16.156 P0.034 F1200
G1 X168.24 Y165.41 V0.023 U0.686 P0.034 F1200
G1 X151.76 Y165.41 V0.549 U16.156 P0.034 F1200
G1 X151.76 Y166.11 V0.023 U0.686 P0.034 F1200
G1 X165.00 Y166.11 V0.441 U12.979 P0.034 F1200
; Start to cut
M2800
M400
;CUT DISTANCE 54.8
G1 X168.24 Y166.11 V0.108 F1200
G1 X168.24 Y166.81 V0.023 F1200
G1 X151.76 Y166.81 V0.549 F1200
G1 X151.76 Y167.51 V0.023 F1200
G1 X168.24 Y167.51 V0.549 F1200
G1 X168.24 Y168.21 V0.023 F1200
G1 X151.76 Y168.21 V0.549 F1200
; Cutting completed.
G1 F600 V-1.000 ; Retract
G1 F1200 Z11.60
M1002
M400
G1 F600 V-4.000 ; Toolchange matrix retract
M104 S180 T0 ; standby
M104 S250 T1 ; pre-charge
M109 S250 T1
MOVE_TO_BRUSH_STATION
CLEAN_NOZZLE
MOVE_OUT_BRUSH_STATION
M106 P2 S0 ; fibre-side cooling, fan4
M106 P1 S130 ; part-cooling, fan3
T1 ; switch extruder type to:PLASTIC
G1 Z11 F7200
G1 E10 F1800
M106 S125
;LAYER_CHANGE
;Z:11.2
;HEIGHT:0.2
;_SET_FAN_SPEED_CHANGING_LAYER
SET_VELOCITY_LIMIT ACCEL=1000 ACCEL_TO_DECEL=500
G1 E-.8 F1800
G1 X158.616 Y168.659 Z11.6 F7200
G1 X169.346 Y169.346 Z11.6 F7200
G1 Z11.2 F7200
G1 E.8 F1800
;TYPE:Inner wall
;WIDTH:0.449999
G1 F3600
G1 X150.654 Y169.346 E.6327
G1 X150.654 Y150.654 E.6327
G1 X169.346 Y150.654 E.6327
G1 X169.346 Y169.306 E.63135
M73 P54 R27
SET_VELOCITY_LIMIT ACCEL=500 ACCEL_TO_DECEL=250
G1 X169.775 Y169.775 F7200
;TYPE:Outer wall
G1 F3600
G1 X150.225 Y169.775 E.66174
G1 X150.225 Y150.225 E.66174
G1 X169.775 Y150.225 E.66174
G1 X169.775 Y169.735 E.66039
SET_VELOCITY_LIMIT ACCEL=1000 ACCEL_TO_DECEL=500
G1 E-.8 F1800
G1 X167.506 Y169 Z11.6 F7200
G1 Z11.2 F7200
G1 E.8 F1800
SET_VELOCITY_LIMIT ACCEL=500 ACCEL_TO_DECEL=250
;TYPE:Sparse infill
;WIDTH:0.45
G1 F6000
G1 X169 Y169 E.05057
G1 X169 Y168.866 E.00454
G1 X168.776 Y168.549 E.01315
G1 X168.549 Y168.322 E.01085
G1 X166.995 Y167.221 E.06447
G1 X166.768 Y166.995 E.01085
G1 X165.667 Y165.44 E.06447
G1 X165.44 Y165.214 E.01085
G1 X163.886 Y164.113 E.06447
G1 X163.659 Y163.886 E.01085
G1 X162.558 Y162.332 E.06447
G1 X162.332 Y162.105 E.01085
G1 X160.777 Y161.004 E.06447
G1 X160.55 Y160.777 E.01085
G1 X159.45 Y159.223 E.06447
G1 X159.223 Y158.996 E.01085
G1 X157.668 Y157.895 E.06447
G1 X157.442 Y157.668 E.01085
G1 X156.341 Y156.114 E.06447
G1 X156.114 Y155.887 E.01085
G1 X154.56 Y154.786 E.06447
G1 X154.333 Y154.56 E.01085
G1 X153.232 Y153.005 E.06447
G1 X153.005 Y152.779 E.01085
G1 X151.451 Y151.678 E.06447
G1 X151.224 Y151.451 E.01085
G1 X151 Y151.134 E.01315
G1 X151 Y154.243 E.10523
G1 X151.224 Y154.56 E.01315
G1 X151.451 Y154.786 E.01085
G1 X153.005 Y155.887 E.06447
G1 X153.232 Y156.114 E.01085
G1 X154.333 Y157.668 E.06447
G1 X154.56 Y157.895 E.01085
G1 X156.114 Y158.996 E.06447
G1 X156.341 Y159.223 E.01085
G1 X157.442 Y160.777 E.06447
G1 X157.668 Y161.004 E.01085
G1 X159.223 Y162.105 E.06447
G1 X159.45 Y162.332 E.01085
G1 X160.55 Y163.886 E.06447
G1 X160.777 Y164.113 E.01085
G1 X162.332 Y165.214 E.06447
G1 X162.558 Y165.44 E.01085
G1 X163.659 Y166.995 E.06447
G1 X163.886 Y167.221 E.01085
G1 X165.44 Y168.322 E.06447
G1 X165.667 Y168.549 E.01085
G1 X165.987 Y169 E.01872
G1 X162.878 Y169 E.10523
G1 X162.558 Y168.549 E.01872
G1 X162.332 Y168.322 E.01085
G1 X160.777 Y167.221 E.06447
G1 X160.55 Y166.995 E.01085
G1 X159.45 Y165.44 E.06447
G1 X159.223 Y165.214 E.01085
G1 X157.668 Y164.113 E.06447
G1 X157.442 Y163.886 E.01085
G1 X156.341 Y162.332 E.06447
G1 X156.114 Y162.105 E.01085
G1 X154.56 Y161.004 E.06447
G1 X154.333 Y160.777 E.01085
G1 X153.232 Y159.223 E.06447
G1 X153.005 Y158.996 E.01085
G1 X151.451 Y157.895 E.06447
G1 X151.224 Y157.668 E.01085
G1 X151 Y157.351 E.01315
G1 X151 Y160.46 E.10523
G1 X151.224 Y160.777 E.01315
G1 X151.451 Y161.004 E.01085
G1 X153.005 Y162.105 E.06447
G1 X153.232 Y162.332 E.01085
G1 X154.333 Y163.886 E.06447
G1 X154.56 Y164.113 E.01085
G1 X156.114 Y165.214 E.06447
G1 X156.341 Y165.44 E.01085
G1 X157.442 Y166.995 E.06447
G1 X157.668 Y167.221 E.01085
G1 X159.223 Y168.322 E.06447
G1 X159.45 Y168.549 E.01085
G1 X159.769 Y169 E.01872
G1 X156.66 Y169 E.10523
G1 X156.341 Y168.549 E.01872
G1 X156.114 Y168.322 E.01085
G1 X154.56 Y167.221 E.06447
G1 X154.333 Y166.995 E.01085
G1 X153.232 Y165.44 E.06447
G1 X153.005 Y165.214 E.01085
G1 X151.451 Y164.113 E.06447
G1 X151.224 Y163.886 E.01085
G1 X151 Y163.569 E.01315
G1 X151 Y166.678 E.10523
G1 X151.224 Y166.995 E.01315
G1 X151.451 Y167.221 E.01085
G1 X153.005 Y168.322 E.06447
G1 X153.232 Y168.549 E.01085
G1 X153.552 Y169 E.01872
G1 X151.923 Y169 E.05512
SET_VELOCITY_LIMIT ACCEL=1000 ACCEL_TO_DECEL=500
G1 E-.8 F1800
G1 X152.119 Y161.37 Z11.6 F7200
G1 X152.385 Y151 Z11.6 F7200
G1 Z11.2 F7200
G1 E.8 F1800
SET_VELOCITY_LIMIT ACCEL=500 ACCEL_TO_DECEL=250
G1 F6000
G1 X154.013 Y151 E.05512
G1 X154.333 Y151.451 E.01872
G1 X154.56 Y151.678 E.01085
G1 X156.114 Y152.779 E.06447
G1 X156.341 Y153.005 E.01085
G1 X157.442 Y154.56 E.06447
G1 X157.668 Y154.786 E.01085
G1 X159.223 Y155.887 E.06447
G1 X159.45 Y156.114 E.01085
G1 X160.55 Y157.668 E.06447
G1 X160.777 Y157.895 E.01085
G1 X162.332 Y158.996 E.06447
G1 X162.558 Y159.223 E.01085
G1 X163.659 Y160.777 E.06447
G1 X163.886 Y161.004 E.01085
G1 X165.44 Y162.105 E.06447
G1 X165.667 Y162.332 E.01085
G1 X166.768 Y163.886 E.06447
G1 X166.995 Y164.113 E.01085
G1 X168.549 Y165.214 E.06447
G1 X168.776 Y165.44 E.01085
G1 X169 Y165.757 E.01315
G1 X169 Y162.649 E.10523
G1 X168.776 Y162.332 E.01315
G1 X168.549 Y162.105 E.01085
G1 X166.995 Y161.004 E.06447
G1 X166.768 Y160.777 E.01085
G1 X165.667 Y159.223 E.06447
G1 X165.44 Y158.996 E.01085
G1 X163.886 Y157.895 E.06447
G1 X163.659 Y157.668 E.01085
G1 X162.558 Y156.114 E.06447
G1 X162.332 Y155.887 E.01085
G1 X160.777 Y154.786 E.06447
G1 X160.55 Y154.56 E.01085
G1 X159.45 Y153.005 E.06447
G1 X159.223 Y152.779 E.01085
G1 X157.668 Y151.678 E.06447
G1 X157.442 Y151.451 E.01085
G1 X157.122 Y151 E.01872
G1 X160.231 Y151 E.10523
G1 X160.55 Y151.451 E.01872
G1 X160.777 Y151.678 E.01085
G1 X162.332 Y152.779 E.06447
G1 X162.558 Y153.005 E.01085
G1 X163.659 Y154.56 E.06447
G1 X163.886 Y154.786 E.01085
G1 X165.44 Y155.887 E.06447
G1 X165.667 Y156.114 E.01085
G1 X166.768 Y157.668 E.06447
G1 X166.995 Y157.895 E.01085
G1 X168.549 Y158.996 E.06447
G1 X168.776 Y159.223 E.01085
G1 X169 Y159.54 E.01315
G1 X169 Y156.431 E.10523
G1 X168.776 Y156.114 E.01315
G1 X168.549 Y155.887 E.01085
G1 X166.995 Y154.786 E.06447
G1 X166.768 Y154.56 E.01085
G1 X165.667 Y153.005 E.06447
G1 X165.44 Y152.779 E.01085
G1 X163.886 Y151.678 E.06447
G1 X163.659 Y151.451 E.01085
G1 X163.34 Y151 E.01872
G1 X166.448 Y151 E.10523
G1 X166.768 Y151.451 E.01872
G1 X166.995 Y151.678 E.01085
G1 X168.549 Y152.779 E.06447
G1 X168.776 Y153.005 E.01085
G1 X169 Y153.322 E.01315
G1 X169 Y151.694 E.05512
M400
G1 E-10 F1800
G1 Z11.6 F7200
M104 S150 T1 ; standby
M104 S270 T0 ; pre-charge
M109 S270 T0
MOVE_TO_BRUSH_STATION
CLEAN_NOZZLE
MOVE_OUT_BRUSH_STATION
M106 P2 S130 ; fibre-side cooling, fan4
M106 P1 S0 ; part-cooling, fan3
T0 ; switch extruder type to:FIBER
; LAYER:56 [11.20]
M1001 L71
G1 F1200 Z12.40
G1 X151.11 Y151.11 F1200
G1 F1200 U55.000 ; Extrude restart
G1 F1200 Z11.20
G1 F600 V1.000 ; Recover matrix retract
G1 F600 V3.000 ; Matrix prime
G1 X167.45 Y151.11 V0.545 U16.017 P0.034 F1200
; Start to cut
M2800
M400
;CUT DISTANCE 54.8
G1 X168.89 Y151.11 V0.048 F1200
G1 X168.89 Y168.89 V0.593 F1200
G1 X151.11 Y168.89 V0.593 F1200
M73 P55 R27
G1 X151.11 Y151.11 V0.593 F1200
; Cutting completed.
G1 F600 V-1.000 ; Retract
G1 F1200 Z11.80
M1002
M1001 L404
G1 F1200 Z12.40
G1 X167.89 Y151.76 F1200
G1 F1200 U55.000 ; Extrude restart
G1 F1200 Z11.20
G1 F600 V1.000 ; Recover matrix retract
G1 F600 V3.000 ; Matrix prime
G1 X167.89 Y168.24 V0.549 U16.156 P0.034 F1200
G1 X167.19 Y168.24 V0.023 U0.686 P0.034 F1200
G1 X167.19 Y151.76 V0.549 U16.156 P0.034 F1200
G1 X166.49 Y151.76 V0.023 U0.686 P0.034 F1200
G1 X166.49 Y168.24 V0.549 U16.156 P0.034 F1200
G1 X165.79 Y168.24 V0.023 U0.686 P0.034 F1200
G1 X165.79 Y151.76 V0.549 U16.156 P0.034 F1200
G1 X165.09 Y151.76 V0.023 U0.686 P0.034 F1200
G1 X165.09 Y168.24 V0.549 U16.156 P0.034 F1200
G1 X164.39 Y168.24 V0.023 U0.686 P0.034 F1200
G1 X164.39 Y151.76 V0.549 U16.156 P0.034 F1200
G1 X163.69 Y151.76 V0.023 U0.686 P0.034 F1200
G1 X163.69 Y168.24 V0.549 U16.156 P0.034 F1200
G1 X162.99 Y168.24 V0.023 U0.686 P0.034 F1200
G1 X162.99 Y151.76 V0.549 U16.156 P0.034 F1200
G1 X162.29 Y151.76 V0.023 U0.686 P0.034 F1200
G1 X162.29 Y168.24 V0.549 U16.156 P0.034 F1200
G1 X161.59 Y168.24 V0.023 U0.686 P0.034 F1200
G1 X161.59 Y151.76 V0.549 U16.156 P0.034 F1200
G1 X160.89 Y151.76 V0.023 U0.686 P0.034 F1200
G1 X160.89 Y168.24 V0.549 U16.156 P0.034 F1200
G1 X160.19 Y168.24 V0.023 U0.686 P0.034 F1200
G1 X160.19 Y151.76 V0.549 U16.156 P0.034 F1200
G1 X159.49 Y151.76 V0.023 U0.686 P0.034 F1200
G1 X159.49 Y168.24 V0.549 U16.156 P0.034 F1200
G1 X158.79 Y168.24 V0.023 U0.686 P0.034 F1200
G1 X158.79 Y151.76 V0.549 U16.156 P0.034 F1200
G1 X158.09 Y151.76 V0.023 U0.686 P0.034 F1200
G1 X158.09 Y168.24 V0.549 U16.156 P0.034 F1200
G1 X157.39 Y168.24 V0.023 U0.686 P0.034 F1200
G1 X157.39 Y151.76 V0.549 U16.156 P0.034 F1200
G1 X156.69 Y151.76 V0.023 U0.686 P0.034 F1200
G1 X156.69 Y168.24 V0.549 U16.156 P0.034 F1200
G1 X155.99 Y168.24 V0.023 U0.686 P0.034 F1200
G1 X155.99 Y151.76 V0.549 U16.156 P0.034 F1200
G1 X155.29 Y151.76 V0.023 U0.686 P0.034 F1200
G1 X155.29 Y168.24 V0.549 U16.156 P0.034 F1200
G1 X154.59 Y168.24 V0.023 U0.686 P0.034 F1200
G1 X154.59 Y151.76 V0.549 U16.156 P0.034 F1200
G1 X153.89 Y151.76 V0.023 U0.686 P0.034 F1200
G1 X153.89 Y165.00 V0.441 U12.979 P0.034 F1200
; Start to cut
M2800
M400
;CUT DISTANCE 54.8
G1 X153.89 Y168.24 V0.108 F1200
G1 X153.19 Y168.24 V0.023 F1200
G1 X153.19 Y151.76 V0.549 F1200
G1 X152.49 Y151.76 V0.023 F1200
G1 X152.49 Y168.24 V0.549 F1200
G1 X151.79 Y168.24 V0.023 F1200
G1 X151.79 Y151.76 V0.549 F1200
; Cutting completed.
G1 F600 V-1.000 ; Retract
G1 F1200 Z11.80
M1002
M400
G1 F600 V-4.000 ; Toolchange matrix retract
M104 S180 T0 ; standby
M104 S250 T1 ; pre-charge
M109 S250 T1
MOVE_TO_BRUSH_STATION
CLEAN_NOZZLE
MOVE_OUT_BRUSH_STATION
M106 P2 S0 ; fibre-side cooling, fan4
M106 P1 S130 ; part-cooling, fan3
T1 ; switch extruder type to:PLASTIC
G1 Z11.2 F7200
G1 E10 F1800
M106 S127
;LAYER_CHANGE
;Z:11.4
;HEIGHT:0.2
;_SET_FAN_SPEED_CHANGING_LAYER
SET_VELOCITY_LIMIT ACCEL=1000 ACCEL_TO_DECEL=500
G1 E-.8 F1800
G1 X169.15 Y159.325 Z11.8 F7200
G1 X169.346 Y169.346 Z11.8 F7200
G1 Z11.4 F7200
G1 E.8 F1800
;TYPE:Inner wall
;WIDTH:0.449999
G1 F3600
G1 X150.654 Y169.346 E.6327
G1 X150.654 Y150.654 E.6327
G1 X169.346 Y150.654 E.6327
G1 X169.346 Y169.306 E.63135
SET_VELOCITY_LIMIT ACCEL=500 ACCEL_TO_DECEL=250
G1 X169.775 Y169.775 F7200
;TYPE:Outer wall
G1 F3600
G1 X150.225 Y169.775 E.66174
G1 X150.225 Y150.225 E.66174
G1 X169.775 Y150.225 E.66174
G1 X169.775 Y169.735 E.66039
SET_VELOCITY_LIMIT ACCEL=1000 ACCEL_TO_DECEL=500
G1 E-.8 F1800
G1 X167.763 Y169 Z11.8 F7200
G1 Z11.4 F7200
G1 E.8 F1800
SET_VELOCITY_LIMIT ACCEL=500 ACCEL_TO_DECEL=250
;TYPE:Sparse infill
;WIDTH:0.45
G1 F6000
G1 X166.135 Y169 E.05512
G1 X166.021 Y168.549 E.01576
G1 X165.44 Y167.969 E.02778
G1 X163.886 Y167.575 E.05428
G1 X163.306 Y166.995 E.02778
G1 X162.912 Y165.44 E.05428
G1 X162.332 Y164.86 E.02778
G1 X160.777 Y164.466 E.05428
G1 X160.197 Y163.886 E.02778
G1 X159.803 Y162.332 E.05428
G1 X159.223 Y161.751 E.02778
G1 X157.668 Y161.357 E.05428
G1 X157.088 Y160.777 E.02778
G1 X156.694 Y159.223 E.05428
G1 X156.114 Y158.643 E.02778
G1 X154.56 Y158.249 E.05428
G1 X153.979 Y157.668 E.02778
G1 X153.586 Y156.114 E.05428
G1 X153.005 Y155.534 E.02778
G1 X151.451 Y155.14 E.05428
G1 X151 Y154.689 E.02161
G1 X151 Y157.797 E.10523
G1 X151.451 Y158.249 E.02161
G1 X153.005 Y158.643 E.05428
G1 X153.586 Y159.223 E.02778
G1 X153.979 Y160.777 E.05428
G1 X154.56 Y161.357 E.02778
G1 X156.114 Y161.751 E.05428
G1 X156.694 Y162.332 E.02778
G1 X157.088 Y163.886 E.05428
G1 X157.668 Y164.466 E.02778
G1 X159.223 Y164.86 E.05428
G1 X159.803 Y165.44 E.02778
G1 X160.197 Y166.995 E.05428
G1 X160.777 Y167.575 E.02778
G1 X162.332 Y167.969 E.05428
G1 X162.912 Y168.549 E.02778
G1 X163.026 Y169 E.01576
G1 X159.917 Y169 E.10523
G1 X159.803 Y168.549 E.01576
G1 X159.223 Y167.969 E.02778
G1 X157.668 Y167.575 E.05428
G1 X157.088 Y166.995 E.02778
G1 X156.694 Y165.44 E.05428
G1 X156.114 Y164.86 E.02778
G1 X154.56 Y164.466 E.05428
G1 X153.979 Y163.886 E.02778
G1 X153.586 Y162.332 E.05428
G1 X153.005 Y161.751 E.02778
G1 X151.451 Y161.357 E.05428
G1 X151 Y160.906 E.02161
G1 X151 Y164.015 E.10523
G1 X151.451 Y164.466 E.02161
G1 X153.005 Y164.86 E.05428
G1 X153.586 Y165.44 E.02778
G1 X153.979 Y166.995 E.05428
G1 X154.56 Y167.575 E.02778
G1 X156.114 Y167.969 E.05428
G1 X156.694 Y168.549 E.02778
G1 X156.809 Y169 E.01576
G1 X153.7 Y169 E.10523
G1 X153.586 Y168.549 E.01576
G1 X153.005 Y167.969 E.02778
G1 X151.451 Y167.575 E.05428
G1 X151 Y167.124 E.02161
G1 X151 Y168.752 E.05512
SET_VELOCITY_LIMIT ACCEL=1000 ACCEL_TO_DECEL=500
G1 E-.8 F1800
G1 X151.449 Y161.133 Z11.8 F7200
G1 X152.048 Y151 Z11.8 F7200
G1 Z11.4 F7200
G1 E.8 F1800
SET_VELOCITY_LIMIT ACCEL=500 ACCEL_TO_DECEL=250
G1 F6000
G1 X151 Y151 E.03547
G1 X151 Y151.58 E.01964
G1 X151.451 Y152.031 E.02161
G1 X153.005 Y152.425 E.05428
G1 X153.586 Y153.005 E.02778
G1 X153.979 Y154.56 E.05428
G1 X154.56 Y155.14 E.02778
G1 X156.114 Y155.534 E.05428
G1 X156.694 Y156.114 E.02778
G1 X157.088 Y157.668 E.05428
G1 X157.668 Y158.249 E.02778
G1 X159.223 Y158.643 E.05428
G1 X159.803 Y159.223 E.02778
G1 X160.197 Y160.777 E.05428
G1 X160.777 Y161.357 E.02778
G1 X162.332 Y161.751 E.05428
G1 X162.912 Y162.332 E.02778
G1 X163.306 Y163.886 E.05428
G1 X163.886 Y164.466 E.02778
G1 X165.44 Y164.86 E.05428
G1 X166.021 Y165.44 E.02778
G1 X166.414 Y166.995 E.05428
G1 X166.995 Y167.575 E.02778
G1 X168.549 Y167.969 E.05428
G1 X169 Y168.42 E.02161
G1 X169 Y165.311 E.10523
G1 X168.549 Y164.86 E.02161
G1 X166.995 Y164.466 E.05428
G1 X166.414 Y163.886 E.02778
G1 X166.021 Y162.332 E.05428
G1 X165.44 Y161.751 E.02778
G1 X163.886 Y161.357 E.05428
G1 X163.306 Y160.777 E.02778
G1 X162.912 Y159.223 E.05428
G1 X162.332 Y158.643 E.02778
G1 X160.777 Y158.249 E.05428
G1 X160.197 Y157.668 E.02778
G1 X159.803 Y156.114 E.05428
G1 X159.223 Y155.534 E.02778
G1 X157.668 Y155.14 E.05428
G1 X157.088 Y154.56 E.02778
G1 X156.694 Y153.005 E.05428
G1 X156.114 Y152.425 E.02778
G1 X154.56 Y152.031 E.05428
G1 X153.979 Y151.451 E.02778
G1 X153.865 Y151 E.01576
G1 X155.493 Y151 E.05512
SET_VELOCITY_LIMIT ACCEL=1000 ACCEL_TO_DECEL=500
G1 E-.8 F1800
G1 X163.125 Y151.14 Z11.8 F7200
G1 X169 Y151.248 Z11.8 F7200
G1 Z11.4 F7200
G1 E.8 F1800
SET_VELOCITY_LIMIT ACCEL=500 ACCEL_TO_DECEL=250
G1 F6000
G1 X169 Y152.876 E.05512
G1 X168.549 Y152.425 E.02161
G1 X166.995 Y152.031 E.05428
G1 X166.414 Y151.451 E.02778
G1 X166.3 Y151 E.01576
G1 X163.191 Y151 E.10523
G1 X163.306 Y151.451 E.01576
G1 X163.886 Y152.031 E.02778
G1 X165.44 Y152.425 E.05428
G1 X166.021 Y153.005 E.02778
G1 X166.414 Y154.56 E.05428
G1 X166.995 Y155.14 E.02778
G1 X168.549 Y155.534 E.05428
G1 X169 Y155.985 E.02161
G1 X169 Y159.094 E.10523
G1 X168.549 Y158.643 E.02161
G1 X166.995 Y158.249 E.05428
G1 X166.414 Y157.668 E.02778
G1 X166.021 Y156.114 E.05428
G1 X165.44 Y155.534 E.02778
G1 X163.886 Y155.14 E.05428
G1 X163.306 Y154.56 E.02778
G1 X162.912 Y153.005 E.05428
G1 X162.332 Y152.425 E.02778
G1 X160.777 Y152.031 E.05428
G1 X160.197 Y151.451 E.02778
G1 X160.083 Y151 E.01576
G1 X156.974 Y151 E.10523
G1 X157.088 Y151.451 E.01576
G1 X157.668 Y152.031 E.02778
G1 X159.223 Y152.425 E.05428
G1 X159.803 Y153.005 E.02778
G1 X160.197 Y154.56 E.05428
G1 X160.777 Y155.14 E.02778
G1 X162.332 Y155.534 E.05428
G1 X162.912 Y156.114 E.02778
G1 X163.306 Y157.668 E.05428
G1 X163.886 Y158.249 E.02778
G1 X165.44 Y158.643 E.05428
G1 X166.021 Y159.223 E.02778
G1 X166.414 Y160.777 E.05428
G1 X166.995 Y161.357 E.02778
G1 X168.549 Y161.751 E.05428
G1 X169 Y162.203 E.02161
G1 X169 Y163.831 E.05512
M400
G1 E-10 F1800
G1 Z11.8 F7200
M104 S150 T1 ; standby
M104 S270 T0 ; pre-charge
M109 S270 T0
MOVE_TO_BRUSH_STATION
CLEAN_NOZZLE
MOVE_OUT_BRUSH_STATION
M106 P2 S124 ; fibre-side cooling, fan4
M106 P1 S0 ; part-cooling, fan3
T0 ; switch extruder type to:FIBER
; LAYER:57 [11.40]
M1001 L71
G1 F1200 Z12.60
G1 X151.11 Y151.11 F1200
G1 F1200 U55.000 ; Extrude restart
G1 F1200 Z11.40
G1 F600 V1.000 ; Recover matrix retract
G1 F600 V3.000 ; Matrix prime
G1 X167.45 Y151.11 V0.545 U16.017 P0.034 F1200
; Start to cut
M2800
M400
;CUT DISTANCE 54.8
G1 X168.89 Y151.11 V0.048 F1200
M73 P56 R27
G1 X168.89 Y168.89 V0.593 F1200
G1 X151.11 Y168.89 V0.593 F1200
G1 X151.11 Y151.11 V0.593 F1200
; Cutting completed.
G1 F600 V-1.000 ; Retract
G1 F1200 Z12.00
M1002
M1001 L404
G1 F1200 Z12.60
G1 X151.76 Y152.11 F1200
G1 F1200 U55.000 ; Extrude restart
G1 F1200 Z11.40
G1 F600 V1.000 ; Recover matrix retract
G1 F600 V3.000 ; Matrix prime
G1 X168.24 Y152.11 V0.549 U16.156 P0.034 F1200
G1 X168.24 Y152.81 V0.023 U0.686 P0.034 F1200
G1 X151.76 Y152.81 V0.549 U16.156 P0.034 F1200
G1 X151.76 Y153.51 V0.023 U0.686 P0.034 F1200
G1 X168.24 Y153.51 V0.549 U16.156 P0.034 F1200
G1 X168.24 Y154.21 V0.023 U0.686 P0.034 F1200
G1 X151.76 Y154.21 V0.549 U16.156 P0.034 F1200
G1 X151.76 Y154.91 V0.023 U0.686 P0.034 F1200
G1 X168.24 Y154.91 V0.549 U16.156 P0.034 F1200
G1 X168.24 Y155.61 V0.023 U0.686 P0.034 F1200
G1 X151.76 Y155.61 V0.549 U16.156 P0.034 F1200
G1 X151.76 Y156.31 V0.023 U0.686 P0.034 F1200
G1 X168.24 Y156.31 V0.549 U16.156 P0.034 F1200
G1 X168.24 Y157.01 V0.023 U0.686 P0.034 F1200
G1 X151.76 Y157.01 V0.549 U16.156 P0.034 F1200
G1 X151.76 Y157.71 V0.023 U0.686 P0.034 F1200
G1 X168.24 Y157.71 V0.549 U16.156 P0.034 F1200
G1 X168.24 Y158.41 V0.023 U0.686 P0.034 F1200
M73 P56 R26
G1 X151.76 Y158.41 V0.549 U16.156 P0.034 F1200
G1 X151.76 Y159.11 V0.023 U0.686 P0.034 F1200
G1 X168.24 Y159.11 V0.549 U16.156 P0.034 F1200
G1 X168.24 Y159.81 V0.023 U0.686 P0.034 F1200
G1 X151.76 Y159.81 V0.549 U16.156 P0.034 F1200
G1 X151.76 Y160.51 V0.023 U0.686 P0.034 F1200
G1 X168.24 Y160.51 V0.549 U16.156 P0.034 F1200
G1 X168.24 Y161.21 V0.023 U0.686 P0.034 F1200
G1 X151.76 Y161.21 V0.549 U16.156 P0.034 F1200
G1 X151.76 Y161.91 V0.023 U0.686 P0.034 F1200
G1 X168.24 Y161.91 V0.549 U16.156 P0.034 F1200
G1 X168.24 Y162.61 V0.023 U0.686 P0.034 F1200
G1 X151.76 Y162.61 V0.549 U16.156 P0.034 F1200
G1 X151.76 Y163.31 V0.023 U0.686 P0.034 F1200
G1 X168.24 Y163.31 V0.549 U16.156 P0.034 F1200
G1 X168.24 Y164.01 V0.023 U0.686 P0.034 F1200
G1 X151.76 Y164.01 V0.549 U16.156 P0.034 F1200
G1 X151.76 Y164.71 V0.023 U0.686 P0.034 F1200
G1 X168.24 Y164.71 V0.549 U16.156 P0.034 F1200
G1 X168.24 Y165.41 V0.023 U0.686 P0.034 F1200
G1 X151.76 Y165.41 V0.549 U16.156 P0.034 F1200
G1 X151.76 Y166.11 V0.023 U0.686 P0.034 F1200
G1 X165.00 Y166.11 V0.441 U12.979 P0.034 F1200
; Start to cut
M2800
M400
;CUT DISTANCE 54.8
G1 X168.24 Y166.11 V0.108 F1200
G1 X168.24 Y166.81 V0.023 F1200
G1 X151.76 Y166.81 V0.549 F1200
G1 X151.76 Y167.51 V0.023 F1200
G1 X168.24 Y167.51 V0.549 F1200
G1 X168.24 Y168.21 V0.023 F1200
G1 X151.76 Y168.21 V0.549 F1200
; Cutting completed.
G1 F600 V-1.000 ; Retract
G1 F1200 Z12.00
M1002
M400
G1 F600 V-4.000 ; Toolchange matrix retract
M104 S180 T0 ; standby
M104 S250 T1 ; pre-charge
M109 S250 T1
MOVE_TO_BRUSH_STATION
CLEAN_NOZZLE
MOVE_OUT_BRUSH_STATION
M106 P2 S0 ; fibre-side cooling, fan4
M106 P1 S124 ; part-cooling, fan3
T1 ; switch extruder type to:PLASTIC
G1 Z11.4 F7200
G1 E10 F1800
M106 S130
;LAYER_CHANGE
;Z:11.6
;HEIGHT:0.200001
;_SET_FAN_SPEED_CHANGING_LAYER
SET_VELOCITY_LIMIT ACCEL=1000 ACCEL_TO_DECEL=500
G1 E-.8 F1800
G1 X169.346 Y169.346 Z12 F7200
G1 Z11.6 F7200
G1 E.8 F1800
;TYPE:Inner wall
;WIDTH:0.449999
G1 F3600
G1 X150.654 Y169.346 E.6327
G1 X150.654 Y150.654 E.6327
G1 X169.346 Y150.654 E.6327
G1 X169.346 Y169.306 E.63135
SET_VELOCITY_LIMIT ACCEL=500 ACCEL_TO_DECEL=250
G1 X169.775 Y169.775 F7200
;TYPE:Outer wall
G1 F3600
G1 X150.225 Y169.775 E.66174
G1 X150.225 Y150.225 E.66174
G1 X169.775 Y150.225 E.66174
G1 X169.775 Y169.735 E.66039
SET_VELOCITY_LIMIT ACCEL=1000 ACCEL_TO_DECEL=500
G1 X168.898 Y169 F7200
SET_VELOCITY_LIMIT ACCEL=500 ACCEL_TO_DECEL=250
;TYPE:Sparse infill
;WIDTH:0.45
G1 F6000
G1 X169 Y169 E.00348
G1 X169 Y167.475 E.05164
G1 X168.549 Y167.926 E.02161
G1 X166.995 Y167.618 E.05364
G1 X166.063 Y168.549 E.04459
G1 X166.153 Y169 E.01558
G1 X163.044 Y169 E.10523
G1 X162.955 Y168.549 E.01558
G1 X163.886 Y167.618 E.04459
G1 X165.44 Y167.926 E.05364
G1 X166.372 Y166.995 E.04459
G1 X166.063 Y165.44 E.05364
G1 X166.995 Y164.509 E.04459
G1 X168.549 Y164.817 E.05364
G1 X169 Y164.366 E.02161
G1 X169 Y161.257 E.10523
G1 X168.549 Y161.709 E.02161
G1 X166.995 Y161.4 E.05364
G1 X166.063 Y162.332 E.04459
G1 X166.372 Y163.886 E.05364
G1 X165.44 Y164.817 E.04459
G1 X163.886 Y164.509 E.05364
G1 X162.955 Y165.44 E.04459
G1 X163.263 Y166.995 E.05364
G1 X162.332 Y167.926 E.04459
G1 X160.777 Y167.618 E.05364
G1 X159.846 Y168.549 E.04459
G1 X159.935 Y169 E.01558
G1 X158.307 Y169 E.05512
SET_VELOCITY_LIMIT ACCEL=1000 ACCEL_TO_DECEL=500
G1 E-.8 F1800
G1 X164.087 Y164.015 Z12 F7200
G1 X169 Y159.777 Z12 F7200
G1 Z11.6 F7200
G1 E.8 F1800
SET_VELOCITY_LIMIT ACCEL=500 ACCEL_TO_DECEL=250
G1 F6000
G1 X169 Y158.149 E.05512
G1 X168.549 Y158.6 E.02161
G1 X166.995 Y158.291 E.05364
G1 X166.063 Y159.223 E.04459
G1 X166.372 Y160.777 E.05364
G1 X165.44 Y161.709 E.04459
G1 X163.886 Y161.4 E.05364
G1 X162.955 Y162.332 E.04459
G1 X163.263 Y163.886 E.05364
G1 X162.332 Y164.817 E.04459
G1 X160.777 Y164.509 E.05364
G1 X159.846 Y165.44 E.04459
G1 X160.154 Y166.995 E.05364
G1 X159.223 Y167.926 E.04459
G1 X157.668 Y167.618 E.05364
G1 X156.737 Y168.549 E.04459
G1 X156.827 Y169 E.01558
G1 X153.718 Y169 E.10523
G1 X153.628 Y168.549 E.01558
G1 X154.56 Y167.618 E.04459
G1 X156.114 Y167.926 E.05364
G1 X157.045 Y166.995 E.04459
G1 X156.737 Y165.44 E.05364
G1 X157.668 Y164.509 E.04459
G1 X159.223 Y164.817 E.05364
G1 X160.154 Y163.886 E.04459
G1 X159.846 Y162.332 E.05364
G1 X160.777 Y161.4 E.04459
G1 X162.332 Y161.709 E.05364
G1 X163.263 Y160.777 E.04459
G1 X162.955 Y159.223 E.05364
G1 X163.886 Y158.291 E.04459
G1 X165.44 Y158.6 E.05364
G1 X166.372 Y157.668 E.04459
G1 X166.063 Y156.114 E.05364
G1 X166.995 Y155.183 E.04459
G1 X168.549 Y155.491 E.05364
G1 X169 Y155.04 E.02161
G1 X169 Y151.931 E.10523
G1 X168.549 Y152.382 E.02161
G1 X166.995 Y152.074 E.05364
G1 X166.063 Y153.005 E.04459
G1 X166.372 Y154.56 E.05364
G1 X165.44 Y155.491 E.04459
G1 X163.886 Y155.183 E.05364
G1 X162.955 Y156.114 E.04459
G1 X163.263 Y157.668 E.05364
G1 X162.332 Y158.6 E.04459
G1 X160.777 Y158.291 E.05364
G1 X159.846 Y159.223 E.04459
G1 X160.154 Y160.777 E.05364
G1 X159.223 Y161.709 E.04459
G1 X157.668 Y161.4 E.05364
G1 X156.737 Y162.332 E.04459
G1 X157.045 Y163.886 E.05364
G1 X156.114 Y164.817 E.04459
G1 X154.56 Y164.509 E.05364
G1 X153.628 Y165.44 E.04459
G1 X153.937 Y166.995 E.05364
G1 X153.005 Y167.926 E.04459
G1 X151.451 Y167.618 E.05364
G1 X151 Y168.069 E.02161
G1 X151 Y164.96 E.10523
G1 X151.451 Y164.509 E.02161
G1 X153.005 Y164.817 E.05364
G1 X153.937 Y163.886 E.04459
G1 X153.628 Y162.332 E.05364
G1 X154.56 Y161.4 E.04459
G1 X156.114 Y161.709 E.05364
G1 X157.045 Y160.777 E.04459
G1 X156.737 Y159.223 E.05364
G1 X157.668 Y158.291 E.04459
G1 X159.223 Y158.6 E.05364
G1 X160.154 Y157.668 E.04459
G1 X159.846 Y156.114 E.05364
G1 X160.777 Y155.183 E.04459
G1 X162.332 Y155.491 E.05364
G1 X163.263 Y154.56 E.04459
G1 X162.955 Y153.005 E.05364
G1 X163.886 Y152.074 E.04459
G1 X165.44 Y152.382 E.05364
G1 X166.372 Y151.451 E.04459
G1 X166.282 Y151 E.01558
G1 X163.173 Y151 E.10523
G1 X163.263 Y151.451 E.01558
G1 X162.332 Y152.382 E.04459
G1 X160.777 Y152.074 E.05364
G1 X159.846 Y153.005 E.04459
G1 X160.154 Y154.56 E.05364
G1 X159.223 Y155.491 E.04459
G1 X157.668 Y155.183 E.05364
G1 X156.737 Y156.114 E.04459
G1 X157.045 Y157.668 E.05364
G1 X156.114 Y158.6 E.04459
G1 X154.56 Y158.291 E.05364
G1 X153.628 Y159.223 E.04459
G1 X153.937 Y160.777 E.05364
G1 X153.005 Y161.709 E.04459
G1 X151.451 Y161.4 E.05364
G1 X151 Y161.851 E.02161
G1 X151 Y158.743 E.10523
G1 X151.451 Y158.291 E.02161
G1 X153.005 Y158.6 E.05364
G1 X153.937 Y157.668 E.04459
G1 X153.628 Y156.114 E.05364
G1 X154.56 Y155.183 E.04459
G1 X156.114 Y155.491 E.05364
G1 X157.045 Y154.56 E.04459
G1 X156.737 Y153.005 E.05364
G1 X157.668 Y152.074 E.04459
G1 X159.223 Y152.382 E.05364
M73 P57 R26
G1 X160.154 Y151.451 E.04459
G1 X160.065 Y151 E.01558
G1 X156.956 Y151 E.10523
G1 X157.045 Y151.451 E.01558
G1 X156.114 Y152.382 E.04459
G1 X154.56 Y152.074 E.05364
G1 X153.628 Y153.005 E.04459
G1 X153.937 Y154.56 E.05364
G1 X153.005 Y155.491 E.04459
G1 X151.451 Y155.183 E.05364
G1 X151 Y155.634 E.02161
G1 X151 Y152.525 E.10523
G1 X151.451 Y152.074 E.02161
G1 X153.005 Y152.382 E.05364
G1 X153.937 Y151.451 E.04459
G1 X153.847 Y151 E.01558
G1 X152.219 Y151 E.05512
M400
G1 E-10 F1800
G1 Z12 F7200
M104 S150 T1 ; standby
M104 S270 T0 ; pre-charge
M109 S270 T0
MOVE_TO_BRUSH_STATION
CLEAN_NOZZLE
MOVE_OUT_BRUSH_STATION
M106 P2 S127 ; fibre-side cooling, fan4
M106 P1 S0 ; part-cooling, fan3
T0 ; switch extruder type to:FIBER
; LAYER:58 [11.60]
M1001 L71
G1 F1200 Z12.80
G1 X151.11 Y151.11 F1200
G1 F1200 U55.000 ; Extrude restart
G1 F1200 Z11.60
G1 F600 V1.000 ; Recover matrix retract
G1 F600 V3.000 ; Matrix prime
G1 X167.45 Y151.11 V0.545 U16.017 P0.034 F1200
; Start to cut
M2800
M400
;CUT DISTANCE 54.8
G1 X168.89 Y151.11 V0.048 F1200
G1 X168.89 Y168.89 V0.593 F1200
G1 X151.11 Y168.89 V0.593 F1200
G1 X151.11 Y151.11 V0.593 F1200
; Cutting completed.
G1 F600 V-1.000 ; Retract
G1 F1200 Z12.20
M1002
M1001 L404
G1 F1200 Z12.80
G1 X151.76 Y152.11 F1200
G1 F1200 U55.000 ; Extrude restart
G1 F1200 Z11.60
G1 F600 V1.000 ; Recover matrix retract
G1 F600 V3.000 ; Matrix prime
G1 X168.24 Y152.11 V0.549 U16.156 P0.034 F1200
G1 X168.24 Y152.81 V0.023 U0.686 P0.034 F1200
G1 X151.76 Y152.81 V0.549 U16.156 P0.034 F1200
G1 X151.76 Y153.51 V0.023 U0.686 P0.034 F1200
G1 X168.24 Y153.51 V0.549 U16.156 P0.034 F1200
G1 X168.24 Y154.21 V0.023 U0.686 P0.034 F1200
G1 X151.76 Y154.21 V0.549 U16.156 P0.034 F1200
G1 X151.76 Y154.91 V0.023 U0.686 P0.034 F1200
G1 X168.24 Y154.91 V0.549 U16.156 P0.034 F1200
G1 X168.24 Y155.61 V0.023 U0.686 P0.034 F1200
G1 X151.76 Y155.61 V0.549 U16.156 P0.034 F1200
G1 X151.76 Y156.31 V0.023 U0.686 P0.034 F1200
G1 X168.24 Y156.31 V0.549 U16.156 P0.034 F1200
G1 X168.24 Y157.01 V0.023 U0.686 P0.034 F1200
G1 X151.76 Y157.01 V0.549 U16.156 P0.034 F1200
G1 X151.76 Y157.71 V0.023 U0.686 P0.034 F1200
G1 X168.24 Y157.71 V0.549 U16.156 P0.034 F1200
G1 X168.24 Y158.41 V0.023 U0.686 P0.034 F1200
G1 X151.76 Y158.41 V0.549 U16.156 P0.034 F1200
G1 X151.76 Y159.11 V0.023 U0.686 P0.034 F1200
G1 X168.24 Y159.11 V0.549 U16.156 P0.034 F1200
G1 X168.24 Y159.81 V0.023 U0.686 P0.034 F1200
G1 X151.76 Y159.81 V0.549 U16.156 P0.034 F1200
G1 X151.76 Y160.51 V0.023 U0.686 P0.034 F1200
G1 X168.24 Y160.51 V0.549 U16.156 P0.034 F1200
G1 X168.24 Y161.21 V0.023 U0.686 P0.034 F1200
G1 X151.76 Y161.21 V0.549 U16.156 P0.034 F1200
G1 X151.76 Y161.91 V0.023 U0.686 P0.034 F1200
G1 X168.24 Y161.91 V0.549 U16.156 P0.034 F1200
G1 X168.24 Y162.61 V0.023 U0.686 P0.034 F1200
G1 X151.76 Y162.61 V0.549 U16.156 P0.034 F1200
G1 X151.76 Y163.31 V0.023 U0.686 P0.034 F1200
G1 X168.24 Y163.31 V0.549 U16.156 P0.034 F1200
G1 X168.24 Y164.01 V0.023 U0.686 P0.034 F1200
G1 X151.76 Y164.01 V0.549 U16.156 P0.034 F1200
G1 X151.76 Y164.71 V0.023 U0.686 P0.034 F1200
G1 X168.24 Y164.71 V0.549 U16.156 P0.034 F1200
G1 X168.24 Y165.41 V0.023 U0.686 P0.034 F1200
G1 X151.76 Y165.41 V0.549 U16.156 P0.034 F1200
G1 X151.76 Y166.11 V0.023 U0.686 P0.034 F1200
G1 X165.00 Y166.11 V0.441 U12.979 P0.034 F1200
; Start to cut
M2800
M400
;CUT DISTANCE 54.8
G1 X168.24 Y166.11 V0.108 F1200
G1 X168.24 Y166.81 V0.023 F1200
G1 X151.76 Y166.81 V0.549 F1200
G1 X151.76 Y167.51 V0.023 F1200
G1 X168.24 Y167.51 V0.549 F1200
G1 X168.24 Y168.21 V0.023 F1200
G1 X151.76 Y168.21 V0.549 F1200
; Cutting completed.
G1 F600 V-1.000 ; Retract
G1 F1200 Z12.20
M1002
M400
G1 F600 V-4.000 ; Toolchange matrix retract
M104 S180 T0 ; standby
M104 S250 T1 ; pre-charge
M109 S250 T1
MOVE_TO_BRUSH_STATION
CLEAN_NOZZLE
MOVE_OUT_BRUSH_STATION
M106 P2 S0 ; fibre-side cooling, fan4
M106 P1 S127 ; part-cooling, fan3
T1 ; switch extruder type to:PLASTIC
G1 Z11.6 F7200
G1 E10 F1800
M106 S127
;LAYER_CHANGE
;Z:11.8
;HEIGHT:0.2
;_SET_FAN_SPEED_CHANGING_LAYER
SET_VELOCITY_LIMIT ACCEL=1000 ACCEL_TO_DECEL=500
G1 E-.8 F1800
G1 X157.427 Y156.579 Z12.2 F7200
G1 X169.346 Y169.346 Z12.2 F7200
G1 Z11.8 F7200
G1 E.8 F1800
;TYPE:Inner wall
;WIDTH:0.449999
G1 F3600
G1 X150.654 Y169.346 E.6327
G1 X150.654 Y150.654 E.6327
G1 X169.346 Y150.654 E.6327
G1 X169.346 Y169.306 E.63135
SET_VELOCITY_LIMIT ACCEL=500 ACCEL_TO_DECEL=250
G1 X169.775 Y169.775 F7200
;TYPE:Outer wall
G1 F3600
G1 X150.225 Y169.775 E.66174
G1 X150.225 Y150.225 E.66174
G1 X169.775 Y150.225 E.66174
G1 X169.775 Y169.735 E.66039
SET_VELOCITY_LIMIT ACCEL=1000 ACCEL_TO_DECEL=500
G1 X169 Y168.75 F7200
SET_VELOCITY_LIMIT ACCEL=500 ACCEL_TO_DECEL=250
;TYPE:Sparse infill
;WIDTH:0.45
G1 F6000
G1 X169 Y167.121 E.05512
G1 X168.549 Y167.573 E.02161
G1 X166.995 Y167.971 E.05432
G1 X166.417 Y168.549 E.02766
G1 X166.301 Y169 E.01577
G1 X163.192 Y169 E.10523
G1 X163.308 Y168.549 E.01577
G1 X163.886 Y167.971 E.02766
G1 X165.44 Y167.573 E.05432
G1 X166.018 Y166.995 E.02766
G1 X166.417 Y165.44 E.05432
G1 X166.995 Y164.862 E.02766
G1 X168.549 Y164.464 E.05432
G1 X169 Y164.012 E.02161
G1 X169 Y165.641 E.05512
SET_VELOCITY_LIMIT ACCEL=1000 ACCEL_TO_DECEL=500
G1 E-.8 F1800
G1 X161.728 Y167.958 Z12.2 F7200
G1 X158.455 Y169 Z12.2 F7200
G1 Z11.8 F7200
G1 E.8 F1800
SET_VELOCITY_LIMIT ACCEL=500 ACCEL_TO_DECEL=250
G1 F6000
G1 X160.084 Y169 E.05512
G1 X160.199 Y168.549 E.01577
G1 X160.777 Y167.971 E.02766
G1 X162.332 Y167.573 E.05432
G1 X162.909 Y166.995 E.02766
G1 X163.308 Y165.44 E.05432
G1 X163.886 Y164.862 E.02766
G1 X165.44 Y164.464 E.05432
G1 X166.018 Y163.886 E.02766
G1 X166.417 Y162.332 E.05432
G1 X166.995 Y161.754 E.02766
G1 X168.549 Y161.355 E.05432
G1 X169 Y160.904 E.02161
G1 X169 Y157.795 E.10523
G1 X168.549 Y158.246 E.02161
G1 X166.995 Y158.645 E.05432
G1 X166.417 Y159.223 E.02766
G1 X166.018 Y160.777 E.05432
G1 X165.44 Y161.355 E.02766
G1 X163.886 Y161.754 E.05432
G1 X163.308 Y162.332 E.02766
G1 X162.909 Y163.886 E.05432
G1 X162.332 Y164.464 E.02766
G1 X160.777 Y164.862 E.05432
G1 X160.199 Y165.44 E.02766
G1 X159.801 Y166.995 E.05432
G1 X159.223 Y167.573 E.02766
G1 X157.668 Y167.971 E.05432
G1 X157.091 Y168.549 E.02766
G1 X156.975 Y169 E.01577
G1 X153.866 Y169 E.10523
G1 X153.982 Y168.549 E.01577
G1 X154.56 Y167.971 E.02766
G1 X156.114 Y167.573 E.05432
G1 X156.692 Y166.995 E.02766
G1 X157.091 Y165.44 E.05432
G1 X157.668 Y164.862 E.02766
G1 X159.223 Y164.464 E.05432
G1 X159.801 Y163.886 E.02766
G1 X160.199 Y162.332 E.05432
G1 X160.777 Y161.754 E.02766
G1 X162.332 Y161.355 E.05432
G1 X162.909 Y160.777 E.02766
G1 X163.308 Y159.223 E.05432
G1 X163.886 Y158.645 E.02766
G1 X165.44 Y158.246 E.05432
G1 X166.018 Y157.668 E.02766
G1 X166.417 Y156.114 E.05432
G1 X166.995 Y155.536 E.02766
G1 X168.549 Y155.138 E.05432
G1 X169 Y154.686 E.02161
G1 X169 Y151.577 E.10523
G1 X168.549 Y152.029 E.02161
G1 X166.995 Y152.427 E.05432
G1 X166.417 Y153.005 E.02766
G1 X166.018 Y154.56 E.05432
G1 X165.44 Y155.138 E.02766
G1 X163.886 Y155.536 E.05432
G1 X163.308 Y156.114 E.02766
G1 X162.909 Y157.668 E.05432
G1 X162.332 Y158.246 E.02766
G1 X160.777 Y158.645 E.05432
G1 X160.199 Y159.223 E.02766
M73 P57 R25
G1 X159.801 Y160.777 E.05432
G1 X159.223 Y161.355 E.02766
G1 X157.668 Y161.754 E.05432
G1 X157.091 Y162.332 E.02766
G1 X156.692 Y163.886 E.05432
G1 X156.114 Y164.464 E.02766
G1 X154.56 Y164.862 E.05432
G1 X153.982 Y165.44 E.02766
G1 X153.583 Y166.995 E.05432
G1 X153.005 Y167.573 E.02766
G1 X151.451 Y167.971 E.05432
G1 X151 Y168.423 E.02161
G1 X151 Y165.314 E.10523
G1 X151.451 Y164.862 E.02161
G1 X153.005 Y164.464 E.05432
G1 X153.583 Y163.886 E.02766
G1 X153.982 Y162.332 E.05432
G1 X154.56 Y161.754 E.02766
G1 X156.114 Y161.355 E.05432
G1 X156.692 Y160.777 E.02766
G1 X157.091 Y159.223 E.05432
G1 X157.668 Y158.645 E.02766
G1 X159.223 Y158.246 E.05432
G1 X159.801 Y157.668 E.02766
G1 X160.199 Y156.114 E.05432
G1 X160.777 Y155.536 E.02766
G1 X162.332 Y155.138 E.05432
G1 X162.909 Y154.56 E.02766
G1 X163.308 Y153.005 E.05432
G1 X163.886 Y152.427 E.02766
G1 X165.44 Y152.029 E.05432
G1 X166.018 Y151.451 E.02766
G1 X166.134 Y151 E.01577
G1 X167.762 Y151 E.05512
SET_VELOCITY_LIMIT ACCEL=1000 ACCEL_TO_DECEL=500
G1 E-.8 F1800
G1 X160.131 Y151.114 Z12.2 F7200
G1 X151 Y151.25 Z12.2 F7200
G1 Z11.8 F7200
G1 E.8 F1800
SET_VELOCITY_LIMIT ACCEL=500 ACCEL_TO_DECEL=250
G1 F6000
G1 X151 Y152.879 E.05512
G1 X151.451 Y152.427 E.02161
G1 X153.005 Y152.029 E.05432
G1 X153.583 Y151.451 E.02766
G1 X153.699 Y151 E.01577
G1 X156.808 Y151 E.10523
G1 X156.692 Y151.451 E.01577
G1 X156.114 Y152.029 E.02766
G1 X154.56 Y152.427 E.05432
G1 X153.982 Y153.005 E.02766
G1 X153.583 Y154.56 E.05432
G1 X153.005 Y155.138 E.02766
G1 X151.451 Y155.536 E.05432
G1 X151 Y155.988 E.02161
G1 X151 Y159.096 E.10523
G1 X151.451 Y158.645 E.02161
G1 X153.005 Y158.246 E.05432
G1 X153.583 Y157.668 E.02766
G1 X153.982 Y156.114 E.05432
G1 X154.56 Y155.536 E.02766
G1 X156.114 Y155.138 E.05432
G1 X156.692 Y154.56 E.02766
G1 X157.091 Y153.005 E.05432
G1 X157.668 Y152.427 E.02766
G1 X159.223 Y152.029 E.05432
G1 X159.801 Y151.451 E.02766
G1 X159.916 Y151 E.01577
G1 X163.025 Y151 E.10523
G1 X162.909 Y151.451 E.01577
G1 X162.332 Y152.029 E.02766
G1 X160.777 Y152.427 E.05432
G1 X160.199 Y153.005 E.02766
G1 X159.801 Y154.56 E.05432
G1 X159.223 Y155.138 E.02766
M73 P58 R25
G1 X157.668 Y155.536 E.05432
G1 X157.091 Y156.114 E.02766
G1 X156.692 Y157.668 E.05432
G1 X156.114 Y158.246 E.02766
G1 X154.56 Y158.645 E.05432
G1 X153.982 Y159.223 E.02766
G1 X153.583 Y160.777 E.05432
G1 X153.005 Y161.355 E.02766
G1 X151.451 Y161.754 E.05432
G1 X151 Y162.205 E.02161
G1 X151 Y160.577 E.05512
M400
G1 E-10 F1800
G1 Z12.2 F7200
M104 S150 T1 ; standby
M104 S270 T0 ; pre-charge
M109 S270 T0
MOVE_TO_BRUSH_STATION
CLEAN_NOZZLE
MOVE_OUT_BRUSH_STATION
M106 P2 S130 ; fibre-side cooling, fan4
M106 P1 S0 ; part-cooling, fan3
T0 ; switch extruder type to:FIBER
; LAYER:59 [11.80]
M1001 L71
G1 F1200 Z13.00
G1 X151.11 Y151.11 F1200
G1 F1200 U55.000 ; Extrude restart
G1 F1200 Z11.80
G1 F600 V1.000 ; Recover matrix retract
G1 F600 V3.000 ; Matrix prime
G1 X167.45 Y151.11 V0.545 U16.017 P0.034 F1200
; Start to cut
M2800
M400
;CUT DISTANCE 54.8
G1 X168.89 Y151.11 V0.048 F1200
G1 X168.89 Y168.89 V0.593 F1200
G1 X151.11 Y168.89 V0.593 F1200
G1 X151.11 Y151.11 V0.593 F1200
; Cutting completed.
G1 F600 V-1.000 ; Retract
G1 F1200 Z12.40
M1002
M1001 L404
G1 F1200 Z13.00
G1 X167.89 Y151.76 F1200
G1 F1200 U55.000 ; Extrude restart
G1 F1200 Z11.80
G1 F600 V1.000 ; Recover matrix retract
G1 F600 V3.000 ; Matrix prime
G1 X167.89 Y168.24 V0.549 U16.156 P0.034 F1200
G1 X167.19 Y168.24 V0.023 U0.686 P0.034 F1200
G1 X167.19 Y151.76 V0.549 U16.156 P0.034 F1200
G1 X166.49 Y151.76 V0.023 U0.686 P0.034 F1200
G1 X166.49 Y168.24 V0.549 U16.156 P0.034 F1200
G1 X165.79 Y168.24 V0.023 U0.686 P0.034 F1200
G1 X165.79 Y151.76 V0.549 U16.156 P0.034 F1200
G1 X165.09 Y151.76 V0.023 U0.686 P0.034 F1200
G1 X165.09 Y168.24 V0.549 U16.156 P0.034 F1200
G1 X164.39 Y168.24 V0.023 U0.686 P0.034 F1200
G1 X164.39 Y151.76 V0.549 U16.156 P0.034 F1200
G1 X163.69 Y151.76 V0.023 U0.686 P0.034 F1200
G1 X163.69 Y168.24 V0.549 U16.156 P0.034 F1200
G1 X162.99 Y168.24 V0.023 U0.686 P0.034 F1200
G1 X162.99 Y151.76 V0.549 U16.156 P0.034 F1200
G1 X162.29 Y151.76 V0.023 U0.686 P0.034 F1200
G1 X162.29 Y168.24 V0.549 U16.156 P0.034 F1200
G1 X161.59 Y168.24 V0.023 U0.686 P0.034 F1200
G1 X161.59 Y151.76 V0.549 U16.156 P0.034 F1200
G1 X160.89 Y151.76 V0.023 U0.686 P0.034 F1200
G1 X160.89 Y168.24 V0.549 U16.156 P0.034 F1200
G1 X160.19 Y168.24 V0.023 U0.686 P0.034 F1200
G1 X160.19 Y151.76 V0.549 U16.156 P0.034 F1200
G1 X159.49 Y151.76 V0.023 U0.686 P0.034 F1200
G1 X159.49 Y168.24 V0.549 U16.156 P0.034 F1200
G1 X158.79 Y168.24 V0.023 U0.686 P0.034 F1200
G1 X158.79 Y151.76 V0.549 U16.156 P0.034 F1200
G1 X158.09 Y151.76 V0.023 U0.686 P0.034 F1200
G1 X158.09 Y168.24 V0.549 U16.156 P0.034 F1200
G1 X157.39 Y168.24 V0.023 U0.686 P0.034 F1200
G1 X157.39 Y151.76 V0.549 U16.156 P0.034 F1200
G1 X156.69 Y151.76 V0.023 U0.686 P0.034 F1200
G1 X156.69 Y168.24 V0.549 U16.156 P0.034 F1200
G1 X155.99 Y168.24 V0.023 U0.686 P0.034 F1200
G1 X155.99 Y151.76 V0.549 U16.156 P0.034 F1200
G1 X155.29 Y151.76 V0.023 U0.686 P0.034 F1200
G1 X155.29 Y168.24 V0.549 U16.156 P0.034 F1200
G1 X154.59 Y168.24 V0.023 U0.686 P0.034 F1200
G1 X154.59 Y151.76 V0.549 U16.156 P0.034 F1200
G1 X153.89 Y151.76 V0.023 U0.686 P0.034 F1200
G1 X153.89 Y165.00 V0.441 U12.979 P0.034 F1200
; Start to cut
M2800
M400
;CUT DISTANCE 54.8
G1 X153.89 Y168.24 V0.108 F1200
G1 X153.19 Y168.24 V0.023 F1200
G1 X153.19 Y151.76 V0.549 F1200
G1 X152.49 Y151.76 V0.023 F1200
G1 X152.49 Y168.24 V0.549 F1200
G1 X151.79 Y168.24 V0.023 F1200
G1 X151.79 Y151.76 V0.549 F1200
; Cutting completed.
G1 F600 V-1.000 ; Retract
G1 F1200 Z12.40
M1002
M400
G1 F600 V-4.000 ; Toolchange matrix retract
M104 S180 T0 ; standby
M104 S250 T1 ; pre-charge
M109 S250 T1
MOVE_TO_BRUSH_STATION
CLEAN_NOZZLE
MOVE_OUT_BRUSH_STATION
M106 P2 S0 ; fibre-side cooling, fan4
M106 P1 S130 ; part-cooling, fan3
T1 ; switch extruder type to:PLASTIC
G1 Z11.8 F7200
G1 E10 F1800
M106 S132
;LAYER_CHANGE
;Z:12
;HEIGHT:0.2
;_SET_FAN_SPEED_CHANGING_LAYER
SET_VELOCITY_LIMIT ACCEL=1000 ACCEL_TO_DECEL=500
G1 E-.8 F1800
G1 X157.886 Y163.868 Z12.4 F7200
G1 X169.346 Y169.346 Z12.4 F7200
G1 Z12 F7200
G1 E.8 F1800
;TYPE:Inner wall
;WIDTH:0.449999
G1 F3600
G1 X150.654 Y169.346 E.6327
G1 X150.654 Y150.654 E.6327
G1 X169.346 Y150.654 E.6327
G1 X169.346 Y169.306 E.63135
SET_VELOCITY_LIMIT ACCEL=500 ACCEL_TO_DECEL=250
G1 X169.775 Y169.775 F7200
;TYPE:Outer wall
G1 F3600
G1 X150.225 Y169.775 E.66174
G1 X150.225 Y150.225 E.66174
G1 X169.775 Y150.225 E.66174
G1 X169.775 Y169.735 E.66039
SET_VELOCITY_LIMIT ACCEL=1000 ACCEL_TO_DECEL=500
G1 X168.078 Y169 F7200
SET_VELOCITY_LIMIT ACCEL=500 ACCEL_TO_DECEL=250
;TYPE:Sparse infill
;WIDTH:0.45
G1 F6000
G1 X166.449 Y169 E.05512
G1 X166.77 Y168.549 E.01875
G1 X166.995 Y168.325 E.01074
G1 X168.549 Y167.219 E.06457
G1 X168.773 Y166.995 E.01074
G1 X169 Y166.676 E.01326
G1 X169 Y163.567 E.10523
G1 X168.773 Y163.886 E.01326
G1 X168.549 Y164.11 E.01074
G1 X166.995 Y165.216 E.06457
G1 X166.77 Y165.44 E.01074
G1 X165.665 Y166.995 E.06457
G1 X165.44 Y167.219 E.01074
G1 X163.886 Y168.325 E.06457
G1 X163.662 Y168.549 E.01074
G1 X163.341 Y169 E.01875
G1 X160.232 Y169 E.10523
G1 X160.553 Y168.549 E.01875
G1 X160.777 Y168.325 E.01074
G1 X162.332 Y167.219 E.06457
G1 X162.556 Y166.995 E.01074
G1 X163.662 Y165.44 E.06457
G1 X163.886 Y165.216 E.01074
G1 X165.44 Y164.11 E.06457
G1 X165.665 Y163.886 E.01074
G1 X166.77 Y162.332 E.06457
G1 X166.995 Y162.107 E.01074
G1 X168.549 Y161.002 E.06457
G1 X168.773 Y160.777 E.01074
G1 X169 Y160.458 E.01326
G1 X169 Y157.349 E.10523
G1 X168.773 Y157.668 E.01326
G1 X168.549 Y157.893 E.01074
G1 X166.995 Y158.998 E.06457
G1 X166.77 Y159.223 E.01074
G1 X165.665 Y160.777 E.06457
G1 X165.44 Y161.002 E.01074
G1 X163.886 Y162.107 E.06457
G1 X163.662 Y162.332 E.01074
G1 X162.556 Y163.886 E.06457
G1 X162.332 Y164.11 E.01074
G1 X160.777 Y165.216 E.06457
G1 X160.553 Y165.44 E.01074
G1 X159.447 Y166.995 E.06457
G1 X159.223 Y167.219 E.01074
G1 X157.668 Y168.325 E.06457
G1 X157.444 Y168.549 E.01074
G1 X157.123 Y169 E.01875
G1 X154.014 Y169 E.10523
G1 X154.335 Y168.549 E.01875
G1 X154.56 Y168.325 E.01074
G1 X156.114 Y167.219 E.06457
G1 X156.338 Y166.995 E.01074
G1 X157.444 Y165.44 E.06457
G1 X157.668 Y165.216 E.01074
G1 X159.223 Y164.11 E.06457
G1 X159.447 Y163.886 E.01074
G1 X160.553 Y162.332 E.06457
G1 X160.777 Y162.107 E.01074
G1 X162.332 Y161.002 E.06457
G1 X162.556 Y160.777 E.01074
G1 X163.662 Y159.223 E.06457
G1 X163.886 Y158.998 E.01074
G1 X165.44 Y157.893 E.06457
G1 X165.665 Y157.668 E.01074
G1 X166.77 Y156.114 E.06457
G1 X166.995 Y155.89 E.01074
G1 X168.549 Y154.784 E.06457
G1 X168.773 Y154.56 E.01074
G1 X169 Y154.241 E.01326
G1 X169 Y151.132 E.10523
G1 X168.773 Y151.451 E.01326
G1 X168.549 Y151.675 E.01074
G1 X166.995 Y152.781 E.06457
G1 X166.77 Y153.005 E.01074
G1 X165.665 Y154.56 E.06457
G1 X165.44 Y154.784 E.01074
G1 X163.886 Y155.89 E.06457
G1 X163.662 Y156.114 E.01074
G1 X162.556 Y157.668 E.06457
G1 X162.332 Y157.893 E.01074
G1 X160.777 Y158.998 E.06457
G1 X160.553 Y159.223 E.01074
G1 X159.447 Y160.777 E.06457
G1 X159.223 Y161.002 E.01074
G1 X157.668 Y162.107 E.06457
G1 X157.444 Y162.332 E.01074
G1 X156.338 Y163.886 E.06457
G1 X156.114 Y164.11 E.01074
G1 X154.56 Y165.216 E.06457
G1 X154.335 Y165.44 E.01074
G1 X153.23 Y166.995 E.06457
G1 X153.005 Y167.219 E.01074
G1 X151.451 Y168.325 E.06457
G1 X151.227 Y168.549 E.01074
G1 X151 Y168.868 E.01326
G1 X151 Y165.759 E.10523
G1 X151.227 Y165.44 E.01326
G1 X151.451 Y165.216 E.01074
G1 X153.005 Y164.11 E.06457
G1 X153.23 Y163.886 E.01074
G1 X154.335 Y162.332 E.06457
G1 X154.56 Y162.107 E.01074
G1 X156.114 Y161.002 E.06457
G1 X156.338 Y160.777 E.01074
G1 X157.444 Y159.223 E.06457
G1 X157.668 Y158.998 E.01074
G1 X159.223 Y157.893 E.06457
G1 X159.447 Y157.668 E.01074
G1 X160.553 Y156.114 E.06457
G1 X160.777 Y155.89 E.01074
G1 X162.332 Y154.784 E.06457
G1 X162.556 Y154.56 E.01074
G1 X163.662 Y153.005 E.06457
G1 X163.886 Y152.781 E.01074
G1 X165.44 Y151.675 E.06457
G1 X165.665 Y151.451 E.01074
G1 X165.986 Y151 E.01875
G1 X162.877 Y151 E.10523
G1 X162.556 Y151.451 E.01875
G1 X162.332 Y151.675 E.01074
G1 X160.777 Y152.781 E.06457
G1 X160.553 Y153.005 E.01074
G1 X159.447 Y154.56 E.06457
G1 X159.223 Y154.784 E.01074
G1 X157.668 Y155.89 E.06457
G1 X157.444 Y156.114 E.01074
G1 X156.338 Y157.668 E.06457
G1 X156.114 Y157.893 E.01074
G1 X154.56 Y158.998 E.06457
G1 X154.335 Y159.223 E.01074
G1 X153.23 Y160.777 E.06457
G1 X153.005 Y161.002 E.01074
G1 X151.451 Y162.107 E.06457
G1 X151.227 Y162.332 E.01074
G1 X151 Y162.651 E.01326
G1 X151 Y159.542 E.10523
G1 X151.227 Y159.223 E.01326
G1 X151.451 Y158.998 E.01074
G1 X153.005 Y157.893 E.06457
G1 X153.23 Y157.668 E.01074
G1 X154.335 Y156.114 E.06457
G1 X154.56 Y155.89 E.01074
G1 X156.114 Y154.784 E.06457
G1 X156.338 Y154.56 E.01074
G1 X157.444 Y153.005 E.06457
G1 X157.668 Y152.781 E.01074
G1 X159.223 Y151.675 E.06457
G1 X159.447 Y151.451 E.01074
G1 X159.768 Y151 E.01875
G1 X156.659 Y151 E.10523
G1 X156.338 Y151.451 E.01875
G1 X156.114 Y151.675 E.01074
G1 X154.56 Y152.781 E.06457
G1 X154.335 Y153.005 E.01074
G1 X153.23 Y154.56 E.06457
G1 X153.005 Y154.784 E.01074
G1 X151.451 Y155.89 E.06457
G1 X151.227 Y156.114 E.01074
G1 X151 Y156.433 E.01326
G1 X151 Y153.324 E.10523
G1 X151.227 Y153.005 E.01326
G1 X151.451 Y152.781 E.01074
G1 X153.005 Y151.675 E.06457
G1 X153.23 Y151.451 E.01074
G1 X153.551 Y151 E.01875
G1 X151.922 Y151 E.05512
M400
G1 E-10 F1800
M73 P59 R25
G1 Z12.4 F7200
M104 S150 T1 ; standby
M104 S270 T0 ; pre-charge
M109 S270 T0
MOVE_TO_BRUSH_STATION
CLEAN_NOZZLE
MOVE_OUT_BRUSH_STATION
M106 P2 S127 ; fibre-side cooling, fan4
M106 P1 S0 ; part-cooling, fan3
T0 ; switch extruder type to:FIBER
; LAYER:60 [12.00]
M1001 L71
G1 F1200 Z13.20
G1 X151.11 Y151.11 F1200
G1 F1200 U55.000 ; Extrude restart
G1 F1200 Z12.00
G1 F600 V1.000 ; Recover matrix retract
G1 F600 V3.000 ; Matrix prime
G1 X167.45 Y151.11 V0.545 U16.017 P0.034 F1200
; Start to cut
M2800
M400
;CUT DISTANCE 54.8
G1 X168.89 Y151.11 V0.048 F1200
G1 X168.89 Y168.89 V0.593 F1200
G1 X151.11 Y168.89 V0.593 F1200
G1 X151.11 Y151.11 V0.593 F1200
; Cutting completed.
G1 F600 V-1.000 ; Retract
G1 F1200 Z12.60
M1002
M1001 L404
G1 F1200 Z13.20
G1 X151.76 Y152.11 F1200
G1 F1200 U55.000 ; Extrude restart
G1 F1200 Z12.00
G1 F600 V1.000 ; Recover matrix retract
G1 F600 V3.000 ; Matrix prime
G1 X168.24 Y152.11 V0.549 U16.156 P0.034 F1200
G1 X168.24 Y152.81 V0.023 U0.686 P0.034 F1200
G1 X151.76 Y152.81 V0.549 U16.156 P0.034 F1200
G1 X151.76 Y153.51 V0.023 U0.686 P0.034 F1200
G1 X168.24 Y153.51 V0.549 U16.156 P0.034 F1200
G1 X168.24 Y154.21 V0.023 U0.686 P0.034 F1200
G1 X151.76 Y154.21 V0.549 U16.156 P0.034 F1200
G1 X151.76 Y154.91 V0.023 U0.686 P0.034 F1200
G1 X168.24 Y154.91 V0.549 U16.156 P0.034 F1200
G1 X168.24 Y155.61 V0.023 U0.686 P0.034 F1200
G1 X151.76 Y155.61 V0.549 U16.156 P0.034 F1200
G1 X151.76 Y156.31 V0.023 U0.686 P0.034 F1200
G1 X168.24 Y156.31 V0.549 U16.156 P0.034 F1200
G1 X168.24 Y157.01 V0.023 U0.686 P0.034 F1200
G1 X151.76 Y157.01 V0.549 U16.156 P0.034 F1200
G1 X151.76 Y157.71 V0.023 U0.686 P0.034 F1200
G1 X168.24 Y157.71 V0.549 U16.156 P0.034 F1200
G1 X168.24 Y158.41 V0.023 U0.686 P0.034 F1200
G1 X151.76 Y158.41 V0.549 U16.156 P0.034 F1200
G1 X151.76 Y159.11 V0.023 U0.686 P0.034 F1200
G1 X168.24 Y159.11 V0.549 U16.156 P0.034 F1200
G1 X168.24 Y159.81 V0.023 U0.686 P0.034 F1200
G1 X151.76 Y159.81 V0.549 U16.156 P0.034 F1200
G1 X151.76 Y160.51 V0.023 U0.686 P0.034 F1200
G1 X168.24 Y160.51 V0.549 U16.156 P0.034 F1200
G1 X168.24 Y161.21 V0.023 U0.686 P0.034 F1200
G1 X151.76 Y161.21 V0.549 U16.156 P0.034 F1200
G1 X151.76 Y161.91 V0.023 U0.686 P0.034 F1200
G1 X168.24 Y161.91 V0.549 U16.156 P0.034 F1200
G1 X168.24 Y162.61 V0.023 U0.686 P0.034 F1200
G1 X151.76 Y162.61 V0.549 U16.156 P0.034 F1200
G1 X151.76 Y163.31 V0.023 U0.686 P0.034 F1200
G1 X168.24 Y163.31 V0.549 U16.156 P0.034 F1200
G1 X168.24 Y164.01 V0.023 U0.686 P0.034 F1200
G1 X151.76 Y164.01 V0.549 U16.156 P0.034 F1200
G1 X151.76 Y164.71 V0.023 U0.686 P0.034 F1200
M73 P59 R24
G1 X168.24 Y164.71 V0.549 U16.156 P0.034 F1200
G1 X168.24 Y165.41 V0.023 U0.686 P0.034 F1200
G1 X151.76 Y165.41 V0.549 U16.156 P0.034 F1200
G1 X151.76 Y166.11 V0.023 U0.686 P0.034 F1200
G1 X165.00 Y166.11 V0.441 U12.979 P0.034 F1200
; Start to cut
M2800
M400
;CUT DISTANCE 54.8
G1 X168.24 Y166.11 V0.108 F1200
G1 X168.24 Y166.81 V0.023 F1200
G1 X151.76 Y166.81 V0.549 F1200
G1 X151.76 Y167.51 V0.023 F1200
G1 X168.24 Y167.51 V0.549 F1200
G1 X168.24 Y168.21 V0.023 F1200
G1 X151.76 Y168.21 V0.549 F1200
; Cutting completed.
G1 F600 V-1.000 ; Retract
G1 F1200 Z12.60
M1002
M400
G1 F600 V-4.000 ; Toolchange matrix retract
M104 S180 T0 ; standby
M104 S250 T1 ; pre-charge
M109 S250 T1
MOVE_TO_BRUSH_STATION
CLEAN_NOZZLE
MOVE_OUT_BRUSH_STATION
M106 P2 S0 ; fibre-side cooling, fan4
M106 P1 S127 ; part-cooling, fan3
T1 ; switch extruder type to:PLASTIC
G1 Z12 F7200
G1 E10 F1800
;LAYER_CHANGE
;Z:12.2
;HEIGHT:0.2
;_SET_FAN_SPEED_CHANGING_LAYER
SET_VELOCITY_LIMIT ACCEL=1000 ACCEL_TO_DECEL=500
G1 E-.8 F1800
G1 X157.178 Y156.534 Z12.6 F7200
G1 X169.346 Y169.346 Z12.6 F7200
G1 Z12.2 F7200
G1 E.8 F1800
;TYPE:Inner wall
;WIDTH:0.449999
G1 F3600
G1 X150.654 Y169.346 E.6327
G1 X150.654 Y150.654 E.6327
G1 X169.346 Y150.654 E.6327
G1 X169.346 Y169.306 E.63135
SET_VELOCITY_LIMIT ACCEL=500 ACCEL_TO_DECEL=250
G1 X169.775 Y169.775 F7200
;TYPE:Outer wall
G1 F3600
G1 X150.225 Y169.775 E.66174
G1 X150.225 Y150.225 E.66174
G1 X169.775 Y150.225 E.66174
G1 X169.775 Y169.735 E.66039
SET_VELOCITY_LIMIT ACCEL=1000 ACCEL_TO_DECEL=500
G1 X169 Y168.172 F7200
SET_VELOCITY_LIMIT ACCEL=500 ACCEL_TO_DECEL=250
;TYPE:Sparse infill
;WIDTH:0.45
G1 F6000
G1 X169 Y166.543 E.05512
G1 X166.543 Y169 E.11762
G1 X163.435 Y169 E.10523
G1 X169 Y163.435 E.26643
G1 X169 Y165.063 E.05512
SET_VELOCITY_LIMIT ACCEL=1000 ACCEL_TO_DECEL=500
G1 E-.8 F1800
G1 X161.871 Y167.788 Z12.6 F7200
G1 X158.698 Y169 Z12.6 F7200
G1 Z12.2 F7200
G1 E.8 F1800
SET_VELOCITY_LIMIT ACCEL=500 ACCEL_TO_DECEL=250
G1 F6000
G1 X160.326 Y169 E.05512
G1 X169 Y160.326 E.41525
G1 X169 Y157.217 E.10523
G1 X157.217 Y169 E.56406
G1 X154.108 Y169 E.10523
G1 X169 Y154.108 E.71288
G1 X169 Y151 E.10523
G1 X151 Y169 E.86169
G1 X151 Y165.892 E.10523
G1 X165.892 Y151 E.71288
G1 X162.783 Y151 E.10523
G1 X151 Y162.783 E.56406
G1 X151 Y159.674 E.10523
G1 X159.674 Y151 E.41525
G1 X156.565 Y151 E.10523
G1 X151 Y156.565 E.26643
G1 X151 Y153.457 E.10523
G1 X153.457 Y151 E.11762
G1 X151.828 Y151 E.05512
M400
G1 E-10 F1800
G1 Z12.6 F7200
M104 S150 T1 ; standby
M104 S270 T0 ; pre-charge
M109 S270 T0
MOVE_TO_BRUSH_STATION
CLEAN_NOZZLE
MOVE_OUT_BRUSH_STATION
M106 P2 S132 ; fibre-side cooling, fan4
M106 P1 S0 ; part-cooling, fan3
T0 ; switch extruder type to:FIBER
; LAYER:61 [12.20]
M1001 L71
G1 F1200 Z13.40
G1 X151.11 Y151.11 F1200
G1 F1200 U55.000 ; Extrude restart
G1 F1200 Z12.20
G1 F600 V1.000 ; Recover matrix retract
G1 F600 V3.000 ; Matrix prime
G1 X167.45 Y151.11 V0.545 U16.017 P0.034 F1200
; Start to cut
M2800
M400
;CUT DISTANCE 54.8
G1 X168.89 Y151.11 V0.048 F1200
G1 X168.89 Y168.89 V0.593 F1200
G1 X151.11 Y168.89 V0.593 F1200
G1 X151.11 Y151.11 V0.593 F1200
M73 P60 R24
; Cutting completed.
G1 F600 V-1.000 ; Retract
G1 F1200 Z12.80
M1002
M1001 L404
G1 F1200 Z13.40
G1 X151.76 Y152.11 F1200
G1 F1200 U55.000 ; Extrude restart
G1 F1200 Z12.20
G1 F600 V1.000 ; Recover matrix retract
G1 F600 V3.000 ; Matrix prime
G1 X168.24 Y152.11 V0.549 U16.156 P0.034 F1200
G1 X168.24 Y152.81 V0.023 U0.686 P0.034 F1200
G1 X151.76 Y152.81 V0.549 U16.156 P0.034 F1200
G1 X151.76 Y153.51 V0.023 U0.686 P0.034 F1200
G1 X168.24 Y153.51 V0.549 U16.156 P0.034 F1200
G1 X168.24 Y154.21 V0.023 U0.686 P0.034 F1200
G1 X151.76 Y154.21 V0.549 U16.156 P0.034 F1200
G1 X151.76 Y154.91 V0.023 U0.686 P0.034 F1200
G1 X168.24 Y154.91 V0.549 U16.156 P0.034 F1200
G1 X168.24 Y155.61 V0.023 U0.686 P0.034 F1200
G1 X151.76 Y155.61 V0.549 U16.156 P0.034 F1200
G1 X151.76 Y156.31 V0.023 U0.686 P0.034 F1200
G1 X168.24 Y156.31 V0.549 U16.156 P0.034 F1200
G1 X168.24 Y157.01 V0.023 U0.686 P0.034 F1200
G1 X151.76 Y157.01 V0.549 U16.156 P0.034 F1200
G1 X151.76 Y157.71 V0.023 U0.686 P0.034 F1200
G1 X168.24 Y157.71 V0.549 U16.156 P0.034 F1200
G1 X168.24 Y158.41 V0.023 U0.686 P0.034 F1200
G1 X151.76 Y158.41 V0.549 U16.156 P0.034 F1200
G1 X151.76 Y159.11 V0.023 U0.686 P0.034 F1200
G1 X168.24 Y159.11 V0.549 U16.156 P0.034 F1200
G1 X168.24 Y159.81 V0.023 U0.686 P0.034 F1200
G1 X151.76 Y159.81 V0.549 U16.156 P0.034 F1200
G1 X151.76 Y160.51 V0.023 U0.686 P0.034 F1200
G1 X168.24 Y160.51 V0.549 U16.156 P0.034 F1200
G1 X168.24 Y161.21 V0.023 U0.686 P0.034 F1200
G1 X151.76 Y161.21 V0.549 U16.156 P0.034 F1200
G1 X151.76 Y161.91 V0.023 U0.686 P0.034 F1200
G1 X168.24 Y161.91 V0.549 U16.156 P0.034 F1200
G1 X168.24 Y162.61 V0.023 U0.686 P0.034 F1200
G1 X151.76 Y162.61 V0.549 U16.156 P0.034 F1200
G1 X151.76 Y163.31 V0.023 U0.686 P0.034 F1200
G1 X168.24 Y163.31 V0.549 U16.156 P0.034 F1200
G1 X168.24 Y164.01 V0.023 U0.686 P0.034 F1200
G1 X151.76 Y164.01 V0.549 U16.156 P0.034 F1200
G1 X151.76 Y164.71 V0.023 U0.686 P0.034 F1200
G1 X168.24 Y164.71 V0.549 U16.156 P0.034 F1200
G1 X168.24 Y165.41 V0.023 U0.686 P0.034 F1200
G1 X151.76 Y165.41 V0.549 U16.156 P0.034 F1200
G1 X151.76 Y166.11 V0.023 U0.686 P0.034 F1200
G1 X165.00 Y166.11 V0.441 U12.979 P0.034 F1200
; Start to cut
M2800
M400
;CUT DISTANCE 54.8
G1 X168.24 Y166.11 V0.108 F1200
G1 X168.24 Y166.81 V0.023 F1200
G1 X151.76 Y166.81 V0.549 F1200
G1 X151.76 Y167.51 V0.023 F1200
G1 X168.24 Y167.51 V0.549 F1200
G1 X168.24 Y168.21 V0.023 F1200
G1 X151.76 Y168.21 V0.549 F1200
; Cutting completed.
G1 F600 V-1.000 ; Retract
G1 F1200 Z12.80
M1002
M400
G1 F600 V-4.000 ; Toolchange matrix retract
M104 S180 T0 ; standby
M104 S250 T1 ; pre-charge
M109 S250 T1
MOVE_TO_BRUSH_STATION
CLEAN_NOZZLE
MOVE_OUT_BRUSH_STATION
M106 P2 S0 ; fibre-side cooling, fan4
M106 P1 S132 ; part-cooling, fan3
T1 ; switch extruder type to:PLASTIC
G1 Z12.2 F7200
G1 E10 F1800
M106 S130
;LAYER_CHANGE
;Z:12.4
;HEIGHT:0.2
;_SET_FAN_SPEED_CHANGING_LAYER
SET_VELOCITY_LIMIT ACCEL=1000 ACCEL_TO_DECEL=500
G1 E-.8 F1800
G1 X157.099 Y156.52 Z12.8 F7200
G1 X169.346 Y169.346 Z12.8 F7200
G1 Z12.4 F7200
G1 E.8 F1800
;TYPE:Inner wall
;WIDTH:0.449999
G1 F3600
G1 X150.654 Y169.346 E.6327
G1 X150.654 Y150.654 E.6327
G1 X169.346 Y150.654 E.6327
G1 X169.346 Y169.306 E.63135
SET_VELOCITY_LIMIT ACCEL=500 ACCEL_TO_DECEL=250
G1 X169.775 Y169.775 F7200
;TYPE:Outer wall
G1 F3600
G1 X150.225 Y169.775 E.66174
G1 X150.225 Y150.225 E.66174
G1 X169.775 Y150.225 E.66174
G1 X169.775 Y169.735 E.66039
SET_VELOCITY_LIMIT ACCEL=1000 ACCEL_TO_DECEL=500
G1 X169 Y168.172 F7200
SET_VELOCITY_LIMIT ACCEL=500 ACCEL_TO_DECEL=250
;TYPE:Sparse infill
;WIDTH:0.45
G1 F6000
G1 X169 Y166.543 E.05512
G1 X166.543 Y169 E.11762
G1 X163.435 Y169 E.10523
G1 X169 Y163.435 E.26643
G1 X169 Y165.063 E.05512
SET_VELOCITY_LIMIT ACCEL=1000 ACCEL_TO_DECEL=500
G1 E-.8 F1800
G1 X161.871 Y167.788 Z12.8 F7200
G1 X158.698 Y169 Z12.8 F7200
G1 Z12.4 F7200
G1 E.8 F1800
SET_VELOCITY_LIMIT ACCEL=500 ACCEL_TO_DECEL=250
G1 F6000
G1 X160.326 Y169 E.05512
G1 X169 Y160.326 E.41525
G1 X169 Y157.217 E.10523
G1 X157.217 Y169 E.56406
G1 X154.108 Y169 E.10523
G1 X169 Y154.108 E.71288
G1 X169 Y151 E.10523
G1 X151 Y169 E.86169
G1 X151 Y165.892 E.10523
G1 X165.892 Y151 E.71288
G1 X162.783 Y151 E.10523
G1 X151 Y162.783 E.56406
G1 X151 Y159.674 E.10523
G1 X159.674 Y151 E.41525
G1 X156.565 Y151 E.10523
G1 X151 Y156.565 E.26643
G1 X151 Y153.457 E.10523
G1 X153.457 Y151 E.11762
G1 X151.828 Y151 E.05512
M400
G1 E-10 F1800
G1 Z12.8 F7200
M104 S150 T1 ; standby
M104 S270 T0 ; pre-charge
M109 S270 T0
MOVE_TO_BRUSH_STATION
CLEAN_NOZZLE
MOVE_OUT_BRUSH_STATION
M106 P2 S132 ; fibre-side cooling, fan4
M106 P1 S0 ; part-cooling, fan3
T0 ; switch extruder type to:FIBER
; LAYER:62 [12.40]
M1001 L71
G1 F1200 Z13.60
G1 X151.11 Y151.11 F1200
G1 F1200 U55.000 ; Extrude restart
G1 F1200 Z12.40
G1 F600 V1.000 ; Recover matrix retract
G1 F600 V3.000 ; Matrix prime
G1 X167.45 Y151.11 V0.545 U16.017 P0.034 F1200
; Start to cut
M2800
M400
;CUT DISTANCE 54.8
G1 X168.89 Y151.11 V0.048 F1200
G1 X168.89 Y168.89 V0.593 F1200
G1 X151.11 Y168.89 V0.593 F1200
G1 X151.11 Y151.11 V0.593 F1200
; Cutting completed.
G1 F600 V-1.000 ; Retract
G1 F1200 Z13.00
M1002
M1001 L404
G1 F1200 Z13.60
G1 X167.89 Y151.76 F1200
G1 F1200 U55.000 ; Extrude restart
G1 F1200 Z12.40
G1 F600 V1.000 ; Recover matrix retract
G1 F600 V3.000 ; Matrix prime
G1 X167.89 Y168.24 V0.549 U16.156 P0.034 F1200
G1 X167.19 Y168.24 V0.023 U0.686 P0.034 F1200
M73 P61 R24
G1 X167.19 Y151.76 V0.549 U16.156 P0.034 F1200
G1 X166.49 Y151.76 V0.023 U0.686 P0.034 F1200
G1 X166.49 Y168.24 V0.549 U16.156 P0.034 F1200
G1 X165.79 Y168.24 V0.023 U0.686 P0.034 F1200
G1 X165.79 Y151.76 V0.549 U16.156 P0.034 F1200
G1 X165.09 Y151.76 V0.023 U0.686 P0.034 F1200
G1 X165.09 Y168.24 V0.549 U16.156 P0.034 F1200
G1 X164.39 Y168.24 V0.023 U0.686 P0.034 F1200
G1 X164.39 Y151.76 V0.549 U16.156 P0.034 F1200
G1 X163.69 Y151.76 V0.023 U0.686 P0.034 F1200
G1 X163.69 Y168.24 V0.549 U16.156 P0.034 F1200
G1 X162.99 Y168.24 V0.023 U0.686 P0.034 F1200
M73 P61 R23
G1 X162.99 Y151.76 V0.549 U16.156 P0.034 F1200
G1 X162.29 Y151.76 V0.023 U0.686 P0.034 F1200
G1 X162.29 Y168.24 V0.549 U16.156 P0.034 F1200
G1 X161.59 Y168.24 V0.023 U0.686 P0.034 F1200
G1 X161.59 Y151.76 V0.549 U16.156 P0.034 F1200
G1 X160.89 Y151.76 V0.023 U0.686 P0.034 F1200
G1 X160.89 Y168.24 V0.549 U16.156 P0.034 F1200
G1 X160.19 Y168.24 V0.023 U0.686 P0.034 F1200
G1 X160.19 Y151.76 V0.549 U16.156 P0.034 F1200
G1 X159.49 Y151.76 V0.023 U0.686 P0.034 F1200
G1 X159.49 Y168.24 V0.549 U16.156 P0.034 F1200
G1 X158.79 Y168.24 V0.023 U0.686 P0.034 F1200
G1 X158.79 Y151.76 V0.549 U16.156 P0.034 F1200
G1 X158.09 Y151.76 V0.023 U0.686 P0.034 F1200
G1 X158.09 Y168.24 V0.549 U16.156 P0.034 F1200
G1 X157.39 Y168.24 V0.023 U0.686 P0.034 F1200
G1 X157.39 Y151.76 V0.549 U16.156 P0.034 F1200
G1 X156.69 Y151.76 V0.023 U0.686 P0.034 F1200
G1 X156.69 Y168.24 V0.549 U16.156 P0.034 F1200
G1 X155.99 Y168.24 V0.023 U0.686 P0.034 F1200
G1 X155.99 Y151.76 V0.549 U16.156 P0.034 F1200
G1 X155.29 Y151.76 V0.023 U0.686 P0.034 F1200
G1 X155.29 Y168.24 V0.549 U16.156 P0.034 F1200
G1 X154.59 Y168.24 V0.023 U0.686 P0.034 F1200
G1 X154.59 Y151.76 V0.549 U16.156 P0.034 F1200
G1 X153.89 Y151.76 V0.023 U0.686 P0.034 F1200
G1 X153.89 Y165.00 V0.441 U12.979 P0.034 F1200
; Start to cut
M2800
M400
;CUT DISTANCE 54.8
G1 X153.89 Y168.24 V0.108 F1200
G1 X153.19 Y168.24 V0.023 F1200
G1 X153.19 Y151.76 V0.549 F1200
G1 X152.49 Y151.76 V0.023 F1200
G1 X152.49 Y168.24 V0.549 F1200
G1 X151.79 Y168.24 V0.023 F1200
G1 X151.79 Y151.76 V0.549 F1200
; Cutting completed.
G1 F600 V-1.000 ; Retract
G1 F1200 Z13.00
M1002
M400
G1 F600 V-4.000 ; Toolchange matrix retract
M104 S180 T0 ; standby
M104 S250 T1 ; pre-charge
M109 S250 T1
MOVE_TO_BRUSH_STATION
CLEAN_NOZZLE
MOVE_OUT_BRUSH_STATION
M106 P2 S0 ; fibre-side cooling, fan4
M106 P1 S132 ; part-cooling, fan3
T1 ; switch extruder type to:PLASTIC
G1 Z12.4 F7200
G1 E10 F1800
M106 S132
;LAYER_CHANGE
;Z:12.6
;HEIGHT:0.200001
;_SET_FAN_SPEED_CHANGING_LAYER
SET_VELOCITY_LIMIT ACCEL=1000 ACCEL_TO_DECEL=500
G1 E-.8 F1800
G1 X157.099 Y156.52 Z13 F7200
G1 X169.346 Y169.346 Z13 F7200
G1 Z12.6 F7200
G1 E.8 F1800
;TYPE:Inner wall
;WIDTH:0.449999
G1 F3600
G1 X150.654 Y169.346 E.6327
G1 X150.654 Y150.654 E.6327
G1 X169.346 Y150.654 E.6327
G1 X169.346 Y169.306 E.63135
SET_VELOCITY_LIMIT ACCEL=500 ACCEL_TO_DECEL=250
G1 X169.775 Y169.775 F7200
;TYPE:Outer wall
G1 F3600
G1 X150.225 Y169.775 E.66174
G1 X150.225 Y150.225 E.66174
G1 X169.775 Y150.225 E.66174
G1 X169.775 Y169.735 E.66039
SET_VELOCITY_LIMIT ACCEL=1000 ACCEL_TO_DECEL=500
G1 X169 Y168.172 F7200
SET_VELOCITY_LIMIT ACCEL=500 ACCEL_TO_DECEL=250
;TYPE:Sparse infill
;WIDTH:0.45
G1 F6000
G1 X169 Y166.543 E.05512
G1 X166.543 Y169 E.11762
G1 X163.435 Y169 E.10523
G1 X169 Y163.435 E.26643
G1 X169 Y165.063 E.05512
SET_VELOCITY_LIMIT ACCEL=1000 ACCEL_TO_DECEL=500
G1 E-.8 F1800
G1 X161.871 Y167.788 Z13 F7200
G1 X158.698 Y169 Z13 F7200
G1 Z12.6 F7200
G1 E.8 F1800
SET_VELOCITY_LIMIT ACCEL=500 ACCEL_TO_DECEL=250
G1 F6000
G1 X160.326 Y169 E.05512
G1 X169 Y160.326 E.41525
G1 X169 Y157.217 E.10523
G1 X157.217 Y169 E.56406
G1 X154.108 Y169 E.10523
G1 X169 Y154.108 E.71288
G1 X169 Y151 E.10523
G1 X151 Y169 E.86169
G1 X151 Y165.892 E.10523
G1 X165.892 Y151 E.71288
G1 X162.783 Y151 E.10523
G1 X151 Y162.783 E.56406
G1 X151 Y159.674 E.10523
G1 X159.674 Y151 E.41525
G1 X156.565 Y151 E.10523
G1 X151 Y156.565 E.26643
G1 X151 Y153.457 E.10523
G1 X153.457 Y151 E.11762
G1 X151.828 Y151 E.05512
M400
G1 E-10 F1800
G1 Z13 F7200
M104 S150 T1 ; standby
M104 S270 T0 ; pre-charge
M109 S270 T0
MOVE_TO_BRUSH_STATION
CLEAN_NOZZLE
MOVE_OUT_BRUSH_STATION
M106 P2 S130 ; fibre-side cooling, fan4
M106 P1 S0 ; part-cooling, fan3
T0 ; switch extruder type to:FIBER
; LAYER:63 [12.60]
M1001 L71
G1 F1200 Z13.80
G1 X151.11 Y151.11 F1200
G1 F1200 U55.000 ; Extrude restart
G1 F1200 Z12.60
G1 F600 V1.000 ; Recover matrix retract
G1 F600 V3.000 ; Matrix prime
G1 X167.45 Y151.11 V0.545 U16.017 P0.034 F1200
; Start to cut
M2800
M400
;CUT DISTANCE 54.8
G1 X168.89 Y151.11 V0.048 F1200
G1 X168.89 Y168.89 V0.593 F1200
G1 X151.11 Y168.89 V0.593 F1200
G1 X151.11 Y151.11 V0.593 F1200
; Cutting completed.
G1 F600 V-1.000 ; Retract
G1 F1200 Z13.20
M1002
M1001 L404
G1 F1200 Z13.80
G1 X151.76 Y152.11 F1200
G1 F1200 U55.000 ; Extrude restart
G1 F1200 Z12.60
G1 F600 V1.000 ; Recover matrix retract
G1 F600 V3.000 ; Matrix prime
G1 X168.24 Y152.11 V0.549 U16.156 P0.034 F1200
G1 X168.24 Y152.81 V0.023 U0.686 P0.034 F1200
G1 X151.76 Y152.81 V0.549 U16.156 P0.034 F1200
G1 X151.76 Y153.51 V0.023 U0.686 P0.034 F1200
G1 X168.24 Y153.51 V0.549 U16.156 P0.034 F1200
G1 X168.24 Y154.21 V0.023 U0.686 P0.034 F1200
G1 X151.76 Y154.21 V0.549 U16.156 P0.034 F1200
G1 X151.76 Y154.91 V0.023 U0.686 P0.034 F1200
M73 P62 R23
G1 X168.24 Y154.91 V0.549 U16.156 P0.034 F1200
G1 X168.24 Y155.61 V0.023 U0.686 P0.034 F1200
G1 X151.76 Y155.61 V0.549 U16.156 P0.034 F1200
G1 X151.76 Y156.31 V0.023 U0.686 P0.034 F1200
G1 X168.24 Y156.31 V0.549 U16.156 P0.034 F1200
G1 X168.24 Y157.01 V0.023 U0.686 P0.034 F1200
G1 X151.76 Y157.01 V0.549 U16.156 P0.034 F1200
G1 X151.76 Y157.71 V0.023 U0.686 P0.034 F1200
G1 X168.24 Y157.71 V0.549 U16.156 P0.034 F1200
G1 X168.24 Y158.41 V0.023 U0.686 P0.034 F1200
G1 X151.76 Y158.41 V0.549 U16.156 P0.034 F1200
G1 X151.76 Y159.11 V0.023 U0.686 P0.034 F1200
G1 X168.24 Y159.11 V0.549 U16.156 P0.034 F1200
G1 X168.24 Y159.81 V0.023 U0.686 P0.034 F1200
G1 X151.76 Y159.81 V0.549 U16.156 P0.034 F1200
G1 X151.76 Y160.51 V0.023 U0.686 P0.034 F1200
G1 X168.24 Y160.51 V0.549 U16.156 P0.034 F1200
G1 X168.24 Y161.21 V0.023 U0.686 P0.034 F1200
G1 X151.76 Y161.21 V0.549 U16.156 P0.034 F1200
G1 X151.76 Y161.91 V0.023 U0.686 P0.034 F1200
G1 X168.24 Y161.91 V0.549 U16.156 P0.034 F1200
G1 X168.24 Y162.61 V0.023 U0.686 P0.034 F1200
G1 X151.76 Y162.61 V0.549 U16.156 P0.034 F1200
G1 X151.76 Y163.31 V0.023 U0.686 P0.034 F1200
G1 X168.24 Y163.31 V0.549 U16.156 P0.034 F1200
G1 X168.24 Y164.01 V0.023 U0.686 P0.034 F1200
G1 X151.76 Y164.01 V0.549 U16.156 P0.034 F1200
G1 X151.76 Y164.71 V0.023 U0.686 P0.034 F1200
G1 X168.24 Y164.71 V0.549 U16.156 P0.034 F1200
G1 X168.24 Y165.41 V0.023 U0.686 P0.034 F1200
G1 X151.76 Y165.41 V0.549 U16.156 P0.034 F1200
G1 X151.76 Y166.11 V0.023 U0.686 P0.034 F1200
G1 X165.00 Y166.11 V0.441 U12.979 P0.034 F1200
; Start to cut
M2800
M400
;CUT DISTANCE 54.8
G1 X168.24 Y166.11 V0.108 F1200
G1 X168.24 Y166.81 V0.023 F1200
G1 X151.76 Y166.81 V0.549 F1200
G1 X151.76 Y167.51 V0.023 F1200
G1 X168.24 Y167.51 V0.549 F1200
G1 X168.24 Y168.21 V0.023 F1200
G1 X151.76 Y168.21 V0.549 F1200
; Cutting completed.
G1 F600 V-1.000 ; Retract
G1 F1200 Z13.20
M1002
M400
G1 F600 V-4.000 ; Toolchange matrix retract
M104 S180 T0 ; standby
M104 S250 T1 ; pre-charge
M109 S250 T1
MOVE_TO_BRUSH_STATION
CLEAN_NOZZLE
MOVE_OUT_BRUSH_STATION
M106 P2 S0 ; fibre-side cooling, fan4
M106 P1 S130 ; part-cooling, fan3
T1 ; switch extruder type to:PLASTIC
G1 Z12.6 F7200
G1 E10 F1800
;LAYER_CHANGE
;Z:12.8
;HEIGHT:0.2
;_SET_FAN_SPEED_CHANGING_LAYER
SET_VELOCITY_LIMIT ACCEL=1000 ACCEL_TO_DECEL=500
G1 E-.8 F1800
G1 X157.099 Y156.52 Z13.2 F7200
G1 X169.346 Y169.346 Z13.2 F7200
G1 Z12.8 F7200
G1 E.8 F1800
;TYPE:Inner wall
;WIDTH:0.449999
G1 F3600
G1 X150.654 Y169.346 E.6327
G1 X150.654 Y150.654 E.6327
G1 X169.346 Y150.654 E.6327
G1 X169.346 Y169.306 E.63135
SET_VELOCITY_LIMIT ACCEL=500 ACCEL_TO_DECEL=250
G1 X169.775 Y169.775 F7200
;TYPE:Outer wall
G1 F3600
G1 X150.225 Y169.775 E.66174
G1 X150.225 Y150.225 E.66174
G1 X169.775 Y150.225 E.66174
G1 X169.775 Y169.735 E.66039
SET_VELOCITY_LIMIT ACCEL=1000 ACCEL_TO_DECEL=500
G1 X169 Y168.172 F7200
SET_VELOCITY_LIMIT ACCEL=500 ACCEL_TO_DECEL=250
;TYPE:Sparse infill
;WIDTH:0.45
G1 F6000
G1 X169 Y166.543 E.05512
G1 X166.543 Y169 E.11762
G1 X163.435 Y169 E.10523
G1 X169 Y163.435 E.26643
G1 X169 Y165.063 E.05512
SET_VELOCITY_LIMIT ACCEL=1000 ACCEL_TO_DECEL=500
G1 E-.8 F1800
G1 X161.871 Y167.788 Z13.2 F7200
G1 X158.698 Y169 Z13.2 F7200
G1 Z12.8 F7200
G1 E.8 F1800
SET_VELOCITY_LIMIT ACCEL=500 ACCEL_TO_DECEL=250
G1 F6000
G1 X160.326 Y169 E.05512
G1 X169 Y160.326 E.41525
G1 X169 Y157.217 E.10523
G1 X157.217 Y169 E.56406
G1 X154.108 Y169 E.10523
G1 X169 Y154.108 E.71288
G1 X169 Y151 E.10523
G1 X151 Y169 E.86169
G1 X151 Y165.892 E.10523
G1 X165.892 Y151 E.71288
G1 X162.783 Y151 E.10523
G1 X151 Y162.783 E.56406
G1 X151 Y159.674 E.10523
G1 X159.674 Y151 E.41525
G1 X156.565 Y151 E.10523
G1 X151 Y156.565 E.26643
G1 X151 Y153.457 E.10523
G1 X153.457 Y151 E.11762
G1 X151.828 Y151 E.05512
M400
G1 E-10 F1800
G1 Z13.2 F7200
M104 S150 T1 ; standby
M104 S270 T0 ; pre-charge
M109 S270 T0
MOVE_TO_BRUSH_STATION
CLEAN_NOZZLE
MOVE_OUT_BRUSH_STATION
M106 P2 S132 ; fibre-side cooling, fan4
M106 P1 S0 ; part-cooling, fan3
T0 ; switch extruder type to:FIBER
; LAYER:64 [12.80]
M1001 L71
G1 F1200 Z14.00
G1 X151.11 Y151.11 F1200
G1 F1200 U55.000 ; Extrude restart
G1 F1200 Z12.80
G1 F600 V1.000 ; Recover matrix retract
G1 F600 V3.000 ; Matrix prime
G1 X167.45 Y151.11 V0.545 U16.017 P0.034 F1200
; Start to cut
M2800
M400
;CUT DISTANCE 54.8
G1 X168.89 Y151.11 V0.048 F1200
G1 X168.89 Y168.89 V0.593 F1200
G1 X151.11 Y168.89 V0.593 F1200
M73 P62 R22
G1 X151.11 Y151.11 V0.593 F1200
; Cutting completed.
G1 F600 V-1.000 ; Retract
G1 F1200 Z13.40
M1002
M1001 L404
G1 F1200 Z14.00
G1 X151.76 Y152.11 F1200
G1 F1200 U55.000 ; Extrude restart
G1 F1200 Z12.80
G1 F600 V1.000 ; Recover matrix retract
G1 F600 V3.000 ; Matrix prime
G1 X168.24 Y152.11 V0.549 U16.156 P0.034 F1200
G1 X168.24 Y152.81 V0.023 U0.686 P0.034 F1200
G1 X151.76 Y152.81 V0.549 U16.156 P0.034 F1200
G1 X151.76 Y153.51 V0.023 U0.686 P0.034 F1200
G1 X168.24 Y153.51 V0.549 U16.156 P0.034 F1200
G1 X168.24 Y154.21 V0.023 U0.686 P0.034 F1200
G1 X151.76 Y154.21 V0.549 U16.156 P0.034 F1200
G1 X151.76 Y154.91 V0.023 U0.686 P0.034 F1200
G1 X168.24 Y154.91 V0.549 U16.156 P0.034 F1200
G1 X168.24 Y155.61 V0.023 U0.686 P0.034 F1200
G1 X151.76 Y155.61 V0.549 U16.156 P0.034 F1200
G1 X151.76 Y156.31 V0.023 U0.686 P0.034 F1200
G1 X168.24 Y156.31 V0.549 U16.156 P0.034 F1200
G1 X168.24 Y157.01 V0.023 U0.686 P0.034 F1200
M73 P63 R22
G1 X151.76 Y157.01 V0.549 U16.156 P0.034 F1200
G1 X151.76 Y157.71 V0.023 U0.686 P0.034 F1200
G1 X168.24 Y157.71 V0.549 U16.156 P0.034 F1200
G1 X168.24 Y158.41 V0.023 U0.686 P0.034 F1200
G1 X151.76 Y158.41 V0.549 U16.156 P0.034 F1200
G1 X151.76 Y159.11 V0.023 U0.686 P0.034 F1200
G1 X168.24 Y159.11 V0.549 U16.156 P0.034 F1200
G1 X168.24 Y159.81 V0.023 U0.686 P0.034 F1200
G1 X151.76 Y159.81 V0.549 U16.156 P0.034 F1200
G1 X151.76 Y160.51 V0.023 U0.686 P0.034 F1200
G1 X168.24 Y160.51 V0.549 U16.156 P0.034 F1200
G1 X168.24 Y161.21 V0.023 U0.686 P0.034 F1200
G1 X151.76 Y161.21 V0.549 U16.156 P0.034 F1200
G1 X151.76 Y161.91 V0.023 U0.686 P0.034 F1200
G1 X168.24 Y161.91 V0.549 U16.156 P0.034 F1200
G1 X168.24 Y162.61 V0.023 U0.686 P0.034 F1200
G1 X151.76 Y162.61 V0.549 U16.156 P0.034 F1200
G1 X151.76 Y163.31 V0.023 U0.686 P0.034 F1200
G1 X168.24 Y163.31 V0.549 U16.156 P0.034 F1200
G1 X168.24 Y164.01 V0.023 U0.686 P0.034 F1200
G1 X151.76 Y164.01 V0.549 U16.156 P0.034 F1200
G1 X151.76 Y164.71 V0.023 U0.686 P0.034 F1200
G1 X168.24 Y164.71 V0.549 U16.156 P0.034 F1200
G1 X168.24 Y165.41 V0.023 U0.686 P0.034 F1200
G1 X151.76 Y165.41 V0.549 U16.156 P0.034 F1200
G1 X151.76 Y166.11 V0.023 U0.686 P0.034 F1200
G1 X165.00 Y166.11 V0.441 U12.979 P0.034 F1200
; Start to cut
M2800
M400
;CUT DISTANCE 54.8
G1 X168.24 Y166.11 V0.108 F1200
G1 X168.24 Y166.81 V0.023 F1200
G1 X151.76 Y166.81 V0.549 F1200
G1 X151.76 Y167.51 V0.023 F1200
G1 X168.24 Y167.51 V0.549 F1200
G1 X168.24 Y168.21 V0.023 F1200
G1 X151.76 Y168.21 V0.549 F1200
; Cutting completed.
G1 F600 V-1.000 ; Retract
G1 F1200 Z13.40
M1002
M400
G1 F600 V-4.000 ; Toolchange matrix retract
M104 S180 T0 ; standby
M104 S250 T1 ; pre-charge
M109 S250 T1
MOVE_TO_BRUSH_STATION
CLEAN_NOZZLE
MOVE_OUT_BRUSH_STATION
M106 P2 S0 ; fibre-side cooling, fan4
M106 P1 S132 ; part-cooling, fan3
T1 ; switch extruder type to:PLASTIC
G1 Z12.8 F7200
G1 E10 F1800
M106 S130
;LAYER_CHANGE
;Z:13
;HEIGHT:0.2
;_SET_FAN_SPEED_CHANGING_LAYER
SET_VELOCITY_LIMIT ACCEL=1000 ACCEL_TO_DECEL=500
G1 E-.8 F1800
G1 X157.099 Y156.52 Z13.4 F7200
G1 X169.346 Y169.346 Z13.4 F7200
G1 Z13 F7200
G1 E.8 F1800
;TYPE:Inner wall
;WIDTH:0.449999
G1 F3600
G1 X150.654 Y169.346 E.6327
G1 X150.654 Y150.654 E.6327
G1 X169.346 Y150.654 E.6327
G1 X169.346 Y169.306 E.63135
SET_VELOCITY_LIMIT ACCEL=500 ACCEL_TO_DECEL=250
G1 X169.775 Y169.775 F7200
;TYPE:Outer wall
G1 F3600
G1 X150.225 Y169.775 E.66174
G1 X150.225 Y150.225 E.66174
G1 X169.775 Y150.225 E.66174
G1 X169.775 Y169.735 E.66039
SET_VELOCITY_LIMIT ACCEL=1000 ACCEL_TO_DECEL=500
G1 X169 Y168.172 F7200
SET_VELOCITY_LIMIT ACCEL=500 ACCEL_TO_DECEL=250
;TYPE:Sparse infill
;WIDTH:0.45
G1 F6000
G1 X169 Y166.543 E.05512
G1 X166.543 Y169 E.11762
G1 X163.435 Y169 E.10523
G1 X169 Y163.435 E.26643
G1 X169 Y165.063 E.05512
SET_VELOCITY_LIMIT ACCEL=1000 ACCEL_TO_DECEL=500
G1 E-.8 F1800
G1 X161.871 Y167.788 Z13.4 F7200
G1 X158.698 Y169 Z13.4 F7200
G1 Z13 F7200
G1 E.8 F1800
SET_VELOCITY_LIMIT ACCEL=500 ACCEL_TO_DECEL=250
G1 F6000
G1 X160.326 Y169 E.05512
G1 X169 Y160.326 E.41525
G1 X169 Y157.217 E.10523
G1 X157.217 Y169 E.56406
G1 X154.108 Y169 E.10523
G1 X169 Y154.108 E.71288
G1 X169 Y151 E.10523
G1 X151 Y169 E.86169
G1 X151 Y165.892 E.10523
G1 X165.892 Y151 E.71288
G1 X162.783 Y151 E.10523
G1 X151 Y162.783 E.56406
G1 X151 Y159.674 E.10523
G1 X159.674 Y151 E.41525
G1 X156.565 Y151 E.10523
G1 X151 Y156.565 E.26643
G1 X151 Y153.457 E.10523
G1 X153.457 Y151 E.11762
G1 X151.828 Y151 E.05512
M400
G1 E-10 F1800
G1 Z13.4 F7200
M104 S150 T1 ; standby
M104 S270 T0 ; pre-charge
M109 S270 T0
MOVE_TO_BRUSH_STATION
CLEAN_NOZZLE
MOVE_OUT_BRUSH_STATION
M106 P2 S132 ; fibre-side cooling, fan4
M106 P1 S0 ; part-cooling, fan3
T0 ; switch extruder type to:FIBER
; LAYER:65 [13.00]
M1001 L71
G1 F1200 Z14.20
G1 X151.11 Y151.11 F1200
G1 F1200 U55.000 ; Extrude restart
G1 F1200 Z13.00
G1 F600 V1.000 ; Recover matrix retract
G1 F600 V3.000 ; Matrix prime
G1 X167.45 Y151.11 V0.545 U16.017 P0.034 F1200
; Start to cut
M2800
M400
;CUT DISTANCE 54.8
G1 X168.89 Y151.11 V0.048 F1200
G1 X168.89 Y168.89 V0.593 F1200
G1 X151.11 Y168.89 V0.593 F1200
G1 X151.11 Y151.11 V0.593 F1200
; Cutting completed.
G1 F600 V-1.000 ; Retract
G1 F1200 Z13.60
M1002
M1001 L404
G1 F1200 Z14.20
G1 X167.89 Y151.76 F1200
G1 F1200 U55.000 ; Extrude restart
G1 F1200 Z13.00
G1 F600 V1.000 ; Recover matrix retract
G1 F600 V3.000 ; Matrix prime
G1 X167.89 Y168.24 V0.549 U16.156 P0.034 F1200
G1 X167.19 Y168.24 V0.023 U0.686 P0.034 F1200
G1 X167.19 Y151.76 V0.549 U16.156 P0.034 F1200
G1 X166.49 Y151.76 V0.023 U0.686 P0.034 F1200
G1 X166.49 Y168.24 V0.549 U16.156 P0.034 F1200
G1 X165.79 Y168.24 V0.023 U0.686 P0.034 F1200
G1 X165.79 Y151.76 V0.549 U16.156 P0.034 F1200
G1 X165.09 Y151.76 V0.023 U0.686 P0.034 F1200
G1 X165.09 Y168.24 V0.549 U16.156 P0.034 F1200
G1 X164.39 Y168.24 V0.023 U0.686 P0.034 F1200
G1 X164.39 Y151.76 V0.549 U16.156 P0.034 F1200
G1 X163.69 Y151.76 V0.023 U0.686 P0.034 F1200
G1 X163.69 Y168.24 V0.549 U16.156 P0.034 F1200
G1 X162.99 Y168.24 V0.023 U0.686 P0.034 F1200
G1 X162.99 Y151.76 V0.549 U16.156 P0.034 F1200
G1 X162.29 Y151.76 V0.023 U0.686 P0.034 F1200
G1 X162.29 Y168.24 V0.549 U16.156 P0.034 F1200
G1 X161.59 Y168.24 V0.023 U0.686 P0.034 F1200
M73 P64 R22
G1 X161.59 Y151.76 V0.549 U16.156 P0.034 F1200
G1 X160.89 Y151.76 V0.023 U0.686 P0.034 F1200
G1 X160.89 Y168.24 V0.549 U16.156 P0.034 F1200
G1 X160.19 Y168.24 V0.023 U0.686 P0.034 F1200
G1 X160.19 Y151.76 V0.549 U16.156 P0.034 F1200
G1 X159.49 Y151.76 V0.023 U0.686 P0.034 F1200
G1 X159.49 Y168.24 V0.549 U16.156 P0.034 F1200
G1 X158.79 Y168.24 V0.023 U0.686 P0.034 F1200
G1 X158.79 Y151.76 V0.549 U16.156 P0.034 F1200
G1 X158.09 Y151.76 V0.023 U0.686 P0.034 F1200
G1 X158.09 Y168.24 V0.549 U16.156 P0.034 F1200
G1 X157.39 Y168.24 V0.023 U0.686 P0.034 F1200
G1 X157.39 Y151.76 V0.549 U16.156 P0.034 F1200
G1 X156.69 Y151.76 V0.023 U0.686 P0.034 F1200
G1 X156.69 Y168.24 V0.549 U16.156 P0.034 F1200
G1 X155.99 Y168.24 V0.023 U0.686 P0.034 F1200
G1 X155.99 Y151.76 V0.549 U16.156 P0.034 F1200
G1 X155.29 Y151.76 V0.023 U0.686 P0.034 F1200
G1 X155.29 Y168.24 V0.549 U16.156 P0.034 F1200
G1 X154.59 Y168.24 V0.023 U0.686 P0.034 F1200
G1 X154.59 Y151.76 V0.549 U16.156 P0.034 F1200
G1 X153.89 Y151.76 V0.023 U0.686 P0.034 F1200
G1 X153.89 Y165.00 V0.441 U12.979 P0.034 F1200
; Start to cut
M2800
M400
;CUT DISTANCE 54.8
G1 X153.89 Y168.24 V0.108 F1200
G1 X153.19 Y168.24 V0.023 F1200
G1 X153.19 Y151.76 V0.549 F1200
G1 X152.49 Y151.76 V0.023 F1200
G1 X152.49 Y168.24 V0.549 F1200
G1 X151.79 Y168.24 V0.023 F1200
G1 X151.79 Y151.76 V0.549 F1200
; Cutting completed.
G1 F600 V-1.000 ; Retract
G1 F1200 Z13.60
M1002
M400
G1 F600 V-4.000 ; Toolchange matrix retract
M104 S180 T0 ; standby
M104 S250 T1 ; pre-charge
M109 S250 T1
MOVE_TO_BRUSH_STATION
CLEAN_NOZZLE
MOVE_OUT_BRUSH_STATION
M106 P2 S0 ; fibre-side cooling, fan4
M106 P1 S132 ; part-cooling, fan3
T1 ; switch extruder type to:PLASTIC
G1 Z13 F7200
G1 E10 F1800
M106 S132
;LAYER_CHANGE
;Z:13.2
;HEIGHT:0.2
;_SET_FAN_SPEED_CHANGING_LAYER
SET_VELOCITY_LIMIT ACCEL=1000 ACCEL_TO_DECEL=500
G1 E-.8 F1800
G1 X157.099 Y156.52 Z13.6 F7200
G1 X169.346 Y169.346 Z13.6 F7200
G1 Z13.2 F7200
G1 E.8 F1800
;TYPE:Inner wall
;WIDTH:0.449999
G1 F3600
G1 X150.654 Y169.346 E.6327
G1 X150.654 Y150.654 E.6327
G1 X169.346 Y150.654 E.6327
M73 P64 R21
G1 X169.346 Y169.306 E.63135
SET_VELOCITY_LIMIT ACCEL=500 ACCEL_TO_DECEL=250
G1 X169.775 Y169.775 F7200
;TYPE:Outer wall
G1 F3600
G1 X150.225 Y169.775 E.66174
G1 X150.225 Y150.225 E.66174
G1 X169.775 Y150.225 E.66174
G1 X169.775 Y169.735 E.66039
SET_VELOCITY_LIMIT ACCEL=1000 ACCEL_TO_DECEL=500
G1 X169 Y168.172 F7200
SET_VELOCITY_LIMIT ACCEL=500 ACCEL_TO_DECEL=250
;TYPE:Sparse infill
;WIDTH:0.45
G1 F6000
G1 X169 Y166.543 E.05512
G1 X166.543 Y169 E.11762
G1 X163.435 Y169 E.10523
G1 X169 Y163.435 E.26643
G1 X169 Y165.063 E.05512
SET_VELOCITY_LIMIT ACCEL=1000 ACCEL_TO_DECEL=500
G1 E-.8 F1800
G1 X161.871 Y167.788 Z13.6 F7200
G1 X158.698 Y169 Z13.6 F7200
G1 Z13.2 F7200
G1 E.8 F1800
SET_VELOCITY_LIMIT ACCEL=500 ACCEL_TO_DECEL=250
G1 F6000
G1 X160.326 Y169 E.05512
G1 X169 Y160.326 E.41525
G1 X169 Y157.217 E.10523
G1 X157.217 Y169 E.56406
G1 X154.108 Y169 E.10523
G1 X169 Y154.108 E.71288
G1 X169 Y151 E.10523
G1 X151 Y169 E.86169
G1 X151 Y165.892 E.10523
G1 X165.892 Y151 E.71288
G1 X162.783 Y151 E.10523
G1 X151 Y162.783 E.56406
G1 X151 Y159.674 E.10523
G1 X159.674 Y151 E.41525
G1 X156.565 Y151 E.10523
G1 X151 Y156.565 E.26643
G1 X151 Y153.457 E.10523
G1 X153.457 Y151 E.11762
G1 X151.828 Y151 E.05512
M400
G1 E-10 F1800
G1 Z13.6 F7200
M104 S150 T1 ; standby
M104 S270 T0 ; pre-charge
M109 S270 T0
MOVE_TO_BRUSH_STATION
CLEAN_NOZZLE
MOVE_OUT_BRUSH_STATION
M106 P2 S130 ; fibre-side cooling, fan4
M106 P1 S0 ; part-cooling, fan3
T0 ; switch extruder type to:FIBER
; LAYER:66 [13.20]
M1001 L71
G1 F1200 Z14.40
G1 X151.11 Y151.11 F1200
G1 F1200 U55.000 ; Extrude restart
G1 F1200 Z13.20
G1 F600 V1.000 ; Recover matrix retract
G1 F600 V3.000 ; Matrix prime
G1 X167.45 Y151.11 V0.545 U16.017 P0.034 F1200
; Start to cut
M2800
M400
;CUT DISTANCE 54.8
G1 X168.89 Y151.11 V0.048 F1200
G1 X168.89 Y168.89 V0.593 F1200
G1 X151.11 Y168.89 V0.593 F1200
G1 X151.11 Y151.11 V0.593 F1200
; Cutting completed.
G1 F600 V-1.000 ; Retract
G1 F1200 Z13.80
M1002
M1001 L404
G1 F1200 Z14.40
G1 X151.76 Y152.11 F1200
G1 F1200 U55.000 ; Extrude restart
G1 F1200 Z13.20
G1 F600 V1.000 ; Recover matrix retract
G1 F600 V3.000 ; Matrix prime
G1 X168.24 Y152.11 V0.549 U16.156 P0.034 F1200
G1 X168.24 Y152.81 V0.023 U0.686 P0.034 F1200
G1 X151.76 Y152.81 V0.549 U16.156 P0.034 F1200
G1 X151.76 Y153.51 V0.023 U0.686 P0.034 F1200
G1 X168.24 Y153.51 V0.549 U16.156 P0.034 F1200
G1 X168.24 Y154.21 V0.023 U0.686 P0.034 F1200
G1 X151.76 Y154.21 V0.549 U16.156 P0.034 F1200
G1 X151.76 Y154.91 V0.023 U0.686 P0.034 F1200
G1 X168.24 Y154.91 V0.549 U16.156 P0.034 F1200
G1 X168.24 Y155.61 V0.023 U0.686 P0.034 F1200
G1 X151.76 Y155.61 V0.549 U16.156 P0.034 F1200
G1 X151.76 Y156.31 V0.023 U0.686 P0.034 F1200
G1 X168.24 Y156.31 V0.549 U16.156 P0.034 F1200
G1 X168.24 Y157.01 V0.023 U0.686 P0.034 F1200
G1 X151.76 Y157.01 V0.549 U16.156 P0.034 F1200
G1 X151.76 Y157.71 V0.023 U0.686 P0.034 F1200
G1 X168.24 Y157.71 V0.549 U16.156 P0.034 F1200
G1 X168.24 Y158.41 V0.023 U0.686 P0.034 F1200
G1 X151.76 Y158.41 V0.549 U16.156 P0.034 F1200
G1 X151.76 Y159.11 V0.023 U0.686 P0.034 F1200
G1 X168.24 Y159.11 V0.549 U16.156 P0.034 F1200
G1 X168.24 Y159.81 V0.023 U0.686 P0.034 F1200
G1 X151.76 Y159.81 V0.549 U16.156 P0.034 F1200
G1 X151.76 Y160.51 V0.023 U0.686 P0.034 F1200
G1 X168.24 Y160.51 V0.549 U16.156 P0.034 F1200
M73 P65 R21
G1 X168.24 Y161.21 V0.023 U0.686 P0.034 F1200
G1 X151.76 Y161.21 V0.549 U16.156 P0.034 F1200
G1 X151.76 Y161.91 V0.023 U0.686 P0.034 F1200
G1 X168.24 Y161.91 V0.549 U16.156 P0.034 F1200
G1 X168.24 Y162.61 V0.023 U0.686 P0.034 F1200
G1 X151.76 Y162.61 V0.549 U16.156 P0.034 F1200
G1 X151.76 Y163.31 V0.023 U0.686 P0.034 F1200
G1 X168.24 Y163.31 V0.549 U16.156 P0.034 F1200
G1 X168.24 Y164.01 V0.023 U0.686 P0.034 F1200
G1 X151.76 Y164.01 V0.549 U16.156 P0.034 F1200
G1 X151.76 Y164.71 V0.023 U0.686 P0.034 F1200
G1 X168.24 Y164.71 V0.549 U16.156 P0.034 F1200
G1 X168.24 Y165.41 V0.023 U0.686 P0.034 F1200
G1 X151.76 Y165.41 V0.549 U16.156 P0.034 F1200
G1 X151.76 Y166.11 V0.023 U0.686 P0.034 F1200
G1 X165.00 Y166.11 V0.441 U12.979 P0.034 F1200
; Start to cut
M2800
M400
;CUT DISTANCE 54.8
G1 X168.24 Y166.11 V0.108 F1200
G1 X168.24 Y166.81 V0.023 F1200
G1 X151.76 Y166.81 V0.549 F1200
G1 X151.76 Y167.51 V0.023 F1200
G1 X168.24 Y167.51 V0.549 F1200
G1 X168.24 Y168.21 V0.023 F1200
G1 X151.76 Y168.21 V0.549 F1200
; Cutting completed.
G1 F600 V-1.000 ; Retract
G1 F1200 Z13.80
M1002
M400
G1 F600 V-4.000 ; Toolchange matrix retract
M104 S180 T0 ; standby
M104 S250 T1 ; pre-charge
M109 S250 T1
MOVE_TO_BRUSH_STATION
CLEAN_NOZZLE
MOVE_OUT_BRUSH_STATION
M106 P2 S0 ; fibre-side cooling, fan4
M106 P1 S130 ; part-cooling, fan3
T1 ; switch extruder type to:PLASTIC
G1 Z13.2 F7200
G1 E10 F1800
;LAYER_CHANGE
;Z:13.4
;HEIGHT:0.2
;_SET_FAN_SPEED_CHANGING_LAYER
SET_VELOCITY_LIMIT ACCEL=1000 ACCEL_TO_DECEL=500
G1 E-.8 F1800
G1 X157.099 Y156.52 Z13.8 F7200
G1 X169.346 Y169.346 Z13.8 F7200
G1 Z13.4 F7200
G1 E.8 F1800
;TYPE:Inner wall
;WIDTH:0.449999
G1 F3600
G1 X150.654 Y169.346 E.6327
G1 X150.654 Y150.654 E.6327
G1 X169.346 Y150.654 E.6327
G1 X169.346 Y169.306 E.63135
SET_VELOCITY_LIMIT ACCEL=500 ACCEL_TO_DECEL=250
G1 X169.775 Y169.775 F7200
;TYPE:Outer wall
G1 F3600
G1 X150.225 Y169.775 E.66174
G1 X150.225 Y150.225 E.66174
G1 X169.775 Y150.225 E.66174
G1 X169.775 Y169.735 E.66039
SET_VELOCITY_LIMIT ACCEL=1000 ACCEL_TO_DECEL=500
G1 X169 Y168.172 F7200
SET_VELOCITY_LIMIT ACCEL=500 ACCEL_TO_DECEL=250
;TYPE:Sparse infill
;WIDTH:0.45
G1 F6000
G1 X169 Y166.543 E.05512
G1 X166.543 Y169 E.11762
G1 X163.435 Y169 E.10523
G1 X169 Y163.435 E.26643
G1 X169 Y165.063 E.05512
SET_VELOCITY_LIMIT ACCEL=1000 ACCEL_TO_DECEL=500
G1 E-.8 F1800
G1 X161.871 Y167.788 Z13.8 F7200
G1 X158.698 Y169 Z13.8 F7200
G1 Z13.4 F7200
G1 E.8 F1800
SET_VELOCITY_LIMIT ACCEL=500 ACCEL_TO_DECEL=250
G1 F6000
G1 X160.326 Y169 E.05512
G1 X169 Y160.326 E.41525
G1 X169 Y157.217 E.10523
G1 X157.217 Y169 E.56406
G1 X154.108 Y169 E.10523
G1 X169 Y154.108 E.71288
G1 X169 Y151 E.10523
G1 X151 Y169 E.86169
G1 X151 Y165.892 E.10523
G1 X165.892 Y151 E.71288
G1 X162.783 Y151 E.10523
G1 X151 Y162.783 E.56406
G1 X151 Y159.674 E.10523
G1 X159.674 Y151 E.41525
G1 X156.565 Y151 E.10523
G1 X151 Y156.565 E.26643
G1 X151 Y153.457 E.10523
G1 X153.457 Y151 E.11762
G1 X151.828 Y151 E.05512
M400
G1 E-10 F1800
G1 Z13.8 F7200
M104 S150 T1 ; standby
M104 S270 T0 ; pre-charge
M109 S270 T0
MOVE_TO_BRUSH_STATION
CLEAN_NOZZLE
MOVE_OUT_BRUSH_STATION
M106 P2 S132 ; fibre-side cooling, fan4
M106 P1 S0 ; part-cooling, fan3
T0 ; switch extruder type to:FIBER
; LAYER:67 [13.40]
M1001 L71
G1 F1200 Z14.60
G1 X151.11 Y151.11 F1200
G1 F1200 U55.000 ; Extrude restart
G1 F1200 Z13.40
G1 F600 V1.000 ; Recover matrix retract
G1 F600 V3.000 ; Matrix prime
G1 X167.45 Y151.11 V0.545 U16.017 P0.034 F1200
; Start to cut
M2800
M400
;CUT DISTANCE 54.8
G1 X168.89 Y151.11 V0.048 F1200
G1 X168.89 Y168.89 V0.593 F1200
G1 X151.11 Y168.89 V0.593 F1200
G1 X151.11 Y151.11 V0.593 F1200
; Cutting completed.
G1 F600 V-1.000 ; Retract
G1 F1200 Z14.00
M1002
M1001 L404
G1 F1200 Z14.60
G1 X151.76 Y152.11 F1200
G1 F1200 U55.000 ; Extrude restart
G1 F1200 Z13.40
G1 F600 V1.000 ; Recover matrix retract
G1 F600 V3.000 ; Matrix prime
G1 X168.24 Y152.11 V0.549 U16.156 P0.034 F1200
G1 X168.24 Y152.81 V0.023 U0.686 P0.034 F1200
G1 X151.76 Y152.81 V0.549 U16.156 P0.034 F1200
G1 X151.76 Y153.51 V0.023 U0.686 P0.034 F1200
G1 X168.24 Y153.51 V0.549 U16.156 P0.034 F1200
G1 X168.24 Y154.21 V0.023 U0.686 P0.034 F1200
G1 X151.76 Y154.21 V0.549 U16.156 P0.034 F1200
G1 X151.76 Y154.91 V0.023 U0.686 P0.034 F1200
G1 X168.24 Y154.91 V0.549 U16.156 P0.034 F1200
G1 X168.24 Y155.61 V0.023 U0.686 P0.034 F1200
G1 X151.76 Y155.61 V0.549 U16.156 P0.034 F1200
G1 X151.76 Y156.31 V0.023 U0.686 P0.034 F1200
G1 X168.24 Y156.31 V0.549 U16.156 P0.034 F1200
G1 X168.24 Y157.01 V0.023 U0.686 P0.034 F1200
G1 X151.76 Y157.01 V0.549 U16.156 P0.034 F1200
G1 X151.76 Y157.71 V0.023 U0.686 P0.034 F1200
G1 X168.24 Y157.71 V0.549 U16.156 P0.034 F1200
G1 X168.24 Y158.41 V0.023 U0.686 P0.034 F1200
G1 X151.76 Y158.41 V0.549 U16.156 P0.034 F1200
G1 X151.76 Y159.11 V0.023 U0.686 P0.034 F1200
G1 X168.24 Y159.11 V0.549 U16.156 P0.034 F1200
G1 X168.24 Y159.81 V0.023 U0.686 P0.034 F1200
G1 X151.76 Y159.81 V0.549 U16.156 P0.034 F1200
G1 X151.76 Y160.51 V0.023 U0.686 P0.034 F1200
G1 X168.24 Y160.51 V0.549 U16.156 P0.034 F1200
G1 X168.24 Y161.21 V0.023 U0.686 P0.034 F1200
G1 X151.76 Y161.21 V0.549 U16.156 P0.034 F1200
G1 X151.76 Y161.91 V0.023 U0.686 P0.034 F1200
G1 X168.24 Y161.91 V0.549 U16.156 P0.034 F1200
G1 X168.24 Y162.61 V0.023 U0.686 P0.034 F1200
G1 X151.76 Y162.61 V0.549 U16.156 P0.034 F1200
G1 X151.76 Y163.31 V0.023 U0.686 P0.034 F1200
M73 P66 R20
G1 X168.24 Y163.31 V0.549 U16.156 P0.034 F1200
G1 X168.24 Y164.01 V0.023 U0.686 P0.034 F1200
G1 X151.76 Y164.01 V0.549 U16.156 P0.034 F1200
G1 X151.76 Y164.71 V0.023 U0.686 P0.034 F1200
G1 X168.24 Y164.71 V0.549 U16.156 P0.034 F1200
G1 X168.24 Y165.41 V0.023 U0.686 P0.034 F1200
G1 X151.76 Y165.41 V0.549 U16.156 P0.034 F1200
G1 X151.76 Y166.11 V0.023 U0.686 P0.034 F1200
G1 X165.00 Y166.11 V0.441 U12.979 P0.034 F1200
; Start to cut
M2800
M400
;CUT DISTANCE 54.8
G1 X168.24 Y166.11 V0.108 F1200
G1 X168.24 Y166.81 V0.023 F1200
G1 X151.76 Y166.81 V0.549 F1200
G1 X151.76 Y167.51 V0.023 F1200
G1 X168.24 Y167.51 V0.549 F1200
G1 X168.24 Y168.21 V0.023 F1200
G1 X151.76 Y168.21 V0.549 F1200
; Cutting completed.
G1 F600 V-1.000 ; Retract
G1 F1200 Z14.00
M1002
M400
G1 F600 V-4.000 ; Toolchange matrix retract
M104 S180 T0 ; standby
M104 S250 T1 ; pre-charge
M109 S250 T1
MOVE_TO_BRUSH_STATION
CLEAN_NOZZLE
MOVE_OUT_BRUSH_STATION
M106 P2 S0 ; fibre-side cooling, fan4
M106 P1 S132 ; part-cooling, fan3
T1 ; switch extruder type to:PLASTIC
G1 Z13.4 F7200
G1 E10 F1800
M106 S130
;LAYER_CHANGE
;Z:13.6
;HEIGHT:0.200001
;_SET_FAN_SPEED_CHANGING_LAYER
SET_VELOCITY_LIMIT ACCEL=1000 ACCEL_TO_DECEL=500
G1 E-.8 F1800
G1 X157.099 Y156.52 Z14 F7200
G1 X169.346 Y169.346 Z14 F7200
G1 Z13.6 F7200
G1 E.8 F1800
;TYPE:Inner wall
;WIDTH:0.449999
G1 F3600
G1 X150.654 Y169.346 E.6327
G1 X150.654 Y150.654 E.6327
G1 X169.346 Y150.654 E.6327
G1 X169.346 Y169.306 E.63135
SET_VELOCITY_LIMIT ACCEL=500 ACCEL_TO_DECEL=250
G1 X169.775 Y169.775 F7200
;TYPE:Outer wall
G1 F3600
G1 X150.225 Y169.775 E.66174
G1 X150.225 Y150.225 E.66174
G1 X169.775 Y150.225 E.66174
G1 X169.775 Y169.735 E.66039
SET_VELOCITY_LIMIT ACCEL=1000 ACCEL_TO_DECEL=500
G1 X167.979 Y169 F7200
SET_VELOCITY_LIMIT ACCEL=500 ACCEL_TO_DECEL=250
;TYPE:Sparse infill
;WIDTH:0.45
G1 F6000
G1 X166.351 Y169 E.05512
G1 X166.536 Y168.549 E.01651
G1 X166.995 Y168.091 E.02195
G1 X168.549 Y167.453 E.05686
G1 X169 Y167.002 E.02161
G1 X169 Y163.893 E.10523
G1 X168.549 Y164.345 E.02161
G1 X166.995 Y164.982 E.05686
G1 X166.536 Y165.44 E.02195
G1 X165.899 Y166.995 E.05686
G1 X165.44 Y167.453 E.02195
G1 X163.886 Y168.091 E.05686
G1 X163.427 Y168.549 E.02195
G1 X163.242 Y169 E.01651
G1 X160.134 Y169 E.10523
G1 X160.319 Y168.549 E.01651
G1 X160.777 Y168.091 E.02195
G1 X162.332 Y167.453 E.05686
G1 X162.79 Y166.995 E.02195
G1 X163.427 Y165.44 E.05686
G1 X163.886 Y164.982 E.02195
G1 X165.44 Y164.345 E.05686
G1 X165.899 Y163.886 E.02195
G1 X166.536 Y162.332 E.05686
G1 X166.995 Y161.873 E.02195
G1 X168.549 Y161.236 E.05686
G1 X169 Y160.784 E.02161
G1 X169 Y157.676 E.10523
G1 X168.549 Y158.127 E.02161
G1 X166.995 Y158.764 E.05686
G1 X166.536 Y159.223 E.02195
G1 X165.899 Y160.777 E.05686
G1 X165.44 Y161.236 E.02195
G1 X163.886 Y161.873 E.05686
G1 X163.427 Y162.332 E.02195
G1 X162.79 Y163.886 E.05686
G1 X162.332 Y164.345 E.02195
G1 X160.777 Y164.982 E.05686
G1 X160.319 Y165.44 E.02195
G1 X159.681 Y166.995 E.05686
G1 X159.223 Y167.453 E.02195
G1 X157.668 Y168.091 E.05686
G1 X157.21 Y168.549 E.02195
G1 X157.025 Y169 E.01651
G1 X153.916 Y169 E.10523
G1 X154.101 Y168.549 E.01651
G1 X154.56 Y168.091 E.02195
G1 X156.114 Y167.453 E.05686
G1 X156.573 Y166.995 E.02195
G1 X157.21 Y165.44 E.05686
G1 X157.668 Y164.982 E.02195
G1 X159.223 Y164.345 E.05686
G1 X159.681 Y163.886 E.02195
G1 X160.319 Y162.332 E.05686
G1 X160.777 Y161.873 E.02195
G1 X162.332 Y161.236 E.05686
G1 X162.79 Y160.777 E.02195
G1 X163.427 Y159.223 E.05686
G1 X163.886 Y158.764 E.02195
G1 X165.44 Y158.127 E.05686
G1 X165.899 Y157.668 E.02195
G1 X166.536 Y156.114 E.05686
G1 X166.995 Y155.655 E.02195
G1 X168.549 Y155.018 E.05686
G1 X169 Y154.567 E.02161
G1 X169 Y151.458 E.10523
G1 X168.549 Y151.909 E.02161
G1 X166.995 Y152.547 E.05686
G1 X166.536 Y153.005 E.02195
G1 X165.899 Y154.56 E.05686
G1 X165.44 Y155.018 E.02195
G1 X163.886 Y155.655 E.05686
G1 X163.427 Y156.114 E.02195
G1 X162.79 Y157.668 E.05686
G1 X162.332 Y158.127 E.02195
G1 X160.777 Y158.764 E.05686
G1 X160.319 Y159.223 E.02195
G1 X159.681 Y160.777 E.05686
G1 X159.223 Y161.236 E.02195
G1 X157.668 Y161.873 E.05686
G1 X157.21 Y162.332 E.02195
G1 X156.573 Y163.886 E.05686
G1 X156.114 Y164.345 E.02195
G1 X154.56 Y164.982 E.05686
G1 X154.101 Y165.44 E.02195
G1 X153.464 Y166.995 E.05686
G1 X153.005 Y167.453 E.02195
G1 X151.451 Y168.091 E.05686
G1 X151 Y168.542 E.02161
G1 X151 Y165.433 E.10523
G1 X151.451 Y164.982 E.02161
G1 X153.005 Y164.345 E.05686
G1 X153.464 Y163.886 E.02195
G1 X154.101 Y162.332 E.05686
G1 X154.56 Y161.873 E.02195
G1 X156.114 Y161.236 E.05686
G1 X156.573 Y160.777 E.02195
G1 X157.21 Y159.223 E.05686
G1 X157.668 Y158.764 E.02195
G1 X159.223 Y158.127 E.05686
G1 X159.681 Y157.668 E.02195
G1 X160.319 Y156.114 E.05686
G1 X160.777 Y155.655 E.02195
G1 X162.332 Y155.018 E.05686
G1 X162.79 Y154.56 E.02195
G1 X163.427 Y153.005 E.05686
G1 X163.886 Y152.547 E.02195
G1 X165.44 Y151.909 E.05686
G1 X165.899 Y151.451 E.02195
G1 X166.084 Y151 E.01651
G1 X162.975 Y151 E.10523
G1 X162.79 Y151.451 E.01651
G1 X162.332 Y151.909 E.02195
G1 X160.777 Y152.547 E.05686
G1 X160.319 Y153.005 E.02195
G1 X159.681 Y154.56 E.05686
G1 X159.223 Y155.018 E.02195
G1 X157.668 Y155.655 E.05686
G1 X157.21 Y156.114 E.02195
G1 X156.573 Y157.668 E.05686
G1 X156.114 Y158.127 E.02195
G1 X154.56 Y158.764 E.05686
G1 X154.101 Y159.223 E.02195
G1 X153.464 Y160.777 E.05686
G1 X153.005 Y161.236 E.02195
G1 X151.451 Y161.873 E.05686
G1 X151 Y162.324 E.02161
G1 X151 Y159.216 E.10523
G1 X151.451 Y158.764 E.02161
G1 X153.005 Y158.127 E.05686
G1 X153.464 Y157.668 E.02195
G1 X154.101 Y156.114 E.05686
G1 X154.56 Y155.655 E.02195
G1 X156.114 Y155.018 E.05686
G1 X156.573 Y154.56 E.02195
G1 X157.21 Y153.005 E.05686
G1 X157.668 Y152.547 E.02195
G1 X159.223 Y151.909 E.05686
G1 X159.681 Y151.451 E.02195
G1 X159.866 Y151 E.01651
G1 X156.758 Y151 E.10523
G1 X156.573 Y151.451 E.01651
G1 X156.114 Y151.909 E.02195
G1 X154.56 Y152.547 E.05686
G1 X154.101 Y153.005 E.02195
G1 X153.464 Y154.56 E.05686
G1 X153.005 Y155.018 E.02195
G1 X151.451 Y155.655 E.05686
G1 X151 Y156.107 E.02161
G1 X151 Y152.998 E.10523
G1 X151.451 Y152.547 E.02161
G1 X153.005 Y151.909 E.05686
G1 X153.464 Y151.451 E.02195
G1 X153.649 Y151 E.01651
G1 X152.021 Y151 E.05512
M400
G1 E-10 F1800
G1 Z14 F7200
M104 S150 T1 ; standby
M104 S270 T0 ; pre-charge
M109 S270 T0
MOVE_TO_BRUSH_STATION
CLEAN_NOZZLE
MOVE_OUT_BRUSH_STATION
M106 P2 S132 ; fibre-side cooling, fan4
M106 P1 S0 ; part-cooling, fan3
T0 ; switch extruder type to:FIBER
; LAYER:68 [13.60]
M1001 L71
G1 F1200 Z14.80
G1 X151.11 Y151.11 F1200
G1 F1200 U55.000 ; Extrude restart
G1 F1200 Z13.60
G1 F600 V1.000 ; Recover matrix retract
G1 F600 V3.000 ; Matrix prime
G1 X167.45 Y151.11 V0.545 U16.017 P0.034 F1200
; Start to cut
M2800
M400
;CUT DISTANCE 54.8
G1 X168.89 Y151.11 V0.048 F1200
G1 X168.89 Y168.89 V0.593 F1200
G1 X151.11 Y168.89 V0.593 F1200
G1 X151.11 Y151.11 V0.593 F1200
; Cutting completed.
G1 F600 V-1.000 ; Retract
G1 F1200 Z14.20
M1002
M1001 L404
G1 F1200 Z14.80
G1 X167.89 Y151.76 F1200
G1 F1200 U55.000 ; Extrude restart
G1 F1200 Z13.60
G1 F600 V1.000 ; Recover matrix retract
G1 F600 V3.000 ; Matrix prime
G1 X167.89 Y168.24 V0.549 U16.156 P0.034 F1200
G1 X167.19 Y168.24 V0.023 U0.686 P0.034 F1200
G1 X167.19 Y151.76 V0.549 U16.156 P0.034 F1200
G1 X166.49 Y151.76 V0.023 U0.686 P0.034 F1200
G1 X166.49 Y168.24 V0.549 U16.156 P0.034 F1200
G1 X165.79 Y168.24 V0.023 U0.686 P0.034 F1200
G1 X165.79 Y151.76 V0.549 U16.156 P0.034 F1200
G1 X165.09 Y151.76 V0.023 U0.686 P0.034 F1200
G1 X165.09 Y168.24 V0.549 U16.156 P0.034 F1200
G1 X164.39 Y168.24 V0.023 U0.686 P0.034 F1200
G1 X164.39 Y151.76 V0.549 U16.156 P0.034 F1200
G1 X163.69 Y151.76 V0.023 U0.686 P0.034 F1200
G1 X163.69 Y168.24 V0.549 U16.156 P0.034 F1200
G1 X162.99 Y168.24 V0.023 U0.686 P0.034 F1200
G1 X162.99 Y151.76 V0.549 U16.156 P0.034 F1200
G1 X162.29 Y151.76 V0.023 U0.686 P0.034 F1200
G1 X162.29 Y168.24 V0.549 U16.156 P0.034 F1200
G1 X161.59 Y168.24 V0.023 U0.686 P0.034 F1200
G1 X161.59 Y151.76 V0.549 U16.156 P0.034 F1200
G1 X160.89 Y151.76 V0.023 U0.686 P0.034 F1200
G1 X160.89 Y168.24 V0.549 U16.156 P0.034 F1200
G1 X160.19 Y168.24 V0.023 U0.686 P0.034 F1200
G1 X160.19 Y151.76 V0.549 U16.156 P0.034 F1200
G1 X159.49 Y151.76 V0.023 U0.686 P0.034 F1200
G1 X159.49 Y168.24 V0.549 U16.156 P0.034 F1200
G1 X158.79 Y168.24 V0.023 U0.686 P0.034 F1200
G1 X158.79 Y151.76 V0.549 U16.156 P0.034 F1200
G1 X158.09 Y151.76 V0.023 U0.686 P0.034 F1200
G1 X158.09 Y168.24 V0.549 U16.156 P0.034 F1200
G1 X157.39 Y168.24 V0.023 U0.686 P0.034 F1200
G1 X157.39 Y151.76 V0.549 U16.156 P0.034 F1200
G1 X156.69 Y151.76 V0.023 U0.686 P0.034 F1200
M73 P67 R20
G1 X156.69 Y168.24 V0.549 U16.156 P0.034 F1200
G1 X155.99 Y168.24 V0.023 U0.686 P0.034 F1200
G1 X155.99 Y151.76 V0.549 U16.156 P0.034 F1200
G1 X155.29 Y151.76 V0.023 U0.686 P0.034 F1200
G1 X155.29 Y168.24 V0.549 U16.156 P0.034 F1200
G1 X154.59 Y168.24 V0.023 U0.686 P0.034 F1200
G1 X154.59 Y151.76 V0.549 U16.156 P0.034 F1200
G1 X153.89 Y151.76 V0.023 U0.686 P0.034 F1200
G1 X153.89 Y165.00 V0.441 U12.979 P0.034 F1200
; Start to cut
M2800
M400
;CUT DISTANCE 54.8
G1 X153.89 Y168.24 V0.108 F1200
G1 X153.19 Y168.24 V0.023 F1200
G1 X153.19 Y151.76 V0.549 F1200
G1 X152.49 Y151.76 V0.023 F1200
G1 X152.49 Y168.24 V0.549 F1200
G1 X151.79 Y168.24 V0.023 F1200
G1 X151.79 Y151.76 V0.549 F1200
; Cutting completed.
G1 F600 V-1.000 ; Retract
G1 F1200 Z14.20
M1002
M400
G1 F600 V-4.000 ; Toolchange matrix retract
M104 S180 T0 ; standby
M104 S250 T1 ; pre-charge
M109 S250 T1
MOVE_TO_BRUSH_STATION
CLEAN_NOZZLE
MOVE_OUT_BRUSH_STATION
M106 P2 S0 ; fibre-side cooling, fan4
M106 P1 S132 ; part-cooling, fan3
T1 ; switch extruder type to:PLASTIC
G1 Z13.6 F7200
G1 E10 F1800
;LAYER_CHANGE
;Z:13.8
;HEIGHT:0.2
;_SET_FAN_SPEED_CHANGING_LAYER
SET_VELOCITY_LIMIT ACCEL=1000 ACCEL_TO_DECEL=500
G1 E-.8 F1800
G1 X157.261 Y156.549 Z14.2 F7200
G1 X169.346 Y169.346 Z14.2 F7200
G1 Z13.8 F7200
G1 E.8 F1800
;TYPE:Inner wall
;WIDTH:0.449999
G1 F3600
G1 X150.654 Y169.346 E.6327
G1 X150.654 Y150.654 E.6327
G1 X169.346 Y150.654 E.6327
G1 X169.346 Y169.306 E.63135
SET_VELOCITY_LIMIT ACCEL=500 ACCEL_TO_DECEL=250
G1 X169.775 Y169.775 F7200
;TYPE:Outer wall
G1 F3600
G1 X150.225 Y169.775 E.66174
G1 X150.225 Y150.225 E.66174
G1 X169.775 Y150.225 E.66174
G1 X169.775 Y169.735 E.66039
SET_VELOCITY_LIMIT ACCEL=1000 ACCEL_TO_DECEL=500
G1 E-.8 F1800
G1 X167.831 Y169 Z14.2 F7200
G1 Z13.8 F7200
G1 E.8 F1800
SET_VELOCITY_LIMIT ACCEL=500 ACCEL_TO_DECEL=250
;TYPE:Sparse infill
;WIDTH:0.45
G1 F6000
G1 X166.203 Y169 E.05512
G1 X166.183 Y168.549 E.01529
G1 X166.995 Y167.737 E.03888
G1 X168.549 Y167.807 E.05267
G1 X169 Y167.356 E.02161
G1 X169 Y164.247 E.10523
G1 X168.549 Y164.698 E.02161
G1 X166.995 Y164.628 E.05267
G1 X166.183 Y165.44 E.03888
G1 X166.252 Y166.995 E.05267
G1 X165.44 Y167.807 E.03888
G1 X163.886 Y167.737 E.05267
G1 X163.074 Y168.549 E.03888
G1 X163.094 Y169 E.01529
G1 X159.985 Y169 E.10523
G1 X159.965 Y168.549 E.01529
G1 X160.777 Y167.737 E.03888
G1 X162.332 Y167.807 E.05267
G1 X163.144 Y166.995 E.03888
G1 X163.074 Y165.44 E.05267
G1 X163.886 Y164.628 E.03888
G1 X165.44 Y164.698 E.05267
G1 X166.252 Y163.886 E.03888
G1 X166.183 Y162.332 E.05267
G1 X166.995 Y161.519 E.03888
G1 X168.549 Y161.589 E.05267
G1 X169 Y161.138 E.02161
G1 X169 Y158.029 E.10523
G1 X168.549 Y158.481 E.02161
G1 X166.995 Y158.411 E.05267
G1 X166.183 Y159.223 E.03888
G1 X166.252 Y160.777 E.05267
G1 X165.44 Y161.589 E.03888
G1 X163.886 Y161.519 E.05267
G1 X163.074 Y162.332 E.03888
G1 X163.144 Y163.886 E.05267
G1 X162.332 Y164.698 E.03888
G1 X160.777 Y164.628 E.05267
G1 X159.965 Y165.44 E.03888
G1 X160.035 Y166.995 E.05267
G1 X159.223 Y167.807 E.03888
G1 X157.668 Y167.737 E.05267
G1 X156.856 Y168.549 E.03888
G1 X156.877 Y169 E.01529
G1 X153.768 Y169 E.10523
G1 X153.748 Y168.549 E.01529
G1 X154.56 Y167.737 E.03888
G1 X156.114 Y167.807 E.05267
G1 X156.926 Y166.995 E.03888
G1 X156.856 Y165.44 E.05267
G1 X157.668 Y164.628 E.03888
G1 X159.223 Y164.698 E.05267
G1 X160.035 Y163.886 E.03888
G1 X159.965 Y162.332 E.05267
G1 X160.777 Y161.519 E.03888
G1 X162.332 Y161.589 E.05267
G1 X163.144 Y160.777 E.03888
G1 X163.074 Y159.223 E.05267
G1 X163.886 Y158.411 E.03888
G1 X165.44 Y158.481 E.05267
G1 X166.252 Y157.668 E.03888
G1 X166.183 Y156.114 E.05267
G1 X166.995 Y155.302 E.03888
G1 X168.549 Y155.372 E.05267
G1 X169 Y154.92 E.02161
G1 X169 Y151.812 E.10523
G1 X168.549 Y152.263 E.02161
G1 X166.995 Y152.193 E.05267
G1 X166.183 Y153.005 E.03888
G1 X166.252 Y154.56 E.05267
G1 X165.44 Y155.372 E.03888
G1 X163.886 Y155.302 E.05267
G1 X163.074 Y156.114 E.03888
G1 X163.144 Y157.668 E.05267
G1 X162.332 Y158.481 E.03888
G1 X160.777 Y158.411 E.05267
G1 X159.965 Y159.223 E.03888
G1 X160.035 Y160.777 E.05267
G1 X159.223 Y161.589 E.03888
G1 X157.668 Y161.519 E.05267
G1 X156.856 Y162.332 E.03888
G1 X156.926 Y163.886 E.05267
G1 X156.114 Y164.698 E.03888
G1 X154.56 Y164.628 E.05267
G1 X153.748 Y165.44 E.03888
G1 X153.817 Y166.995 E.05267
G1 X153.005 Y167.807 E.03888
G1 X151.451 Y167.737 E.05267
G1 X151 Y168.188 E.02161
G1 X151 Y165.08 E.10523
G1 X151.451 Y164.628 E.02161
G1 X153.005 Y164.698 E.05267
G1 X153.817 Y163.886 E.03888
G1 X153.748 Y162.332 E.05267
G1 X154.56 Y161.519 E.03888
G1 X156.114 Y161.589 E.05267
G1 X156.926 Y160.777 E.03888
G1 X156.856 Y159.223 E.05267
G1 X157.668 Y158.411 E.03888
G1 X159.223 Y158.481 E.05267
G1 X160.035 Y157.668 E.03888
G1 X159.965 Y156.114 E.05267
G1 X160.777 Y155.302 E.03888
G1 X162.332 Y155.372 E.05267
G1 X163.144 Y154.56 E.03888
G1 X163.074 Y153.005 E.05267
G1 X163.886 Y152.193 E.03888
G1 X165.44 Y152.263 E.05267
G1 X166.252 Y151.451 E.03888
G1 X166.232 Y151 E.01529
G1 X163.123 Y151 E.10523
G1 X163.144 Y151.451 E.01529
G1 X162.332 Y152.263 E.03888
G1 X160.777 Y152.193 E.05267
G1 X159.965 Y153.005 E.03888
G1 X160.035 Y154.56 E.05267
G1 X159.223 Y155.372 E.03888
G1 X157.668 Y155.302 E.05267
G1 X156.856 Y156.114 E.03888
G1 X156.926 Y157.668 E.05267
G1 X156.114 Y158.481 E.03888
G1 X154.56 Y158.411 E.05267
G1 X153.748 Y159.223 E.03888
G1 X153.817 Y160.777 E.05267
G1 X153.005 Y161.589 E.03888
G1 X151.451 Y161.519 E.05267
G1 X151 Y161.971 E.02161
G1 X151 Y158.862 E.10523
G1 X151.451 Y158.411 E.02161
G1 X153.005 Y158.481 E.05267
G1 X153.817 Y157.668 E.03888
G1 X153.748 Y156.114 E.05267
G1 X154.56 Y155.302 E.03888
G1 X156.114 Y155.372 E.05267
G1 X156.926 Y154.56 E.03888
G1 X156.856 Y153.005 E.05267
G1 X157.668 Y152.193 E.03888
G1 X159.223 Y152.263 E.05267
G1 X160.035 Y151.451 E.03888
G1 X160.015 Y151 E.01529
G1 X156.906 Y151 E.10523
G1 X156.926 Y151.451 E.01529
G1 X156.114 Y152.263 E.03888
G1 X154.56 Y152.193 E.05267
G1 X153.748 Y153.005 E.03888
G1 X153.817 Y154.56 E.05267
G1 X153.005 Y155.372 E.03888
G1 X151.451 Y155.302 E.05267
G1 X151 Y155.753 E.02161
G1 X151 Y152.644 E.10523
G1 X151.451 Y152.193 E.02161
G1 X153.005 Y152.263 E.05267
G1 X153.817 Y151.451 E.03888
G1 X153.797 Y151 E.01529
G1 X152.169 Y151 E.05512
M400
G1 E-10 F1800
G1 Z14.2 F7200
M104 S150 T1 ; standby
M104 S270 T0 ; pre-charge
M109 S270 T0
MOVE_TO_BRUSH_STATION
CLEAN_NOZZLE
MOVE_OUT_BRUSH_STATION
M106 P2 S130 ; fibre-side cooling, fan4
M106 P1 S0 ; part-cooling, fan3
T0 ; switch extruder type to:FIBER
; LAYER:69 [13.80]
M1001 L71
G1 F1200 Z15.00
G1 X151.11 Y151.11 F1200
G1 F1200 U55.000 ; Extrude restart
G1 F1200 Z13.80
G1 F600 V1.000 ; Recover matrix retract
G1 F600 V3.000 ; Matrix prime
G1 X167.45 Y151.11 V0.545 U16.017 P0.034 F1200
; Start to cut
M2800
M400
;CUT DISTANCE 54.8
G1 X168.89 Y151.11 V0.048 F1200
G1 X168.89 Y168.89 V0.593 F1200
G1 X151.11 Y168.89 V0.593 F1200
G1 X151.11 Y151.11 V0.593 F1200
; Cutting completed.
G1 F600 V-1.000 ; Retract
M73 P67 R19
G1 F1200 Z14.40
M1002
M1001 L404
G1 F1200 Z15.00
G1 X151.76 Y152.11 F1200
G1 F1200 U55.000 ; Extrude restart
G1 F1200 Z13.80
G1 F600 V1.000 ; Recover matrix retract
G1 F600 V3.000 ; Matrix prime
G1 X168.24 Y152.11 V0.549 U16.156 P0.034 F1200
G1 X168.24 Y152.81 V0.023 U0.686 P0.034 F1200
G1 X151.76 Y152.81 V0.549 U16.156 P0.034 F1200
G1 X151.76 Y153.51 V0.023 U0.686 P0.034 F1200
G1 X168.24 Y153.51 V0.549 U16.156 P0.034 F1200
G1 X168.24 Y154.21 V0.023 U0.686 P0.034 F1200
G1 X151.76 Y154.21 V0.549 U16.156 P0.034 F1200
G1 X151.76 Y154.91 V0.023 U0.686 P0.034 F1200
G1 X168.24 Y154.91 V0.549 U16.156 P0.034 F1200
G1 X168.24 Y155.61 V0.023 U0.686 P0.034 F1200
G1 X151.76 Y155.61 V0.549 U16.156 P0.034 F1200
G1 X151.76 Y156.31 V0.023 U0.686 P0.034 F1200
G1 X168.24 Y156.31 V0.549 U16.156 P0.034 F1200
G1 X168.24 Y157.01 V0.023 U0.686 P0.034 F1200
G1 X151.76 Y157.01 V0.549 U16.156 P0.034 F1200
G1 X151.76 Y157.71 V0.023 U0.686 P0.034 F1200
G1 X168.24 Y157.71 V0.549 U16.156 P0.034 F1200
G1 X168.24 Y158.41 V0.023 U0.686 P0.034 F1200
G1 X151.76 Y158.41 V0.549 U16.156 P0.034 F1200
G1 X151.76 Y159.11 V0.023 U0.686 P0.034 F1200
G1 X168.24 Y159.11 V0.549 U16.156 P0.034 F1200
G1 X168.24 Y159.81 V0.023 U0.686 P0.034 F1200
G1 X151.76 Y159.81 V0.549 U16.156 P0.034 F1200
G1 X151.76 Y160.51 V0.023 U0.686 P0.034 F1200
G1 X168.24 Y160.51 V0.549 U16.156 P0.034 F1200
G1 X168.24 Y161.21 V0.023 U0.686 P0.034 F1200
G1 X151.76 Y161.21 V0.549 U16.156 P0.034 F1200
G1 X151.76 Y161.91 V0.023 U0.686 P0.034 F1200
G1 X168.24 Y161.91 V0.549 U16.156 P0.034 F1200
G1 X168.24 Y162.61 V0.023 U0.686 P0.034 F1200
M73 P68 R19
G1 X151.76 Y162.61 V0.549 U16.156 P0.034 F1200
G1 X151.76 Y163.31 V0.023 U0.686 P0.034 F1200
G1 X168.24 Y163.31 V0.549 U16.156 P0.034 F1200
G1 X168.24 Y164.01 V0.023 U0.686 P0.034 F1200
G1 X151.76 Y164.01 V0.549 U16.156 P0.034 F1200
G1 X151.76 Y164.71 V0.023 U0.686 P0.034 F1200
G1 X168.24 Y164.71 V0.549 U16.156 P0.034 F1200
G1 X168.24 Y165.41 V0.023 U0.686 P0.034 F1200
G1 X151.76 Y165.41 V0.549 U16.156 P0.034 F1200
G1 X151.76 Y166.11 V0.023 U0.686 P0.034 F1200
G1 X165.00 Y166.11 V0.441 U12.979 P0.034 F1200
; Start to cut
M2800
M400
;CUT DISTANCE 54.8
G1 X168.24 Y166.11 V0.108 F1200
G1 X168.24 Y166.81 V0.023 F1200
G1 X151.76 Y166.81 V0.549 F1200
G1 X151.76 Y167.51 V0.023 F1200
G1 X168.24 Y167.51 V0.549 F1200
G1 X168.24 Y168.21 V0.023 F1200
G1 X151.76 Y168.21 V0.549 F1200
; Cutting completed.
G1 F600 V-1.000 ; Retract
G1 F1200 Z14.40
M1002
M400
G1 F600 V-4.000 ; Toolchange matrix retract
M104 S180 T0 ; standby
M104 S250 T1 ; pre-charge
M109 S250 T1
MOVE_TO_BRUSH_STATION
CLEAN_NOZZLE
MOVE_OUT_BRUSH_STATION
M106 P2 S0 ; fibre-side cooling, fan4
M106 P1 S130 ; part-cooling, fan3
T1 ; switch extruder type to:PLASTIC
G1 Z13.8 F7200
G1 E10 F1800
M106 S127
;LAYER_CHANGE
;Z:14
;HEIGHT:0.2
;_SET_FAN_SPEED_CHANGING_LAYER
SET_VELOCITY_LIMIT ACCEL=1000 ACCEL_TO_DECEL=500
G1 E-.8 F1800
G1 X157.385 Y156.571 Z14.4 F7200
G1 X169.346 Y169.346 Z14.4 F7200
G1 Z14 F7200
G1 E.8 F1800
;TYPE:Inner wall
;WIDTH:0.449999
G1 F3600
G1 X150.654 Y169.346 E.6327
G1 X150.654 Y150.654 E.6327
G1 X169.346 Y150.654 E.6327
G1 X169.346 Y169.306 E.63135
SET_VELOCITY_LIMIT ACCEL=500 ACCEL_TO_DECEL=250
G1 X169.775 Y169.775 F7200
;TYPE:Outer wall
G1 F3600
G1 X150.225 Y169.775 E.66174
G1 X150.225 Y150.225 E.66174
G1 X169.775 Y150.225 E.66174
G1 X169.775 Y169.735 E.66039
SET_VELOCITY_LIMIT ACCEL=1000 ACCEL_TO_DECEL=500
G1 E-.8 F1800
G1 X162.149 Y169.418 Z14.4 F7200
G1 X152.122 Y169 Z14.4 F7200
G1 Z14 F7200
G1 E.8 F1800
SET_VELOCITY_LIMIT ACCEL=500 ACCEL_TO_DECEL=250
;TYPE:Sparse infill
;WIDTH:0.45
G1 F6000
G1 X153.75 Y169 E.05512
G1 X153.705 Y168.549 E.01535
G1 X153.005 Y167.85 E.03349
G1 X151.451 Y167.694 E.05288
G1 X151 Y167.243 E.02161
G1 X151 Y164.134 E.10523
G1 X151.451 Y164.586 E.02161
G1 X153.005 Y164.741 E.05288
G1 X153.705 Y165.44 E.03349
G1 X153.86 Y166.995 E.05288
G1 X154.56 Y167.694 E.03349
G1 X156.114 Y167.85 E.05288
G1 X156.814 Y168.549 E.03349
G1 X156.859 Y169 E.01535
G1 X159.967 Y169 E.10523
G1 X159.922 Y168.549 E.01535
G1 X159.223 Y167.85 E.03349
G1 X157.668 Y167.694 E.05288
G1 X156.969 Y166.995 E.03349
G1 X156.814 Y165.44 E.05288
G1 X156.114 Y164.741 E.03349
G1 X154.56 Y164.586 E.05288
G1 X153.86 Y163.886 E.03349
G1 X153.705 Y162.332 E.05288
G1 X153.005 Y161.632 E.03349
G1 X151.451 Y161.477 E.05288
G1 X151 Y161.025 E.02161
G1 X151 Y157.917 E.10523
G1 X151.451 Y158.368 E.02161
G1 X153.005 Y158.523 E.05288
G1 X153.705 Y159.223 E.03349
G1 X153.86 Y160.777 E.05288
G1 X154.56 Y161.477 E.03349
G1 X156.114 Y161.632 E.05288
G1 X156.814 Y162.332 E.03349
G1 X156.969 Y163.886 E.05288
G1 X157.668 Y164.586 E.03349
G1 X159.223 Y164.741 E.05288
G1 X159.922 Y165.44 E.03349
G1 X160.078 Y166.995 E.05288
G1 X160.777 Y167.694 E.03349
G1 X162.332 Y167.85 E.05288
G1 X163.031 Y168.549 E.03349
G1 X163.076 Y169 E.01535
G1 X166.185 Y169 E.10523
G1 X166.14 Y168.549 E.01535
G1 X165.44 Y167.85 E.03349
G1 X163.886 Y167.694 E.05288
G1 X163.186 Y166.995 E.03349
G1 X163.031 Y165.44 E.05288
G1 X162.332 Y164.741 E.03349
G1 X160.777 Y164.586 E.05288
G1 X160.078 Y163.886 E.03349
G1 X159.922 Y162.332 E.05288
G1 X159.223 Y161.632 E.03349
G1 X157.668 Y161.477 E.05288
G1 X156.969 Y160.777 E.03349
G1 X156.814 Y159.223 E.05288
G1 X156.114 Y158.523 E.03349
G1 X154.56 Y158.368 E.05288
G1 X153.86 Y157.668 E.03349
G1 X153.705 Y156.114 E.05288
G1 X153.005 Y155.414 E.03349
G1 X151.451 Y155.259 E.05288
G1 X151 Y154.808 E.02161
G1 X151 Y151.699 E.10523
G1 X151.451 Y152.15 E.02161
G1 X153.005 Y152.306 E.05288
G1 X153.705 Y153.005 E.03349
G1 X153.86 Y154.56 E.05288
G1 X154.56 Y155.259 E.03349
G1 X156.114 Y155.414 E.05288
G1 X156.814 Y156.114 E.03349
G1 X156.969 Y157.668 E.05288
G1 X157.668 Y158.368 E.03349
G1 X159.223 Y158.523 E.05288
G1 X159.922 Y159.223 E.03349
G1 X160.078 Y160.777 E.05288
G1 X160.777 Y161.477 E.03349
G1 X162.332 Y161.632 E.05288
G1 X163.031 Y162.332 E.03349
G1 X163.186 Y163.886 E.05288
G1 X163.886 Y164.586 E.03349
G1 X165.44 Y164.741 E.05288
G1 X166.14 Y165.44 E.03349
G1 X166.295 Y166.995 E.05288
G1 X166.995 Y167.694 E.03349
G1 X168.549 Y167.85 E.05288
G1 X169 Y168.301 E.02161
G1 X169 Y165.192 E.10523
G1 X168.549 Y164.741 E.02161
G1 X166.995 Y164.586 E.05288
G1 X166.295 Y163.886 E.03349
G1 X166.14 Y162.332 E.05288
G1 X165.44 Y161.632 E.03349
G1 X163.886 Y161.477 E.05288
G1 X163.186 Y160.777 E.03349
G1 X163.031 Y159.223 E.05288
G1 X162.332 Y158.523 E.03349
G1 X160.777 Y158.368 E.05288
G1 X160.078 Y157.668 E.03349
G1 X159.922 Y156.114 E.05288
G1 X159.223 Y155.414 E.03349
G1 X157.668 Y155.259 E.05288
G1 X156.969 Y154.56 E.03349
G1 X156.814 Y153.005 E.05288
G1 X156.114 Y152.306 E.03349
G1 X154.56 Y152.15 E.05288
G1 X153.86 Y151.451 E.03349
G1 X153.815 Y151 E.01535
G1 X156.924 Y151 E.10523
G1 X156.969 Y151.451 E.01535
G1 X157.668 Y152.15 E.03349
G1 X159.223 Y152.306 E.05288
G1 X159.922 Y153.005 E.03349
G1 X160.078 Y154.56 E.05288
G1 X160.777 Y155.259 E.03349
G1 X162.332 Y155.414 E.05288
G1 X163.031 Y156.114 E.03349
G1 X163.186 Y157.668 E.05288
G1 X163.886 Y158.368 E.03349
G1 X165.44 Y158.523 E.05288
G1 X166.14 Y159.223 E.03349
G1 X166.295 Y160.777 E.05288
G1 X166.995 Y161.477 E.03349
G1 X168.549 Y161.632 E.05288
G1 X169 Y162.083 E.02161
G1 X169 Y158.975 E.10523
G1 X168.549 Y158.523 E.02161
G1 X166.995 Y158.368 E.05288
G1 X166.295 Y157.668 E.03349
G1 X166.14 Y156.114 E.05288
G1 X165.44 Y155.414 E.03349
G1 X163.886 Y155.259 E.05288
G1 X163.186 Y154.56 E.03349
G1 X163.031 Y153.005 E.05288
G1 X162.332 Y152.306 E.03349
G1 X160.777 Y152.15 E.05288
G1 X160.078 Y151.451 E.03349
G1 X160.033 Y151 E.01535
G1 X163.141 Y151 E.10523
G1 X163.186 Y151.451 E.01535
G1 X163.886 Y152.15 E.03349
G1 X165.44 Y152.306 E.05288
G1 X166.14 Y153.005 E.03349
G1 X166.295 Y154.56 E.05288
G1 X166.995 Y155.259 E.03349
G1 X168.549 Y155.414 E.05288
G1 X169 Y155.866 E.02161
G1 X169 Y152.757 E.10523
G1 X168.549 Y152.306 E.02161
G1 X166.995 Y152.15 E.05288
G1 X166.295 Y151.451 E.03349
G1 X166.25 Y151 E.01535
G1 X167.878 Y151 E.05512
M400
G1 E-10 F1800
G1 Z14.4 F7200
M104 S150 T1 ; standby
M104 S270 T0 ; pre-charge
M109 S270 T0
MOVE_TO_BRUSH_STATION
CLEAN_NOZZLE
MOVE_OUT_BRUSH_STATION
M106 P2 S130 ; fibre-side cooling, fan4
M106 P1 S0 ; part-cooling, fan3
T0 ; switch extruder type to:FIBER
; LAYER:70 [14.00]
M1001 L71
G1 F1200 Z15.20
G1 X151.11 Y151.11 F1200
G1 F1200 U55.000 ; Extrude restart
G1 F1200 Z14.00
G1 F600 V1.000 ; Recover matrix retract
G1 F600 V3.000 ; Matrix prime
G1 X167.45 Y151.11 V0.545 U16.017 P0.034 F1200
; Start to cut
M2800
M400
;CUT DISTANCE 54.8
G1 X168.89 Y151.11 V0.048 F1200
G1 X168.89 Y168.89 V0.593 F1200
G1 X151.11 Y168.89 V0.593 F1200
G1 X151.11 Y151.11 V0.593 F1200
; Cutting completed.
G1 F600 V-1.000 ; Retract
G1 F1200 Z14.60
M1002
M1001 L404
G1 F1200 Z15.20
G1 X151.76 Y152.11 F1200
G1 F1200 U55.000 ; Extrude restart
G1 F1200 Z14.00
G1 F600 V1.000 ; Recover matrix retract
G1 F600 V3.000 ; Matrix prime
G1 X168.24 Y152.11 V0.549 U16.156 P0.034 F1200
G1 X168.24 Y152.81 V0.023 U0.686 P0.034 F1200
G1 X151.76 Y152.81 V0.549 U16.156 P0.034 F1200
G1 X151.76 Y153.51 V0.023 U0.686 P0.034 F1200
G1 X168.24 Y153.51 V0.549 U16.156 P0.034 F1200
G1 X168.24 Y154.21 V0.023 U0.686 P0.034 F1200
G1 X151.76 Y154.21 V0.549 U16.156 P0.034 F1200
G1 X151.76 Y154.91 V0.023 U0.686 P0.034 F1200
G1 X168.24 Y154.91 V0.549 U16.156 P0.034 F1200
G1 X168.24 Y155.61 V0.023 U0.686 P0.034 F1200
G1 X151.76 Y155.61 V0.549 U16.156 P0.034 F1200
G1 X151.76 Y156.31 V0.023 U0.686 P0.034 F1200
G1 X168.24 Y156.31 V0.549 U16.156 P0.034 F1200
G1 X168.24 Y157.01 V0.023 U0.686 P0.034 F1200
G1 X151.76 Y157.01 V0.549 U16.156 P0.034 F1200
G1 X151.76 Y157.71 V0.023 U0.686 P0.034 F1200
G1 X168.24 Y157.71 V0.549 U16.156 P0.034 F1200
G1 X168.24 Y158.41 V0.023 U0.686 P0.034 F1200
G1 X151.76 Y158.41 V0.549 U16.156 P0.034 F1200
G1 X151.76 Y159.11 V0.023 U0.686 P0.034 F1200
G1 X168.24 Y159.11 V0.549 U16.156 P0.034 F1200
G1 X168.24 Y159.81 V0.023 U0.686 P0.034 F1200
G1 X151.76 Y159.81 V0.549 U16.156 P0.034 F1200
G1 X151.76 Y160.51 V0.023 U0.686 P0.034 F1200
G1 X168.24 Y160.51 V0.549 U16.156 P0.034 F1200
G1 X168.24 Y161.21 V0.023 U0.686 P0.034 F1200
G1 X151.76 Y161.21 V0.549 U16.156 P0.034 F1200
G1 X151.76 Y161.91 V0.023 U0.686 P0.034 F1200
M73 P69 R19
G1 X168.24 Y161.91 V0.549 U16.156 P0.034 F1200
G1 X168.24 Y162.61 V0.023 U0.686 P0.034 F1200
G1 X151.76 Y162.61 V0.549 U16.156 P0.034 F1200
G1 X151.76 Y163.31 V0.023 U0.686 P0.034 F1200
G1 X168.24 Y163.31 V0.549 U16.156 P0.034 F1200
G1 X168.24 Y164.01 V0.023 U0.686 P0.034 F1200
G1 X151.76 Y164.01 V0.549 U16.156 P0.034 F1200
G1 X151.76 Y164.71 V0.023 U0.686 P0.034 F1200
G1 X168.24 Y164.71 V0.549 U16.156 P0.034 F1200
G1 X168.24 Y165.41 V0.023 U0.686 P0.034 F1200
G1 X151.76 Y165.41 V0.549 U16.156 P0.034 F1200
G1 X151.76 Y166.11 V0.023 U0.686 P0.034 F1200
G1 X165.00 Y166.11 V0.441 U12.979 P0.034 F1200
; Start to cut
M2800
M400
;CUT DISTANCE 54.8
G1 X168.24 Y166.11 V0.108 F1200
G1 X168.24 Y166.81 V0.023 F1200
G1 X151.76 Y166.81 V0.549 F1200
G1 X151.76 Y167.51 V0.023 F1200
G1 X168.24 Y167.51 V0.549 F1200
G1 X168.24 Y168.21 V0.023 F1200
G1 X151.76 Y168.21 V0.549 F1200
; Cutting completed.
G1 F600 V-1.000 ; Retract
G1 F1200 Z14.60
M1002
M400
G1 F600 V-4.000 ; Toolchange matrix retract
M104 S180 T0 ; standby
M104 S250 T1 ; pre-charge
M109 S250 T1
MOVE_TO_BRUSH_STATION
CLEAN_NOZZLE
MOVE_OUT_BRUSH_STATION
M106 P2 S0 ; fibre-side cooling, fan4
M106 P1 S130 ; part-cooling, fan3
T1 ; switch extruder type to:PLASTIC
G1 Z14 F7200
G1 E10 F1800
M106 S125
;LAYER_CHANGE
;Z:14.2
;HEIGHT:0.2
;_SET_FAN_SPEED_CHANGING_LAYER
SET_VELOCITY_LIMIT ACCEL=1000 ACCEL_TO_DECEL=500
G1 E-.8 F1800
G1 X168.487 Y158.608 Z14.6 F7200
G1 X169.346 Y169.346 Z14.6 F7200
M73 P69 R18
G1 Z14.2 F7200
G1 E.8 F1800
;TYPE:Inner wall
;WIDTH:0.449999
G1 F3600
G1 X150.654 Y169.346 E.6327
G1 X150.654 Y150.654 E.6327
G1 X169.346 Y150.654 E.6327
G1 X169.346 Y169.306 E.63135
SET_VELOCITY_LIMIT ACCEL=500 ACCEL_TO_DECEL=250
G1 X169.775 Y169.775 F7200
;TYPE:Outer wall
G1 F3600
G1 X150.225 Y169.775 E.66174
G1 X150.225 Y150.225 E.66174
G1 X169.775 Y150.225 E.66174
G1 X169.775 Y169.735 E.66039
SET_VELOCITY_LIMIT ACCEL=1000 ACCEL_TO_DECEL=500
G1 E-.8 F1800
G1 X167.634 Y169 Z14.6 F7200
G1 Z14.2 F7200
G1 E.8 F1800
SET_VELOCITY_LIMIT ACCEL=500 ACCEL_TO_DECEL=250
;TYPE:Sparse infill
;WIDTH:0.45
G1 F6000
G1 X169 Y169 E.04627
G1 X169 Y168.739 E.00885
G1 X168.895 Y168.549 E.00735
G1 X168.549 Y168.203 E.01656
G1 X166.995 Y167.341 E.06017
G1 X166.649 Y166.995 E.01656
G1 X165.786 Y165.44 E.06017
G1 X165.44 Y165.094 E.01656
G1 X163.886 Y164.232 E.06017
G1 X163.54 Y163.886 E.01656
G1 X162.678 Y162.332 E.06017
G1 X162.332 Y161.986 E.01656
G1 X160.777 Y161.123 E.06017
G1 X160.431 Y160.777 E.01656
G1 X159.569 Y159.223 E.06017
G1 X159.223 Y158.877 E.01656
G1 X157.668 Y158.014 E.06017
G1 X157.322 Y157.668 E.01656
G1 X156.46 Y156.114 E.06017
G1 X156.114 Y155.768 E.01656
G1 X154.56 Y154.906 E.06017
G1 X154.214 Y154.56 E.01656
G1 X153.351 Y153.005 E.06017
G1 X153.005 Y152.659 E.01656
G1 X151.451 Y151.797 E.06017
G1 X151.105 Y151.451 E.01656
G1 X151 Y151.261 E.00735
G1 X151 Y154.37 E.10523
G1 X151.105 Y154.56 E.00735
G1 X151.451 Y154.906 E.01656
G1 X153.005 Y155.768 E.06017
G1 X153.351 Y156.114 E.01656
G1 X154.214 Y157.668 E.06017
G1 X154.56 Y158.014 E.01656
G1 X156.114 Y158.877 E.06017
G1 X156.46 Y159.223 E.01656
G1 X157.322 Y160.777 E.06017
G1 X157.668 Y161.123 E.01656
G1 X159.223 Y161.986 E.06017
G1 X159.569 Y162.332 E.01656
G1 X160.431 Y163.886 E.06017
G1 X160.777 Y164.232 E.01656
G1 X162.332 Y165.094 E.06017
G1 X162.678 Y165.44 E.01656
G1 X163.54 Y166.995 E.06017
G1 X163.886 Y167.341 E.01656
G1 X165.44 Y168.203 E.06017
G1 X165.786 Y168.549 E.01656
G1 X166.037 Y169 E.01747
G1 X162.928 Y169 E.10523
G1 X162.678 Y168.549 E.01747
G1 X162.332 Y168.203 E.01656
G1 X160.777 Y167.341 E.06017
G1 X160.431 Y166.995 E.01656
G1 X159.569 Y165.44 E.06017
G1 X159.223 Y165.094 E.01656
G1 X157.668 Y164.232 E.06017
G1 X157.322 Y163.886 E.01656
G1 X156.46 Y162.332 E.06017
G1 X156.114 Y161.986 E.01656
G1 X154.56 Y161.123 E.06017
G1 X154.214 Y160.777 E.01656
G1 X153.351 Y159.223 E.06017
G1 X153.005 Y158.877 E.01656
G1 X151.451 Y158.014 E.06017
G1 X151.105 Y157.668 E.01656
G1 X151 Y157.479 E.00735
G1 X151 Y160.587 E.10523
G1 X151.105 Y160.777 E.00735
G1 X151.451 Y161.123 E.01656
G1 X153.005 Y161.986 E.06017
G1 X153.351 Y162.332 E.01656
G1 X154.214 Y163.886 E.06017
G1 X154.56 Y164.232 E.01656
G1 X156.114 Y165.094 E.06017
G1 X156.46 Y165.44 E.01656
G1 X157.322 Y166.995 E.06017
G1 X157.668 Y167.341 E.01656
G1 X159.223 Y168.203 E.06017
G1 X159.569 Y168.549 E.01656
G1 X159.819 Y169 E.01747
G1 X156.71 Y169 E.10523
G1 X156.46 Y168.549 E.01747
G1 X156.114 Y168.203 E.01656
G1 X154.56 Y167.341 E.06017
G1 X154.214 Y166.995 E.01656
G1 X153.351 Y165.44 E.06017
G1 X153.005 Y165.094 E.01656
G1 X151.451 Y164.232 E.06017
G1 X151.105 Y163.886 E.01656
G1 X151 Y163.696 E.00735
G1 X151 Y166.805 E.10523
G1 X151.105 Y166.995 E.00735
G1 X151.451 Y167.341 E.01656
G1 X153.005 Y168.203 E.06017
G1 X153.351 Y168.549 E.01656
G1 X153.602 Y169 E.01747
G1 X151.973 Y169 E.05512
SET_VELOCITY_LIMIT ACCEL=1000 ACCEL_TO_DECEL=500
G1 E-.8 F1800
G1 X152.127 Y161.37 Z14.6 F7200
G1 X152.335 Y151 Z14.6 F7200
G1 Z14.2 F7200
G1 E.8 F1800
SET_VELOCITY_LIMIT ACCEL=500 ACCEL_TO_DECEL=250
G1 F6000
G1 X153.963 Y151 E.05512
G1 X154.214 Y151.451 E.01747
G1 X154.56 Y151.797 E.01656
G1 X156.114 Y152.659 E.06017
G1 X156.46 Y153.005 E.01656
G1 X157.322 Y154.56 E.06017
G1 X157.668 Y154.906 E.01656
G1 X159.223 Y155.768 E.06017
G1 X159.569 Y156.114 E.01656
G1 X160.431 Y157.668 E.06017
G1 X160.777 Y158.014 E.01656
G1 X162.332 Y158.877 E.06017
G1 X162.678 Y159.223 E.01656
G1 X163.54 Y160.777 E.06017
G1 X163.886 Y161.123 E.01656
G1 X165.44 Y161.986 E.06017
G1 X165.786 Y162.332 E.01656
G1 X166.649 Y163.886 E.06017
G1 X166.995 Y164.232 E.01656
G1 X168.549 Y165.094 E.06017
G1 X168.895 Y165.44 E.01656
G1 X169 Y165.63 E.00735
G1 X169 Y162.521 E.10523
G1 X168.895 Y162.332 E.00735
G1 X168.549 Y161.986 E.01656
G1 X166.995 Y161.123 E.06017
G1 X166.649 Y160.777 E.01656
G1 X165.786 Y159.223 E.06017
G1 X165.44 Y158.877 E.01656
G1 X163.886 Y158.014 E.06017
G1 X163.54 Y157.668 E.01656
G1 X162.678 Y156.114 E.06017
G1 X162.332 Y155.768 E.01656
G1 X160.777 Y154.906 E.06017
G1 X160.431 Y154.56 E.01656
G1 X159.569 Y153.005 E.06017
G1 X159.223 Y152.659 E.01656
G1 X157.668 Y151.797 E.06017
G1 X157.322 Y151.451 E.01656
G1 X157.072 Y151 E.01747
G1 X160.181 Y151 E.10523
G1 X160.431 Y151.451 E.01747
G1 X160.777 Y151.797 E.01656
G1 X162.332 Y152.659 E.06017
G1 X162.678 Y153.005 E.01656
G1 X163.54 Y154.56 E.06017
G1 X163.886 Y154.906 E.01656
G1 X165.44 Y155.768 E.06017
G1 X165.786 Y156.114 E.01656
G1 X166.649 Y157.668 E.06017
G1 X166.995 Y158.014 E.01656
G1 X168.549 Y158.877 E.06017
G1 X168.895 Y159.223 E.01656
G1 X169 Y159.413 E.00735
G1 X169 Y156.304 E.10523
G1 X168.895 Y156.114 E.00735
G1 X168.549 Y155.768 E.01656
G1 X166.995 Y154.906 E.06017
G1 X166.649 Y154.56 E.01656
G1 X165.786 Y153.005 E.06017
G1 X165.44 Y152.659 E.01656
G1 X163.886 Y151.797 E.06017
G1 X163.54 Y151.451 E.01656
G1 X163.29 Y151 E.01747
G1 X166.398 Y151 E.10523
G1 X166.649 Y151.451 E.01747
G1 X166.995 Y151.797 E.01656
G1 X168.549 Y152.659 E.06017
G1 X168.895 Y153.005 E.01656
G1 X169 Y153.195 E.00735
G1 X169 Y151.567 E.05512
M400
G1 E-10 F1800
G1 Z14.6 F7200
M104 S150 T1 ; standby
M104 S270 T0 ; pre-charge
M109 S270 T0
MOVE_TO_BRUSH_STATION
CLEAN_NOZZLE
MOVE_OUT_BRUSH_STATION
M106 P2 S127 ; fibre-side cooling, fan4
M106 P1 S0 ; part-cooling, fan3
T0 ; switch extruder type to:FIBER
; LAYER:71 [14.20]
M1001 L71
G1 F1200 Z15.40
G1 X151.11 Y151.11 F1200
G1 F1200 U55.000 ; Extrude restart
G1 F1200 Z14.20
G1 F600 V1.000 ; Recover matrix retract
G1 F600 V3.000 ; Matrix prime
G1 X167.45 Y151.11 V0.545 U16.017 P0.034 F1200
; Start to cut
M2800
M400
;CUT DISTANCE 54.8
G1 X168.89 Y151.11 V0.048 F1200
G1 X168.89 Y168.89 V0.593 F1200
G1 X151.11 Y168.89 V0.593 F1200
G1 X151.11 Y151.11 V0.593 F1200
; Cutting completed.
G1 F600 V-1.000 ; Retract
G1 F1200 Z14.80
M1002
M1001 L404
G1 F1200 Z15.40
G1 X167.89 Y151.76 F1200
G1 F1200 U55.000 ; Extrude restart
G1 F1200 Z14.20
G1 F600 V1.000 ; Recover matrix retract
G1 F600 V3.000 ; Matrix prime
G1 X167.89 Y168.24 V0.549 U16.156 P0.034 F1200
G1 X167.19 Y168.24 V0.023 U0.686 P0.034 F1200
G1 X167.19 Y151.76 V0.549 U16.156 P0.034 F1200
G1 X166.49 Y151.76 V0.023 U0.686 P0.034 F1200
G1 X166.49 Y168.24 V0.549 U16.156 P0.034 F1200
G1 X165.79 Y168.24 V0.023 U0.686 P0.034 F1200
G1 X165.79 Y151.76 V0.549 U16.156 P0.034 F1200
G1 X165.09 Y151.76 V0.023 U0.686 P0.034 F1200
G1 X165.09 Y168.24 V0.549 U16.156 P0.034 F1200
G1 X164.39 Y168.24 V0.023 U0.686 P0.034 F1200
G1 X164.39 Y151.76 V0.549 U16.156 P0.034 F1200
G1 X163.69 Y151.76 V0.023 U0.686 P0.034 F1200
G1 X163.69 Y168.24 V0.549 U16.156 P0.034 F1200
G1 X162.99 Y168.24 V0.023 U0.686 P0.034 F1200
G1 X162.99 Y151.76 V0.549 U16.156 P0.034 F1200
G1 X162.29 Y151.76 V0.023 U0.686 P0.034 F1200
G1 X162.29 Y168.24 V0.549 U16.156 P0.034 F1200
G1 X161.59 Y168.24 V0.023 U0.686 P0.034 F1200
G1 X161.59 Y151.76 V0.549 U16.156 P0.034 F1200
G1 X160.89 Y151.76 V0.023 U0.686 P0.034 F1200
G1 X160.89 Y168.24 V0.549 U16.156 P0.034 F1200
G1 X160.19 Y168.24 V0.023 U0.686 P0.034 F1200
G1 X160.19 Y151.76 V0.549 U16.156 P0.034 F1200
G1 X159.49 Y151.76 V0.023 U0.686 P0.034 F1200
G1 X159.49 Y168.24 V0.549 U16.156 P0.034 F1200
G1 X158.79 Y168.24 V0.023 U0.686 P0.034 F1200
M73 P70 R18
G1 X158.79 Y151.76 V0.549 U16.156 P0.034 F1200
G1 X158.09 Y151.76 V0.023 U0.686 P0.034 F1200
G1 X158.09 Y168.24 V0.549 U16.156 P0.034 F1200
G1 X157.39 Y168.24 V0.023 U0.686 P0.034 F1200
G1 X157.39 Y151.76 V0.549 U16.156 P0.034 F1200
G1 X156.69 Y151.76 V0.023 U0.686 P0.034 F1200
G1 X156.69 Y168.24 V0.549 U16.156 P0.034 F1200
G1 X155.99 Y168.24 V0.023 U0.686 P0.034 F1200
G1 X155.99 Y151.76 V0.549 U16.156 P0.034 F1200
G1 X155.29 Y151.76 V0.023 U0.686 P0.034 F1200
G1 X155.29 Y168.24 V0.549 U16.156 P0.034 F1200
G1 X154.59 Y168.24 V0.023 U0.686 P0.034 F1200
G1 X154.59 Y151.76 V0.549 U16.156 P0.034 F1200
G1 X153.89 Y151.76 V0.023 U0.686 P0.034 F1200
G1 X153.89 Y165.00 V0.441 U12.979 P0.034 F1200
; Start to cut
M2800
M400
;CUT DISTANCE 54.8
G1 X153.89 Y168.24 V0.108 F1200
G1 X153.19 Y168.24 V0.023 F1200
G1 X153.19 Y151.76 V0.549 F1200
G1 X152.49 Y151.76 V0.023 F1200
G1 X152.49 Y168.24 V0.549 F1200
G1 X151.79 Y168.24 V0.023 F1200
G1 X151.79 Y151.76 V0.549 F1200
; Cutting completed.
G1 F600 V-1.000 ; Retract
G1 F1200 Z14.80
M1002
M400
G1 F600 V-4.000 ; Toolchange matrix retract
M104 S180 T0 ; standby
M104 S250 T1 ; pre-charge
M109 S250 T1
MOVE_TO_BRUSH_STATION
CLEAN_NOZZLE
MOVE_OUT_BRUSH_STATION
M106 P2 S0 ; fibre-side cooling, fan4
M106 P1 S127 ; part-cooling, fan3
T1 ; switch extruder type to:PLASTIC
G1 Z14.2 F7200
G1 E10 F1800
M106 S130
;LAYER_CHANGE
;Z:14.4
;HEIGHT:0.2
;_SET_FAN_SPEED_CHANGING_LAYER
SET_VELOCITY_LIMIT ACCEL=1000 ACCEL_TO_DECEL=500
G1 E-.8 F1800
G1 X169.149 Y159.198 Z14.8 F7200
G1 X169.346 Y169.346 Z14.8 F7200
G1 Z14.4 F7200
G1 E.8 F1800
;TYPE:Inner wall
;WIDTH:0.449999
G1 F3600
G1 X150.654 Y169.346 E.6327
G1 X150.654 Y150.654 E.6327
G1 X169.346 Y150.654 E.6327
G1 X169.346 Y169.306 E.63135
SET_VELOCITY_LIMIT ACCEL=500 ACCEL_TO_DECEL=250
G1 X169.775 Y169.775 F7200
;TYPE:Outer wall
G1 F3600
G1 X150.225 Y169.775 E.66174
G1 X150.225 Y150.225 E.66174
G1 X169.775 Y150.225 E.66174
G1 X169.775 Y169.735 E.66039
SET_VELOCITY_LIMIT ACCEL=1000 ACCEL_TO_DECEL=500
G1 E-.8 F1800
G1 X169.445 Y162.11 Z14.8 F7200
G1 X169 Y151.828 Z14.8 F7200
G1 Z14.4 F7200
G1 E.8 F1800
SET_VELOCITY_LIMIT ACCEL=500 ACCEL_TO_DECEL=250
;TYPE:Sparse infill
;WIDTH:0.45
G1 F6000
G1 X169 Y153.457 E.05512
G1 X166.543 Y151 E.11762
G1 X163.435 Y151 E.10523
G1 X169 Y156.565 E.26643
G1 X169 Y159.674 E.10523
G1 X160.326 Y151 E.41525
G1 X157.217 Y151 E.10523
G1 X169 Y162.783 E.56406
G1 X169 Y165.892 E.10523
G1 X154.108 Y151 E.71288
G1 X151 Y151 E.10523
G1 X169 Y169 E.86169
G1 X165.892 Y169 E.10523
G1 X151 Y154.108 E.71288
G1 X151 Y157.217 E.10523
G1 X162.783 Y169 E.56406
G1 X159.674 Y169 E.10523
G1 X151 Y160.326 E.41525
G1 X151 Y163.435 E.10523
G1 X156.565 Y169 E.26643
G1 X153.457 Y169 E.10523
G1 X151 Y166.543 E.11762
G1 X151 Y168.172 E.05512
M400
G1 E-10 F1800
G1 Z14.8 F7200
M104 S150 T1 ; standby
M104 S270 T0 ; pre-charge
M109 S270 T0
MOVE_TO_BRUSH_STATION
CLEAN_NOZZLE
MOVE_OUT_BRUSH_STATION
M106 P2 S124 ; fibre-side cooling, fan4
M106 P1 S0 ; part-cooling, fan3
T0 ; switch extruder type to:FIBER
; LAYER:72 [14.40]
M1001 L71
G1 F1200 Z15.60
G1 X151.11 Y151.11 F1200
G1 F1200 U55.000 ; Extrude restart
G1 F1200 Z14.40
G1 F600 V1.000 ; Recover matrix retract
G1 F600 V3.000 ; Matrix prime
G1 X167.45 Y151.11 V0.545 U16.017 P0.034 F1200
; Start to cut
M2800
M400
;CUT DISTANCE 54.8
G1 X168.89 Y151.11 V0.048 F1200
G1 X168.89 Y168.89 V0.593 F1200
G1 X151.11 Y168.89 V0.593 F1200
G1 X151.11 Y151.11 V0.593 F1200
; Cutting completed.
G1 F600 V-1.000 ; Retract
G1 F1200 Z15.00
M1002
M1001 L404
G1 F1200 Z15.60
G1 X151.76 Y152.11 F1200
G1 F1200 U55.000 ; Extrude restart
G1 F1200 Z14.40
G1 F600 V1.000 ; Recover matrix retract
G1 F600 V3.000 ; Matrix prime
G1 X168.24 Y152.11 V0.549 U16.156 P0.034 F1200
G1 X168.24 Y152.81 V0.023 U0.686 P0.034 F1200
G1 X151.76 Y152.81 V0.549 U16.156 P0.034 F1200
G1 X151.76 Y153.51 V0.023 U0.686 P0.034 F1200
G1 X168.24 Y153.51 V0.549 U16.156 P0.034 F1200
G1 X168.24 Y154.21 V0.023 U0.686 P0.034 F1200
G1 X151.76 Y154.21 V0.549 U16.156 P0.034 F1200
G1 X151.76 Y154.91 V0.023 U0.686 P0.034 F1200
G1 X168.24 Y154.91 V0.549 U16.156 P0.034 F1200
G1 X168.24 Y155.61 V0.023 U0.686 P0.034 F1200
G1 X151.76 Y155.61 V0.549 U16.156 P0.034 F1200
G1 X151.76 Y156.31 V0.023 U0.686 P0.034 F1200
G1 X168.24 Y156.31 V0.549 U16.156 P0.034 F1200
G1 X168.24 Y157.01 V0.023 U0.686 P0.034 F1200
G1 X151.76 Y157.01 V0.549 U16.156 P0.034 F1200
G1 X151.76 Y157.71 V0.023 U0.686 P0.034 F1200
G1 X168.24 Y157.71 V0.549 U16.156 P0.034 F1200
G1 X168.24 Y158.41 V0.023 U0.686 P0.034 F1200
G1 X151.76 Y158.41 V0.549 U16.156 P0.034 F1200
G1 X151.76 Y159.11 V0.023 U0.686 P0.034 F1200
M73 P70 R17
G1 X168.24 Y159.11 V0.549 U16.156 P0.034 F1200
G1 X168.24 Y159.81 V0.023 U0.686 P0.034 F1200
G1 X151.76 Y159.81 V0.549 U16.156 P0.034 F1200
G1 X151.76 Y160.51 V0.023 U0.686 P0.034 F1200
G1 X168.24 Y160.51 V0.549 U16.156 P0.034 F1200
G1 X168.24 Y161.21 V0.023 U0.686 P0.034 F1200
G1 X151.76 Y161.21 V0.549 U16.156 P0.034 F1200
G1 X151.76 Y161.91 V0.023 U0.686 P0.034 F1200
G1 X168.24 Y161.91 V0.549 U16.156 P0.034 F1200
G1 X168.24 Y162.61 V0.023 U0.686 P0.034 F1200
M73 P71 R17
G1 X151.76 Y162.61 V0.549 U16.156 P0.034 F1200
G1 X151.76 Y163.31 V0.023 U0.686 P0.034 F1200
G1 X168.24 Y163.31 V0.549 U16.156 P0.034 F1200
G1 X168.24 Y164.01 V0.023 U0.686 P0.034 F1200
G1 X151.76 Y164.01 V0.549 U16.156 P0.034 F1200
G1 X151.76 Y164.71 V0.023 U0.686 P0.034 F1200
G1 X168.24 Y164.71 V0.549 U16.156 P0.034 F1200
G1 X168.24 Y165.41 V0.023 U0.686 P0.034 F1200
G1 X151.76 Y165.41 V0.549 U16.156 P0.034 F1200
G1 X151.76 Y166.11 V0.023 U0.686 P0.034 F1200
G1 X165.00 Y166.11 V0.441 U12.979 P0.034 F1200
; Start to cut
M2800
M400
;CUT DISTANCE 54.8
G1 X168.24 Y166.11 V0.108 F1200
G1 X168.24 Y166.81 V0.023 F1200
G1 X151.76 Y166.81 V0.549 F1200
G1 X151.76 Y167.51 V0.023 F1200
G1 X168.24 Y167.51 V0.549 F1200
G1 X168.24 Y168.21 V0.023 F1200
G1 X151.76 Y168.21 V0.549 F1200
; Cutting completed.
G1 F600 V-1.000 ; Retract
G1 F1200 Z15.00
M1002
M400
G1 F600 V-4.000 ; Toolchange matrix retract
M104 S180 T0 ; standby
M104 S250 T1 ; pre-charge
M109 S250 T1
MOVE_TO_BRUSH_STATION
CLEAN_NOZZLE
MOVE_OUT_BRUSH_STATION
M106 P2 S0 ; fibre-side cooling, fan4
M106 P1 S124 ; part-cooling, fan3
T1 ; switch extruder type to:PLASTIC
G1 Z14.4 F7200
G1 E10 F1800
;LAYER_CHANGE
;Z:14.6
;HEIGHT:0.200001
;_SET_FAN_SPEED_CHANGING_LAYER
SET_VELOCITY_LIMIT ACCEL=1000 ACCEL_TO_DECEL=500
G1 E-.8 F1800
G1 X158.616 Y168.659 Z15 F7200
G1 X169.346 Y169.346 Z15 F7200
G1 Z14.6 F7200
G1 E.8 F1800
;TYPE:Inner wall
;WIDTH:0.449999
G1 F3600
G1 X150.654 Y169.346 E.6327
G1 X150.654 Y150.654 E.6327
G1 X169.346 Y150.654 E.6327
G1 X169.346 Y169.306 E.63135
SET_VELOCITY_LIMIT ACCEL=500 ACCEL_TO_DECEL=250
G1 X169.775 Y169.775 F7200
;TYPE:Outer wall
G1 F3600
G1 X150.225 Y169.775 E.66174
G1 X150.225 Y150.225 E.66174
G1 X169.775 Y150.225 E.66174
G1 X169.775 Y169.735 E.66039
SET_VELOCITY_LIMIT ACCEL=1000 ACCEL_TO_DECEL=500
G1 E-.8 F1800
G1 X169.445 Y162.11 Z15 F7200
G1 X169 Y151.828 Z15 F7200
G1 Z14.6 F7200
G1 E.8 F1800
SET_VELOCITY_LIMIT ACCEL=500 ACCEL_TO_DECEL=250
;TYPE:Sparse infill
;WIDTH:0.45
G1 F6000
G1 X169 Y153.457 E.05512
G1 X166.543 Y151 E.11762
G1 X163.435 Y151 E.10523
G1 X169 Y156.565 E.26643
G1 X169 Y159.674 E.10523
G1 X160.326 Y151 E.41525
G1 X157.217 Y151 E.10523
G1 X169 Y162.783 E.56406
G1 X169 Y165.892 E.10523
G1 X154.108 Y151 E.71288
G1 X151 Y151 E.10523
G1 X169 Y169 E.86169
G1 X165.892 Y169 E.10523
G1 X151 Y154.108 E.71288
G1 X151 Y157.217 E.10523
G1 X162.783 Y169 E.56406
G1 X159.674 Y169 E.10523
G1 X151 Y160.326 E.41525
G1 X151 Y163.435 E.10523
G1 X156.565 Y169 E.26643
G1 X153.457 Y169 E.10523
G1 X151 Y166.543 E.11762
G1 X151 Y168.172 E.05512
M400
G1 E-10 F1800
G1 Z15 F7200
M104 S150 T1 ; standby
M104 S270 T0 ; pre-charge
M109 S270 T0
MOVE_TO_BRUSH_STATION
CLEAN_NOZZLE
MOVE_OUT_BRUSH_STATION
M106 P2 S130 ; fibre-side cooling, fan4
M106 P1 S0 ; part-cooling, fan3
T0 ; switch extruder type to:FIBER
; LAYER:73 [14.60]
M1001 L71
G1 F1200 Z15.80
G1 X151.11 Y151.11 F1200
G1 F1200 U55.000 ; Extrude restart
G1 F1200 Z14.60
G1 F600 V1.000 ; Recover matrix retract
G1 F600 V3.000 ; Matrix prime
G1 X167.45 Y151.11 V0.545 U16.017 P0.034 F1200
; Start to cut
M2800
M400
;CUT DISTANCE 54.8
G1 X168.89 Y151.11 V0.048 F1200
G1 X168.89 Y168.89 V0.593 F1200
G1 X151.11 Y168.89 V0.593 F1200
G1 X151.11 Y151.11 V0.593 F1200
; Cutting completed.
G1 F600 V-1.000 ; Retract
G1 F1200 Z15.20
M1002
M1001 L404
G1 F1200 Z15.80
G1 X151.76 Y152.11 F1200
G1 F1200 U55.000 ; Extrude restart
G1 F1200 Z14.60
G1 F600 V1.000 ; Recover matrix retract
G1 F600 V3.000 ; Matrix prime
G1 X168.24 Y152.11 V0.549 U16.156 P0.034 F1200
G1 X168.24 Y152.81 V0.023 U0.686 P0.034 F1200
G1 X151.76 Y152.81 V0.549 U16.156 P0.034 F1200
G1 X151.76 Y153.51 V0.023 U0.686 P0.034 F1200
G1 X168.24 Y153.51 V0.549 U16.156 P0.034 F1200
G1 X168.24 Y154.21 V0.023 U0.686 P0.034 F1200
G1 X151.76 Y154.21 V0.549 U16.156 P0.034 F1200
G1 X151.76 Y154.91 V0.023 U0.686 P0.034 F1200
G1 X168.24 Y154.91 V0.549 U16.156 P0.034 F1200
G1 X168.24 Y155.61 V0.023 U0.686 P0.034 F1200
G1 X151.76 Y155.61 V0.549 U16.156 P0.034 F1200
G1 X151.76 Y156.31 V0.023 U0.686 P0.034 F1200
G1 X168.24 Y156.31 V0.549 U16.156 P0.034 F1200
G1 X168.24 Y157.01 V0.023 U0.686 P0.034 F1200
G1 X151.76 Y157.01 V0.549 U16.156 P0.034 F1200
G1 X151.76 Y157.71 V0.023 U0.686 P0.034 F1200
G1 X168.24 Y157.71 V0.549 U16.156 P0.034 F1200
G1 X168.24 Y158.41 V0.023 U0.686 P0.034 F1200
G1 X151.76 Y158.41 V0.549 U16.156 P0.034 F1200
G1 X151.76 Y159.11 V0.023 U0.686 P0.034 F1200
G1 X168.24 Y159.11 V0.549 U16.156 P0.034 F1200
G1 X168.24 Y159.81 V0.023 U0.686 P0.034 F1200
G1 X151.76 Y159.81 V0.549 U16.156 P0.034 F1200
G1 X151.76 Y160.51 V0.023 U0.686 P0.034 F1200
G1 X168.24 Y160.51 V0.549 U16.156 P0.034 F1200
G1 X168.24 Y161.21 V0.023 U0.686 P0.034 F1200
G1 X151.76 Y161.21 V0.549 U16.156 P0.034 F1200
G1 X151.76 Y161.91 V0.023 U0.686 P0.034 F1200
G1 X168.24 Y161.91 V0.549 U16.156 P0.034 F1200
G1 X168.24 Y162.61 V0.023 U0.686 P0.034 F1200
G1 X151.76 Y162.61 V0.549 U16.156 P0.034 F1200
G1 X151.76 Y163.31 V0.023 U0.686 P0.034 F1200
G1 X168.24 Y163.31 V0.549 U16.156 P0.034 F1200
G1 X168.24 Y164.01 V0.023 U0.686 P0.034 F1200
G1 X151.76 Y164.01 V0.549 U16.156 P0.034 F1200
G1 X151.76 Y164.71 V0.023 U0.686 P0.034 F1200
M73 P72 R17
G1 X168.24 Y164.71 V0.549 U16.156 P0.034 F1200
G1 X168.24 Y165.41 V0.023 U0.686 P0.034 F1200
G1 X151.76 Y165.41 V0.549 U16.156 P0.034 F1200
G1 X151.76 Y166.11 V0.023 U0.686 P0.034 F1200
G1 X165.00 Y166.11 V0.441 U12.979 P0.034 F1200
; Start to cut
M2800
M400
;CUT DISTANCE 54.8
G1 X168.24 Y166.11 V0.108 F1200
G1 X168.24 Y166.81 V0.023 F1200
G1 X151.76 Y166.81 V0.549 F1200
G1 X151.76 Y167.51 V0.023 F1200
G1 X168.24 Y167.51 V0.549 F1200
G1 X168.24 Y168.21 V0.023 F1200
G1 X151.76 Y168.21 V0.549 F1200
; Cutting completed.
G1 F600 V-1.000 ; Retract
G1 F1200 Z15.20
M1002
M400
G1 F600 V-4.000 ; Toolchange matrix retract
M104 S180 T0 ; standby
M104 S250 T1 ; pre-charge
M109 S250 T1
MOVE_TO_BRUSH_STATION
CLEAN_NOZZLE
MOVE_OUT_BRUSH_STATION
M106 P2 S0 ; fibre-side cooling, fan4
M106 P1 S130 ; part-cooling, fan3
T1 ; switch extruder type to:PLASTIC
G1 Z14.6 F7200
G1 E10 F1800
M106 S125
;LAYER_CHANGE
;Z:14.8
;HEIGHT:0.2
;_SET_FAN_SPEED_CHANGING_LAYER
SET_VELOCITY_LIMIT ACCEL=1000 ACCEL_TO_DECEL=500
G1 E-.8 F1800
G1 X158.616 Y168.659 Z15.2 F7200
G1 X169.346 Y169.346 Z15.2 F7200
G1 Z14.8 F7200
G1 E.8 F1800
;TYPE:Inner wall
;WIDTH:0.449999
G1 F3600
G1 X150.654 Y169.346 E.6327
G1 X150.654 Y150.654 E.6327
G1 X169.346 Y150.654 E.6327
G1 X169.346 Y169.306 E.63135
SET_VELOCITY_LIMIT ACCEL=500 ACCEL_TO_DECEL=250
G1 X169.775 Y169.775 F7200
;TYPE:Outer wall
G1 F3600
G1 X150.225 Y169.775 E.66174
G1 X150.225 Y150.225 E.66174
G1 X169.775 Y150.225 E.66174
G1 X169.775 Y169.735 E.66039
SET_VELOCITY_LIMIT ACCEL=1000 ACCEL_TO_DECEL=500
G1 E-.8 F1800
G1 X169.445 Y162.11 Z15.2 F7200
G1 X169 Y151.828 Z15.2 F7200
G1 Z14.8 F7200
G1 E.8 F1800
SET_VELOCITY_LIMIT ACCEL=500 ACCEL_TO_DECEL=250
;TYPE:Sparse infill
;WIDTH:0.45
G1 F6000
G1 X169 Y153.457 E.05512
G1 X166.543 Y151 E.11762
G1 X163.435 Y151 E.10523
G1 X169 Y156.565 E.26643
G1 X169 Y159.674 E.10523
G1 X160.326 Y151 E.41525
G1 X157.217 Y151 E.10523
G1 X169 Y162.783 E.56406
G1 X169 Y165.892 E.10523
G1 X154.108 Y151 E.71288
G1 X151 Y151 E.10523
G1 X169 Y169 E.86169
G1 X165.892 Y169 E.10523
G1 X151 Y154.108 E.71288
G1 X151 Y157.217 E.10523
G1 X162.783 Y169 E.56406
G1 X159.674 Y169 E.10523
G1 X151 Y160.326 E.41525
G1 X151 Y163.435 E.10523
G1 X156.565 Y169 E.26643
G1 X153.457 Y169 E.10523
G1 X151 Y166.543 E.11762
G1 X151 Y168.172 E.05512
M400
G1 E-10 F1800
G1 Z15.2 F7200
M104 S150 T1 ; standby
M104 S270 T0 ; pre-charge
M109 S270 T0
MOVE_TO_BRUSH_STATION
CLEAN_NOZZLE
MOVE_OUT_BRUSH_STATION
M106 P2 S130 ; fibre-side cooling, fan4
M106 P1 S0 ; part-cooling, fan3
T0 ; switch extruder type to:FIBER
; LAYER:74 [14.80]
M1001 L71
G1 F1200 Z16.00
G1 X151.11 Y151.11 F1200
G1 F1200 U55.000 ; Extrude restart
G1 F1200 Z14.80
G1 F600 V1.000 ; Recover matrix retract
G1 F600 V3.000 ; Matrix prime
G1 X167.45 Y151.11 V0.545 U16.017 P0.034 F1200
; Start to cut
M2800
M400
;CUT DISTANCE 54.8
G1 X168.89 Y151.11 V0.048 F1200
G1 X168.89 Y168.89 V0.593 F1200
G1 X151.11 Y168.89 V0.593 F1200
G1 X151.11 Y151.11 V0.593 F1200
M73 P72 R16
; Cutting completed.
G1 F600 V-1.000 ; Retract
G1 F1200 Z15.40
M1002
M1001 L404
G1 F1200 Z16.00
G1 X167.89 Y151.76 F1200
G1 F1200 U55.000 ; Extrude restart
G1 F1200 Z14.80
G1 F600 V1.000 ; Recover matrix retract
G1 F600 V3.000 ; Matrix prime
G1 X167.89 Y168.24 V0.549 U16.156 P0.034 F1200
G1 X167.19 Y168.24 V0.023 U0.686 P0.034 F1200
G1 X167.19 Y151.76 V0.549 U16.156 P0.034 F1200
G1 X166.49 Y151.76 V0.023 U0.686 P0.034 F1200
G1 X166.49 Y168.24 V0.549 U16.156 P0.034 F1200
G1 X165.79 Y168.24 V0.023 U0.686 P0.034 F1200
G1 X165.79 Y151.76 V0.549 U16.156 P0.034 F1200
G1 X165.09 Y151.76 V0.023 U0.686 P0.034 F1200
G1 X165.09 Y168.24 V0.549 U16.156 P0.034 F1200
G1 X164.39 Y168.24 V0.023 U0.686 P0.034 F1200
G1 X164.39 Y151.76 V0.549 U16.156 P0.034 F1200
G1 X163.69 Y151.76 V0.023 U0.686 P0.034 F1200
G1 X163.69 Y168.24 V0.549 U16.156 P0.034 F1200
G1 X162.99 Y168.24 V0.023 U0.686 P0.034 F1200
G1 X162.99 Y151.76 V0.549 U16.156 P0.034 F1200
G1 X162.29 Y151.76 V0.023 U0.686 P0.034 F1200
G1 X162.29 Y168.24 V0.549 U16.156 P0.034 F1200
G1 X161.59 Y168.24 V0.023 U0.686 P0.034 F1200
G1 X161.59 Y151.76 V0.549 U16.156 P0.034 F1200
G1 X160.89 Y151.76 V0.023 U0.686 P0.034 F1200
G1 X160.89 Y168.24 V0.549 U16.156 P0.034 F1200
G1 X160.19 Y168.24 V0.023 U0.686 P0.034 F1200
G1 X160.19 Y151.76 V0.549 U16.156 P0.034 F1200
G1 X159.49 Y151.76 V0.023 U0.686 P0.034 F1200
G1 X159.49 Y168.24 V0.549 U16.156 P0.034 F1200
G1 X158.79 Y168.24 V0.023 U0.686 P0.034 F1200
G1 X158.79 Y151.76 V0.549 U16.156 P0.034 F1200
G1 X158.09 Y151.76 V0.023 U0.686 P0.034 F1200
G1 X158.09 Y168.24 V0.549 U16.156 P0.034 F1200
G1 X157.39 Y168.24 V0.023 U0.686 P0.034 F1200
G1 X157.39 Y151.76 V0.549 U16.156 P0.034 F1200
G1 X156.69 Y151.76 V0.023 U0.686 P0.034 F1200
G1 X156.69 Y168.24 V0.549 U16.156 P0.034 F1200
G1 X155.99 Y168.24 V0.023 U0.686 P0.034 F1200
G1 X155.99 Y151.76 V0.549 U16.156 P0.034 F1200
G1 X155.29 Y151.76 V0.023 U0.686 P0.034 F1200
G1 X155.29 Y168.24 V0.549 U16.156 P0.034 F1200
G1 X154.59 Y168.24 V0.023 U0.686 P0.034 F1200
M73 P73 R16
G1 X154.59 Y151.76 V0.549 U16.156 P0.034 F1200
G1 X153.89 Y151.76 V0.023 U0.686 P0.034 F1200
G1 X153.89 Y165.00 V0.441 U12.979 P0.034 F1200
; Start to cut
M2800
M400
;CUT DISTANCE 54.8
G1 X153.89 Y168.24 V0.108 F1200
G1 X153.19 Y168.24 V0.023 F1200
G1 X153.19 Y151.76 V0.549 F1200
G1 X152.49 Y151.76 V0.023 F1200
G1 X152.49 Y168.24 V0.549 F1200
G1 X151.79 Y168.24 V0.023 F1200
G1 X151.79 Y151.76 V0.549 F1200
; Cutting completed.
G1 F600 V-1.000 ; Retract
G1 F1200 Z15.40
M1002
M400
G1 F600 V-4.000 ; Toolchange matrix retract
M104 S180 T0 ; standby
M104 S250 T1 ; pre-charge
M109 S250 T1
MOVE_TO_BRUSH_STATION
CLEAN_NOZZLE
MOVE_OUT_BRUSH_STATION
M106 P2 S0 ; fibre-side cooling, fan4
M106 P1 S130 ; part-cooling, fan3
T1 ; switch extruder type to:PLASTIC
G1 Z14.8 F7200
G1 E10 F1800
M106 S130
;LAYER_CHANGE
;Z:15
;HEIGHT:0.2
;_SET_FAN_SPEED_CHANGING_LAYER
SET_VELOCITY_LIMIT ACCEL=1000 ACCEL_TO_DECEL=500
G1 E-.8 F1800
G1 X158.616 Y168.659 Z15.4 F7200
G1 X169.346 Y169.346 Z15.4 F7200
G1 Z15 F7200
G1 E.8 F1800
;TYPE:Inner wall
;WIDTH:0.449999
G1 F3600
G1 X150.654 Y169.346 E.6327
G1 X150.654 Y150.654 E.6327
G1 X169.346 Y150.654 E.6327
G1 X169.346 Y169.306 E.63135
SET_VELOCITY_LIMIT ACCEL=500 ACCEL_TO_DECEL=250
G1 X169.775 Y169.775 F7200
;TYPE:Outer wall
G1 F3600
G1 X150.225 Y169.775 E.66174
G1 X150.225 Y150.225 E.66174
G1 X169.775 Y150.225 E.66174
G1 X169.775 Y169.735 E.66039
SET_VELOCITY_LIMIT ACCEL=1000 ACCEL_TO_DECEL=500
G1 E-.8 F1800
G1 X169.445 Y162.11 Z15.4 F7200
G1 X169 Y151.828 Z15.4 F7200
G1 Z15 F7200
G1 E.8 F1800
SET_VELOCITY_LIMIT ACCEL=500 ACCEL_TO_DECEL=250
;TYPE:Sparse infill
;WIDTH:0.45
G1 F6000
G1 X169 Y153.457 E.05512
G1 X166.543 Y151 E.11762
G1 X163.435 Y151 E.10523
G1 X169 Y156.565 E.26643
G1 X169 Y159.674 E.10523
G1 X160.326 Y151 E.41525
G1 X157.217 Y151 E.10523
G1 X169 Y162.783 E.56406
G1 X169 Y165.892 E.10523
G1 X154.108 Y151 E.71288
G1 X151 Y151 E.10523
G1 X169 Y169 E.86169
G1 X165.892 Y169 E.10523
G1 X151 Y154.108 E.71288
G1 X151 Y157.217 E.10523
G1 X162.783 Y169 E.56406
G1 X159.674 Y169 E.10523
G1 X151 Y160.326 E.41525
G1 X151 Y163.435 E.10523
G1 X156.565 Y169 E.26643
G1 X153.457 Y169 E.10523
G1 X151 Y166.543 E.11762
G1 X151 Y168.172 E.05512
M400
G1 E-10 F1800
G1 Z15.4 F7200
M104 S150 T1 ; standby
M104 S270 T0 ; pre-charge
M109 S270 T0
MOVE_TO_BRUSH_STATION
CLEAN_NOZZLE
MOVE_OUT_BRUSH_STATION
M106 P2 S124 ; fibre-side cooling, fan4
M106 P1 S0 ; part-cooling, fan3
T0 ; switch extruder type to:FIBER
; LAYER:75 [15.00]
M1001 L71
G1 F1200 Z16.20
G1 X151.11 Y151.11 F1200
G1 F1200 U55.000 ; Extrude restart
G1 F1200 Z15.00
G1 F600 V1.000 ; Recover matrix retract
G1 F600 V3.000 ; Matrix prime
G1 X167.45 Y151.11 V0.545 U16.017 P0.034 F1200
; Start to cut
M2800
M400
;CUT DISTANCE 54.8
G1 X168.89 Y151.11 V0.048 F1200
G1 X168.89 Y168.89 V0.593 F1200
G1 X151.11 Y168.89 V0.593 F1200
G1 X151.11 Y151.11 V0.593 F1200
; Cutting completed.
G1 F600 V-1.000 ; Retract
G1 F1200 Z15.60
M1002
M1001 L404
G1 F1200 Z16.20
G1 X151.76 Y152.11 F1200
G1 F1200 U55.000 ; Extrude restart
G1 F1200 Z15.00
G1 F600 V1.000 ; Recover matrix retract
G1 F600 V3.000 ; Matrix prime
G1 X168.24 Y152.11 V0.549 U16.156 P0.034 F1200
G1 X168.24 Y152.81 V0.023 U0.686 P0.034 F1200
G1 X151.76 Y152.81 V0.549 U16.156 P0.034 F1200
G1 X151.76 Y153.51 V0.023 U0.686 P0.034 F1200
G1 X168.24 Y153.51 V0.549 U16.156 P0.034 F1200
G1 X168.24 Y154.21 V0.023 U0.686 P0.034 F1200
G1 X151.76 Y154.21 V0.549 U16.156 P0.034 F1200
G1 X151.76 Y154.91 V0.023 U0.686 P0.034 F1200
G1 X168.24 Y154.91 V0.549 U16.156 P0.034 F1200
G1 X168.24 Y155.61 V0.023 U0.686 P0.034 F1200
G1 X151.76 Y155.61 V0.549 U16.156 P0.034 F1200
G1 X151.76 Y156.31 V0.023 U0.686 P0.034 F1200
G1 X168.24 Y156.31 V0.549 U16.156 P0.034 F1200
G1 X168.24 Y157.01 V0.023 U0.686 P0.034 F1200
G1 X151.76 Y157.01 V0.549 U16.156 P0.034 F1200
G1 X151.76 Y157.71 V0.023 U0.686 P0.034 F1200
G1 X168.24 Y157.71 V0.549 U16.156 P0.034 F1200
G1 X168.24 Y158.41 V0.023 U0.686 P0.034 F1200
G1 X151.76 Y158.41 V0.549 U16.156 P0.034 F1200
G1 X151.76 Y159.11 V0.023 U0.686 P0.034 F1200
G1 X168.24 Y159.11 V0.549 U16.156 P0.034 F1200
G1 X168.24 Y159.81 V0.023 U0.686 P0.034 F1200
G1 X151.76 Y159.81 V0.549 U16.156 P0.034 F1200
G1 X151.76 Y160.51 V0.023 U0.686 P0.034 F1200
G1 X168.24 Y160.51 V0.549 U16.156 P0.034 F1200
G1 X168.24 Y161.21 V0.023 U0.686 P0.034 F1200
G1 X151.76 Y161.21 V0.549 U16.156 P0.034 F1200
G1 X151.76 Y161.91 V0.023 U0.686 P0.034 F1200
G1 X168.24 Y161.91 V0.549 U16.156 P0.034 F1200
G1 X168.24 Y162.61 V0.023 U0.686 P0.034 F1200
G1 X151.76 Y162.61 V0.549 U16.156 P0.034 F1200
G1 X151.76 Y163.31 V0.023 U0.686 P0.034 F1200
G1 X168.24 Y163.31 V0.549 U16.156 P0.034 F1200
G1 X168.24 Y164.01 V0.023 U0.686 P0.034 F1200
G1 X151.76 Y164.01 V0.549 U16.156 P0.034 F1200
G1 X151.76 Y164.71 V0.023 U0.686 P0.034 F1200
G1 X168.24 Y164.71 V0.549 U16.156 P0.034 F1200
G1 X168.24 Y165.41 V0.023 U0.686 P0.034 F1200
G1 X151.76 Y165.41 V0.549 U16.156 P0.034 F1200
G1 X151.76 Y166.11 V0.023 U0.686 P0.034 F1200
G1 X165.00 Y166.11 V0.441 U12.979 P0.034 F1200
; Start to cut
M2800
M400
;CUT DISTANCE 54.8
G1 X168.24 Y166.11 V0.108 F1200
G1 X168.24 Y166.81 V0.023 F1200
G1 X151.76 Y166.81 V0.549 F1200
G1 X151.76 Y167.51 V0.023 F1200
M73 P74 R16
G1 X168.24 Y167.51 V0.549 F1200
G1 X168.24 Y168.21 V0.023 F1200
G1 X151.76 Y168.21 V0.549 F1200
; Cutting completed.
G1 F600 V-1.000 ; Retract
G1 F1200 Z15.60
M1002
M400
G1 F600 V-4.000 ; Toolchange matrix retract
M104 S180 T0 ; standby
M104 S250 T1 ; pre-charge
M109 S250 T1
MOVE_TO_BRUSH_STATION
CLEAN_NOZZLE
MOVE_OUT_BRUSH_STATION
M106 P2 S0 ; fibre-side cooling, fan4
M106 P1 S124 ; part-cooling, fan3
T1 ; switch extruder type to:PLASTIC
G1 Z15 F7200
G1 E10 F1800
;LAYER_CHANGE
;Z:15.2
;HEIGHT:0.2
;_SET_FAN_SPEED_CHANGING_LAYER
SET_VELOCITY_LIMIT ACCEL=1000 ACCEL_TO_DECEL=500
G1 E-.8 F1800
G1 X158.616 Y168.659 Z15.6 F7200
G1 X169.346 Y169.346 Z15.6 F7200
G1 Z15.2 F7200
G1 E.8 F1800
;TYPE:Inner wall
;WIDTH:0.449999
G1 F3600
G1 X150.654 Y169.346 E.6327
G1 X150.654 Y150.654 E.6327
G1 X169.346 Y150.654 E.6327
M73 P74 R15
G1 X169.346 Y169.306 E.63135
SET_VELOCITY_LIMIT ACCEL=500 ACCEL_TO_DECEL=250
G1 X169.775 Y169.775 F7200
;TYPE:Outer wall
G1 F3600
G1 X150.225 Y169.775 E.66174
G1 X150.225 Y150.225 E.66174
G1 X169.775 Y150.225 E.66174
G1 X169.775 Y169.735 E.66039
SET_VELOCITY_LIMIT ACCEL=1000 ACCEL_TO_DECEL=500
G1 E-.8 F1800
G1 X169.445 Y162.11 Z15.6 F7200
G1 X169 Y151.828 Z15.6 F7200
G1 Z15.2 F7200
G1 E.8 F1800
SET_VELOCITY_LIMIT ACCEL=500 ACCEL_TO_DECEL=250
;TYPE:Sparse infill
;WIDTH:0.45
G1 F6000
G1 X169 Y153.457 E.05512
G1 X166.543 Y151 E.11762
G1 X163.435 Y151 E.10523
G1 X169 Y156.565 E.26643
G1 X169 Y159.674 E.10523
G1 X160.326 Y151 E.41525
G1 X157.217 Y151 E.10523
G1 X169 Y162.783 E.56406
G1 X169 Y165.892 E.10523
G1 X154.108 Y151 E.71288
G1 X151 Y151 E.10523
G1 X169 Y169 E.86169
G1 X165.892 Y169 E.10523
G1 X151 Y154.108 E.71288
G1 X151 Y157.217 E.10523
G1 X162.783 Y169 E.56406
G1 X159.674 Y169 E.10523
G1 X151 Y160.326 E.41525
G1 X151 Y163.435 E.10523
G1 X156.565 Y169 E.26643
G1 X153.457 Y169 E.10523
G1 X151 Y166.543 E.11762
G1 X151 Y168.172 E.05512
M400
G1 E-10 F1800
G1 Z15.6 F7200
M104 S150 T1 ; standby
M104 S270 T0 ; pre-charge
M109 S270 T0
MOVE_TO_BRUSH_STATION
CLEAN_NOZZLE
MOVE_OUT_BRUSH_STATION
M106 P2 S130 ; fibre-side cooling, fan4
M106 P1 S0 ; part-cooling, fan3
T0 ; switch extruder type to:FIBER
; LAYER:76 [15.20]
M1001 L71
G1 F1200 Z16.40
G1 X151.11 Y151.11 F1200
G1 F1200 U55.000 ; Extrude restart
G1 F1200 Z15.20
G1 F600 V1.000 ; Recover matrix retract
G1 F600 V3.000 ; Matrix prime
G1 X167.45 Y151.11 V0.545 U16.017 P0.034 F1200
; Start to cut
M2800
M400
;CUT DISTANCE 54.8
G1 X168.89 Y151.11 V0.048 F1200
G1 X168.89 Y168.89 V0.593 F1200
G1 X151.11 Y168.89 V0.593 F1200
G1 X151.11 Y151.11 V0.593 F1200
; Cutting completed.
G1 F600 V-1.000 ; Retract
G1 F1200 Z15.80
M1002
M1001 L404
G1 F1200 Z16.40
G1 X151.76 Y152.11 F1200
G1 F1200 U55.000 ; Extrude restart
G1 F1200 Z15.20
G1 F600 V1.000 ; Recover matrix retract
G1 F600 V3.000 ; Matrix prime
G1 X168.24 Y152.11 V0.549 U16.156 P0.034 F1200
G1 X168.24 Y152.81 V0.023 U0.686 P0.034 F1200
G1 X151.76 Y152.81 V0.549 U16.156 P0.034 F1200
G1 X151.76 Y153.51 V0.023 U0.686 P0.034 F1200
G1 X168.24 Y153.51 V0.549 U16.156 P0.034 F1200
G1 X168.24 Y154.21 V0.023 U0.686 P0.034 F1200
G1 X151.76 Y154.21 V0.549 U16.156 P0.034 F1200
G1 X151.76 Y154.91 V0.023 U0.686 P0.034 F1200
G1 X168.24 Y154.91 V0.549 U16.156 P0.034 F1200
G1 X168.24 Y155.61 V0.023 U0.686 P0.034 F1200
G1 X151.76 Y155.61 V0.549 U16.156 P0.034 F1200
G1 X151.76 Y156.31 V0.023 U0.686 P0.034 F1200
G1 X168.24 Y156.31 V0.549 U16.156 P0.034 F1200
G1 X168.24 Y157.01 V0.023 U0.686 P0.034 F1200
G1 X151.76 Y157.01 V0.549 U16.156 P0.034 F1200
G1 X151.76 Y157.71 V0.023 U0.686 P0.034 F1200
G1 X168.24 Y157.71 V0.549 U16.156 P0.034 F1200
G1 X168.24 Y158.41 V0.023 U0.686 P0.034 F1200
G1 X151.76 Y158.41 V0.549 U16.156 P0.034 F1200
G1 X151.76 Y159.11 V0.023 U0.686 P0.034 F1200
G1 X168.24 Y159.11 V0.549 U16.156 P0.034 F1200
G1 X168.24 Y159.81 V0.023 U0.686 P0.034 F1200
G1 X151.76 Y159.81 V0.549 U16.156 P0.034 F1200
G1 X151.76 Y160.51 V0.023 U0.686 P0.034 F1200
G1 X168.24 Y160.51 V0.549 U16.156 P0.034 F1200
G1 X168.24 Y161.21 V0.023 U0.686 P0.034 F1200
G1 X151.76 Y161.21 V0.549 U16.156 P0.034 F1200
G1 X151.76 Y161.91 V0.023 U0.686 P0.034 F1200
G1 X168.24 Y161.91 V0.549 U16.156 P0.034 F1200
G1 X168.24 Y162.61 V0.023 U0.686 P0.034 F1200
G1 X151.76 Y162.61 V0.549 U16.156 P0.034 F1200
G1 X151.76 Y163.31 V0.023 U0.686 P0.034 F1200
G1 X168.24 Y163.31 V0.549 U16.156 P0.034 F1200
G1 X168.24 Y164.01 V0.023 U0.686 P0.034 F1200
G1 X151.76 Y164.01 V0.549 U16.156 P0.034 F1200
G1 X151.76 Y164.71 V0.023 U0.686 P0.034 F1200
G1 X168.24 Y164.71 V0.549 U16.156 P0.034 F1200
G1 X168.24 Y165.41 V0.023 U0.686 P0.034 F1200
G1 X151.76 Y165.41 V0.549 U16.156 P0.034 F1200
G1 X151.76 Y166.11 V0.023 U0.686 P0.034 F1200
G1 X165.00 Y166.11 V0.441 U12.979 P0.034 F1200
; Start to cut
M2800
M400
;CUT DISTANCE 54.8
G1 X168.24 Y166.11 V0.108 F1200
G1 X168.24 Y166.81 V0.023 F1200
G1 X151.76 Y166.81 V0.549 F1200
G1 X151.76 Y167.51 V0.023 F1200
G1 X168.24 Y167.51 V0.549 F1200
G1 X168.24 Y168.21 V0.023 F1200
G1 X151.76 Y168.21 V0.549 F1200
; Cutting completed.
G1 F600 V-1.000 ; Retract
M73 P75 R15
G1 F1200 Z15.80
M1002
M400
G1 F600 V-4.000 ; Toolchange matrix retract
M104 S180 T0 ; standby
M104 S250 T1 ; pre-charge
M109 S250 T1
MOVE_TO_BRUSH_STATION
CLEAN_NOZZLE
MOVE_OUT_BRUSH_STATION
M106 P2 S0 ; fibre-side cooling, fan4
M106 P1 S130 ; part-cooling, fan3
T1 ; switch extruder type to:PLASTIC
G1 Z15.2 F7200
G1 E10 F1800
M106 S125
;LAYER_CHANGE
;Z:15.4
;HEIGHT:0.2
;_SET_FAN_SPEED_CHANGING_LAYER
SET_VELOCITY_LIMIT ACCEL=1000 ACCEL_TO_DECEL=500
G1 E-.8 F1800
G1 X158.616 Y168.659 Z15.8 F7200
G1 X169.346 Y169.346 Z15.8 F7200
G1 Z15.4 F7200
G1 E.8 F1800
;TYPE:Inner wall
;WIDTH:0.449999
G1 F3600
G1 X150.654 Y169.346 E.6327
G1 X150.654 Y150.654 E.6327
G1 X169.346 Y150.654 E.6327
G1 X169.346 Y169.306 E.63135
SET_VELOCITY_LIMIT ACCEL=500 ACCEL_TO_DECEL=250
G1 X169.775 Y169.775 F7200
;TYPE:Outer wall
G1 F3600
G1 X150.225 Y169.775 E.66174
G1 X150.225 Y150.225 E.66174
G1 X169.775 Y150.225 E.66174
G1 X169.775 Y169.735 E.66039
SET_VELOCITY_LIMIT ACCEL=1000 ACCEL_TO_DECEL=500
G1 E-.8 F1800
G1 X169.445 Y162.11 Z15.8 F7200
G1 X169 Y151.828 Z15.8 F7200
G1 Z15.4 F7200
G1 E.8 F1800
SET_VELOCITY_LIMIT ACCEL=500 ACCEL_TO_DECEL=250
;TYPE:Sparse infill
;WIDTH:0.45
G1 F6000
G1 X169 Y153.457 E.05512
G1 X166.543 Y151 E.11762
G1 X163.435 Y151 E.10523
G1 X169 Y156.565 E.26643
G1 X169 Y159.674 E.10523
G1 X160.326 Y151 E.41525
G1 X157.217 Y151 E.10523
G1 X169 Y162.783 E.56406
G1 X169 Y165.892 E.10523
G1 X154.108 Y151 E.71288
G1 X151 Y151 E.10523
G1 X169 Y169 E.86169
G1 X165.892 Y169 E.10523
G1 X151 Y154.108 E.71288
G1 X151 Y157.217 E.10523
G1 X162.783 Y169 E.56406
G1 X159.674 Y169 E.10523
G1 X151 Y160.326 E.41525
G1 X151 Y163.435 E.10523
G1 X156.565 Y169 E.26643
G1 X153.457 Y169 E.10523
G1 X151 Y166.543 E.11762
G1 X151 Y168.172 E.05512
M400
G1 E-10 F1800
G1 Z15.8 F7200
M104 S150 T1 ; standby
M104 S270 T0 ; pre-charge
M109 S270 T0
MOVE_TO_BRUSH_STATION
CLEAN_NOZZLE
MOVE_OUT_BRUSH_STATION
M106 P2 S130 ; fibre-side cooling, fan4
M106 P1 S0 ; part-cooling, fan3
T0 ; switch extruder type to:FIBER
; LAYER:77 [15.40]
M1001 L71
G1 F1200 Z16.60
G1 X151.11 Y151.11 F1200
G1 F1200 U55.000 ; Extrude restart
G1 F1200 Z15.40
G1 F600 V1.000 ; Recover matrix retract
G1 F600 V3.000 ; Matrix prime
G1 X167.45 Y151.11 V0.545 U16.017 P0.034 F1200
; Start to cut
M2800
M400
;CUT DISTANCE 54.8
G1 X168.89 Y151.11 V0.048 F1200
G1 X168.89 Y168.89 V0.593 F1200
G1 X151.11 Y168.89 V0.593 F1200
G1 X151.11 Y151.11 V0.593 F1200
; Cutting completed.
G1 F600 V-1.000 ; Retract
G1 F1200 Z16.00
M1002
M1001 L404
G1 F1200 Z16.60
G1 X167.89 Y151.76 F1200
G1 F1200 U55.000 ; Extrude restart
G1 F1200 Z15.40
G1 F600 V1.000 ; Recover matrix retract
G1 F600 V3.000 ; Matrix prime
G1 X167.89 Y168.24 V0.549 U16.156 P0.034 F1200
G1 X167.19 Y168.24 V0.023 U0.686 P0.034 F1200
G1 X167.19 Y151.76 V0.549 U16.156 P0.034 F1200
G1 X166.49 Y151.76 V0.023 U0.686 P0.034 F1200
G1 X166.49 Y168.24 V0.549 U16.156 P0.034 F1200
G1 X165.79 Y168.24 V0.023 U0.686 P0.034 F1200
G1 X165.79 Y151.76 V0.549 U16.156 P0.034 F1200
G1 X165.09 Y151.76 V0.023 U0.686 P0.034 F1200
G1 X165.09 Y168.24 V0.549 U16.156 P0.034 F1200
G1 X164.39 Y168.24 V0.023 U0.686 P0.034 F1200
G1 X164.39 Y151.76 V0.549 U16.156 P0.034 F1200
G1 X163.69 Y151.76 V0.023 U0.686 P0.034 F1200
G1 X163.69 Y168.24 V0.549 U16.156 P0.034 F1200
G1 X162.99 Y168.24 V0.023 U0.686 P0.034 F1200
G1 X162.99 Y151.76 V0.549 U16.156 P0.034 F1200
G1 X162.29 Y151.76 V0.023 U0.686 P0.034 F1200
G1 X162.29 Y168.24 V0.549 U16.156 P0.034 F1200
G1 X161.59 Y168.24 V0.023 U0.686 P0.034 F1200
G1 X161.59 Y151.76 V0.549 U16.156 P0.034 F1200
G1 X160.89 Y151.76 V0.023 U0.686 P0.034 F1200
G1 X160.89 Y168.24 V0.549 U16.156 P0.034 F1200
G1 X160.19 Y168.24 V0.023 U0.686 P0.034 F1200
G1 X160.19 Y151.76 V0.549 U16.156 P0.034 F1200
G1 X159.49 Y151.76 V0.023 U0.686 P0.034 F1200
G1 X159.49 Y168.24 V0.549 U16.156 P0.034 F1200
G1 X158.79 Y168.24 V0.023 U0.686 P0.034 F1200
G1 X158.79 Y151.76 V0.549 U16.156 P0.034 F1200
G1 X158.09 Y151.76 V0.023 U0.686 P0.034 F1200
M73 P75 R14
G1 X158.09 Y168.24 V0.549 U16.156 P0.034 F1200
G1 X157.39 Y168.24 V0.023 U0.686 P0.034 F1200
G1 X157.39 Y151.76 V0.549 U16.156 P0.034 F1200
G1 X156.69 Y151.76 V0.023 U0.686 P0.034 F1200
G1 X156.69 Y168.24 V0.549 U16.156 P0.034 F1200
G1 X155.99 Y168.24 V0.023 U0.686 P0.034 F1200
G1 X155.99 Y151.76 V0.549 U16.156 P0.034 F1200
G1 X155.29 Y151.76 V0.023 U0.686 P0.034 F1200
G1 X155.29 Y168.24 V0.549 U16.156 P0.034 F1200
G1 X154.59 Y168.24 V0.023 U0.686 P0.034 F1200
G1 X154.59 Y151.76 V0.549 U16.156 P0.034 F1200
G1 X153.89 Y151.76 V0.023 U0.686 P0.034 F1200
G1 X153.89 Y165.00 V0.441 U12.979 P0.034 F1200
; Start to cut
M2800
M400
;CUT DISTANCE 54.8
G1 X153.89 Y168.24 V0.108 F1200
G1 X153.19 Y168.24 V0.023 F1200
G1 X153.19 Y151.76 V0.549 F1200
G1 X152.49 Y151.76 V0.023 F1200
G1 X152.49 Y168.24 V0.549 F1200
G1 X151.79 Y168.24 V0.023 F1200
G1 X151.79 Y151.76 V0.549 F1200
; Cutting completed.
G1 F600 V-1.000 ; Retract
G1 F1200 Z16.00
M1002
M400
G1 F600 V-4.000 ; Toolchange matrix retract
M104 S180 T0 ; standby
M104 S250 T1 ; pre-charge
M109 S250 T1
MOVE_TO_BRUSH_STATION
CLEAN_NOZZLE
MOVE_OUT_BRUSH_STATION
M106 P2 S0 ; fibre-side cooling, fan4
M106 P1 S130 ; part-cooling, fan3
T1 ; switch extruder type to:PLASTIC
G1 Z15.4 F7200
G1 E10 F1800
M106 S130
;LAYER_CHANGE
;Z:15.6
;HEIGHT:0.200001
;_SET_FAN_SPEED_CHANGING_LAYER
SET_VELOCITY_LIMIT ACCEL=1000 ACCEL_TO_DECEL=500
G1 E-.8 F1800
G1 X158.616 Y168.659 Z16 F7200
G1 X169.346 Y169.346 Z16 F7200
G1 Z15.6 F7200
G1 E.8 F1800
M73 P76 R14
;TYPE:Inner wall
;WIDTH:0.449999
G1 F3600
G1 X150.654 Y169.346 E.6327
G1 X150.654 Y150.654 E.6327
G1 X169.346 Y150.654 E.6327
G1 X169.346 Y169.306 E.63135
SET_VELOCITY_LIMIT ACCEL=500 ACCEL_TO_DECEL=250
G1 X169.775 Y169.775 F7200
;TYPE:Outer wall
G1 F3600
G1 X150.225 Y169.775 E.66174
G1 X150.225 Y150.225 E.66174
G1 X169.775 Y150.225 E.66174
G1 X169.775 Y169.735 E.66039
SET_VELOCITY_LIMIT ACCEL=1000 ACCEL_TO_DECEL=500
G1 E-.8 F1800
G1 X169.445 Y162.11 Z16 F7200
G1 X169 Y151.828 Z16 F7200
G1 Z15.6 F7200
G1 E.8 F1800
SET_VELOCITY_LIMIT ACCEL=500 ACCEL_TO_DECEL=250
;TYPE:Sparse infill
;WIDTH:0.45
G1 F6000
G1 X169 Y153.457 E.05512
G1 X166.543 Y151 E.11762
G1 X163.435 Y151 E.10523
G1 X169 Y156.565 E.26643
G1 X169 Y159.674 E.10523
G1 X160.326 Y151 E.41525
G1 X157.217 Y151 E.10523
G1 X169 Y162.783 E.56406
G1 X169 Y165.892 E.10523
G1 X154.108 Y151 E.71288
G1 X151 Y151 E.10523
G1 X169 Y169 E.86169
G1 X165.892 Y169 E.10523
G1 X151 Y154.108 E.71288
G1 X151 Y157.217 E.10523
G1 X162.783 Y169 E.56406
G1 X159.674 Y169 E.10523
G1 X151 Y160.326 E.41525
G1 X151 Y163.435 E.10523
G1 X156.565 Y169 E.26643
G1 X153.457 Y169 E.10523
G1 X151 Y166.543 E.11762
G1 X151 Y168.172 E.05512
M400
G1 E-10 F1800
G1 Z16 F7200
M104 S150 T1 ; standby
M104 S270 T0 ; pre-charge
M109 S270 T0
MOVE_TO_BRUSH_STATION
CLEAN_NOZZLE
MOVE_OUT_BRUSH_STATION
M106 P2 S124 ; fibre-side cooling, fan4
M106 P1 S0 ; part-cooling, fan3
T0 ; switch extruder type to:FIBER
; LAYER:78 [15.60]
M1001 L71
G1 F1200 Z16.80
G1 X151.11 Y151.11 F1200
G1 F1200 U55.000 ; Extrude restart
G1 F1200 Z15.60
G1 F600 V1.000 ; Recover matrix retract
G1 F600 V3.000 ; Matrix prime
G1 X167.45 Y151.11 V0.545 U16.017 P0.034 F1200
; Start to cut
M2800
M400
;CUT DISTANCE 54.8
G1 X168.89 Y151.11 V0.048 F1200
G1 X168.89 Y168.89 V0.593 F1200
G1 X151.11 Y168.89 V0.593 F1200
G1 X151.11 Y151.11 V0.593 F1200
; Cutting completed.
G1 F600 V-1.000 ; Retract
G1 F1200 Z16.20
M1002
M1001 L404
G1 F1200 Z16.80
G1 X151.76 Y152.11 F1200
G1 F1200 U55.000 ; Extrude restart
G1 F1200 Z15.60
G1 F600 V1.000 ; Recover matrix retract
G1 F600 V3.000 ; Matrix prime
G1 X168.24 Y152.11 V0.549 U16.156 P0.034 F1200
G1 X168.24 Y152.81 V0.023 U0.686 P0.034 F1200
G1 X151.76 Y152.81 V0.549 U16.156 P0.034 F1200
G1 X151.76 Y153.51 V0.023 U0.686 P0.034 F1200
G1 X168.24 Y153.51 V0.549 U16.156 P0.034 F1200
G1 X168.24 Y154.21 V0.023 U0.686 P0.034 F1200
G1 X151.76 Y154.21 V0.549 U16.156 P0.034 F1200
G1 X151.76 Y154.91 V0.023 U0.686 P0.034 F1200
G1 X168.24 Y154.91 V0.549 U16.156 P0.034 F1200
G1 X168.24 Y155.61 V0.023 U0.686 P0.034 F1200
G1 X151.76 Y155.61 V0.549 U16.156 P0.034 F1200
G1 X151.76 Y156.31 V0.023 U0.686 P0.034 F1200
G1 X168.24 Y156.31 V0.549 U16.156 P0.034 F1200
G1 X168.24 Y157.01 V0.023 U0.686 P0.034 F1200
G1 X151.76 Y157.01 V0.549 U16.156 P0.034 F1200
G1 X151.76 Y157.71 V0.023 U0.686 P0.034 F1200
G1 X168.24 Y157.71 V0.549 U16.156 P0.034 F1200
G1 X168.24 Y158.41 V0.023 U0.686 P0.034 F1200
G1 X151.76 Y158.41 V0.549 U16.156 P0.034 F1200
G1 X151.76 Y159.11 V0.023 U0.686 P0.034 F1200
G1 X168.24 Y159.11 V0.549 U16.156 P0.034 F1200
G1 X168.24 Y159.81 V0.023 U0.686 P0.034 F1200
G1 X151.76 Y159.81 V0.549 U16.156 P0.034 F1200
G1 X151.76 Y160.51 V0.023 U0.686 P0.034 F1200
G1 X168.24 Y160.51 V0.549 U16.156 P0.034 F1200
G1 X168.24 Y161.21 V0.023 U0.686 P0.034 F1200
G1 X151.76 Y161.21 V0.549 U16.156 P0.034 F1200
G1 X151.76 Y161.91 V0.023 U0.686 P0.034 F1200
G1 X168.24 Y161.91 V0.549 U16.156 P0.034 F1200
G1 X168.24 Y162.61 V0.023 U0.686 P0.034 F1200
G1 X151.76 Y162.61 V0.549 U16.156 P0.034 F1200
G1 X151.76 Y163.31 V0.023 U0.686 P0.034 F1200
G1 X168.24 Y163.31 V0.549 U16.156 P0.034 F1200
G1 X168.24 Y164.01 V0.023 U0.686 P0.034 F1200
G1 X151.76 Y164.01 V0.549 U16.156 P0.034 F1200
G1 X151.76 Y164.71 V0.023 U0.686 P0.034 F1200
G1 X168.24 Y164.71 V0.549 U16.156 P0.034 F1200
G1 X168.24 Y165.41 V0.023 U0.686 P0.034 F1200
G1 X151.76 Y165.41 V0.549 U16.156 P0.034 F1200
G1 X151.76 Y166.11 V0.023 U0.686 P0.034 F1200
G1 X165.00 Y166.11 V0.441 U12.979 P0.034 F1200
; Start to cut
M2800
M400
;CUT DISTANCE 54.8
G1 X168.24 Y166.11 V0.108 F1200
G1 X168.24 Y166.81 V0.023 F1200
G1 X151.76 Y166.81 V0.549 F1200
G1 X151.76 Y167.51 V0.023 F1200
G1 X168.24 Y167.51 V0.549 F1200
G1 X168.24 Y168.21 V0.023 F1200
G1 X151.76 Y168.21 V0.549 F1200
; Cutting completed.
G1 F600 V-1.000 ; Retract
G1 F1200 Z16.20
M1002
M400
G1 F600 V-4.000 ; Toolchange matrix retract
M104 S180 T0 ; standby
M104 S250 T1 ; pre-charge
M109 S250 T1
MOVE_TO_BRUSH_STATION
CLEAN_NOZZLE
MOVE_OUT_BRUSH_STATION
M106 P2 S0 ; fibre-side cooling, fan4
M106 P1 S124 ; part-cooling, fan3
T1 ; switch extruder type to:PLASTIC
G1 Z15.6 F7200
G1 E10 F1800
M106 S127
;LAYER_CHANGE
;Z:15.8
;HEIGHT:0.2
;_SET_FAN_SPEED_CHANGING_LAYER
SET_VELOCITY_LIMIT ACCEL=1000 ACCEL_TO_DECEL=500
G1 E-.8 F1800
G1 X158.616 Y168.659 Z16.2 F7200
G1 X169.346 Y169.346 Z16.2 F7200
G1 Z15.8 F7200
G1 E.8 F1800
;TYPE:Inner wall
;WIDTH:0.449999
G1 F3600
G1 X150.654 Y169.346 E.6327
G1 X150.654 Y150.654 E.6327
G1 X169.346 Y150.654 E.6327
G1 X169.346 Y169.306 E.63135
SET_VELOCITY_LIMIT ACCEL=500 ACCEL_TO_DECEL=250
G1 X169.775 Y169.775 F7200
;TYPE:Outer wall
G1 F3600
G1 X150.225 Y169.775 E.66174
G1 X150.225 Y150.225 E.66174
G1 X169.775 Y150.225 E.66174
M73 P77 R14
G1 X169.775 Y169.735 E.66039
SET_VELOCITY_LIMIT ACCEL=1000 ACCEL_TO_DECEL=500
G1 E-.8 F1800
G1 X167.661 Y169 Z16.2 F7200
G1 Z15.8 F7200
G1 E.8 F1800
SET_VELOCITY_LIMIT ACCEL=500 ACCEL_TO_DECEL=250
;TYPE:Sparse infill
;WIDTH:0.45
G1 F6000
G1 X166.033 Y169 E.05512
G1 X165.777 Y168.549 E.01756
G1 X165.44 Y168.212 E.01613
G1 X163.886 Y167.332 E.06047
G1 X163.549 Y166.995 E.01613
G1 X162.668 Y165.44 E.06047
G1 X162.332 Y165.103 E.01613
G1 X160.777 Y164.223 E.06047
G1 X160.44 Y163.886 E.01613
G1 X159.56 Y162.332 E.06047
G1 X159.223 Y161.995 E.01613
G1 X157.668 Y161.114 E.06047
G1 X157.332 Y160.777 E.01613
G1 X156.451 Y159.223 E.06047
G1 X156.114 Y158.886 E.01613
G1 X154.56 Y158.005 E.06047
G1 X154.223 Y157.668 E.01613
G1 X153.342 Y156.114 E.06047
G1 X153.005 Y155.777 E.01613
G1 X151.451 Y154.897 E.06047
G1 X151.114 Y154.56 E.01613
G1 X151 Y154.358 E.00786
G1 X151 Y157.466 E.10523
G1 X151.114 Y157.668 E.00786
G1 X151.451 Y158.005 E.01613
G1 X153.005 Y158.886 E.06047
G1 X153.342 Y159.223 E.01613
G1 X154.223 Y160.777 E.06047
G1 X154.56 Y161.114 E.01613
G1 X156.114 Y161.995 E.06047
G1 X156.451 Y162.332 E.01613
G1 X157.332 Y163.886 E.06047
G1 X157.668 Y164.223 E.01613
G1 X159.223 Y165.103 E.06047
G1 X159.56 Y165.44 E.01613
G1 X160.44 Y166.995 E.06047
G1 X160.777 Y167.332 E.01613
G1 X162.332 Y168.212 E.06047
G1 X162.668 Y168.549 E.01613
G1 X162.924 Y169 E.01756
G1 X159.815 Y169 E.10523
G1 X159.56 Y168.549 E.01756
G1 X159.223 Y168.212 E.01613
G1 X157.668 Y167.332 E.06047
G1 X157.332 Y166.995 E.01613
G1 X156.451 Y165.44 E.06047
G1 X156.114 Y165.103 E.01613
G1 X154.56 Y164.223 E.06047
G1 X154.223 Y163.886 E.01613
G1 X153.342 Y162.332 E.06047
G1 X153.005 Y161.995 E.01613
G1 X151.451 Y161.114 E.06047
G1 X151.114 Y160.777 E.01613
G1 X151 Y160.575 E.00786
G1 X151 Y163.684 E.10523
G1 X151.114 Y163.886 E.00786
G1 X151.451 Y164.223 E.01613
G1 X153.005 Y165.103 E.06047
G1 X153.342 Y165.44 E.01613
G1 X154.223 Y166.995 E.06047
G1 X154.56 Y167.332 E.01613
G1 X156.114 Y168.212 E.06047
G1 X156.451 Y168.549 E.01613
G1 X156.707 Y169 E.01756
G1 X153.598 Y169 E.10523
G1 X153.342 Y168.549 E.01756
G1 X153.005 Y168.212 E.01613
G1 X151.451 Y167.332 E.06047
G1 X151.114 Y166.995 E.01613
G1 X151 Y166.793 E.00786
G1 X151 Y168.421 E.05512
SET_VELOCITY_LIMIT ACCEL=1000 ACCEL_TO_DECEL=500
G1 E-.8 F1800
G1 X151.602 Y160.812 Z16.2 F7200
G1 X152.379 Y151 Z16.2 F7200
G1 Z15.8 F7200
G1 E.8 F1800
SET_VELOCITY_LIMIT ACCEL=500 ACCEL_TO_DECEL=250
G1 F6000
G1 X151 Y151 E.04668
G1 X151 Y151.249 E.00844
G1 X151.114 Y151.451 E.00786
G1 X151.451 Y151.788 E.01613
G1 X153.005 Y152.668 E.06047
G1 X153.342 Y153.005 E.01613
G1 X154.223 Y154.56 E.06047
G1 X154.56 Y154.897 E.01613
G1 X156.114 Y155.777 E.06047
G1 X156.451 Y156.114 E.01613
G1 X157.332 Y157.668 E.06047
G1 X157.668 Y158.005 E.01613
G1 X159.223 Y158.886 E.06047
G1 X159.56 Y159.223 E.01613
G1 X160.44 Y160.777 E.06047
G1 X160.777 Y161.114 E.01613
G1 X162.332 Y161.995 E.06047
G1 X162.668 Y162.332 E.01613
G1 X163.549 Y163.886 E.06047
G1 X163.886 Y164.223 E.01613
G1 X165.44 Y165.103 E.06047
G1 X165.777 Y165.44 E.01613
G1 X166.658 Y166.995 E.06047
G1 X166.995 Y167.332 E.01613
G1 X168.549 Y168.212 E.06047
G1 X168.886 Y168.549 E.01613
G1 X169 Y168.751 E.00786
G1 X169 Y165.642 E.10523
G1 X168.886 Y165.44 E.00786
G1 X168.549 Y165.103 E.01613
G1 X166.995 Y164.223 E.06047
G1 X166.658 Y163.886 E.01613
G1 X165.777 Y162.332 E.06047
G1 X165.44 Y161.995 E.01613
G1 X163.886 Y161.114 E.06047
G1 X163.549 Y160.777 E.01613
G1 X162.668 Y159.223 E.06047
G1 X162.332 Y158.886 E.01613
G1 X160.777 Y158.005 E.06047
G1 X160.44 Y157.668 E.01613
G1 X159.56 Y156.114 E.06047
G1 X159.223 Y155.777 E.01613
G1 X157.668 Y154.897 E.06047
G1 X157.332 Y154.56 E.01613
G1 X156.451 Y153.005 E.06047
G1 X156.114 Y152.668 E.01613
G1 X154.56 Y151.788 E.06047
G1 X154.223 Y151.451 E.01613
G1 X153.967 Y151 E.01756
G1 X157.076 Y151 E.10523
G1 X157.332 Y151.451 E.01756
G1 X157.668 Y151.788 E.01613
G1 X159.223 Y152.668 E.06047
G1 X159.56 Y153.005 E.01613
G1 X160.44 Y154.56 E.06047
G1 X160.777 Y154.897 E.01613
G1 X162.332 Y155.777 E.06047
G1 X162.668 Y156.114 E.01613
G1 X163.549 Y157.668 E.06047
G1 X163.886 Y158.005 E.01613
G1 X165.44 Y158.886 E.06047
G1 X165.777 Y159.223 E.01613
G1 X166.658 Y160.777 E.06047
G1 X166.995 Y161.114 E.01613
G1 X168.549 Y161.995 E.06047
G1 X168.886 Y162.332 E.01613
G1 X169 Y162.534 E.00786
G1 X169 Y159.425 E.10523
G1 X168.886 Y159.223 E.00786
G1 X168.549 Y158.886 E.01613
G1 X166.995 Y158.005 E.06047
G1 X166.658 Y157.668 E.01613
G1 X165.777 Y156.114 E.06047
G1 X165.44 Y155.777 E.01613
G1 X163.886 Y154.897 E.06047
G1 X163.549 Y154.56 E.01613
G1 X162.668 Y153.005 E.06047
G1 X162.332 Y152.668 E.01613
G1 X160.777 Y151.788 E.06047
G1 X160.44 Y151.451 E.01613
G1 X160.185 Y151 E.01756
G1 X163.293 Y151 E.10523
G1 X163.549 Y151.451 E.01756
G1 X163.886 Y151.788 E.01613
G1 X165.44 Y152.668 E.06047
G1 X165.777 Y153.005 E.01613
G1 X166.658 Y154.56 E.06047
G1 X166.995 Y154.897 E.01613
G1 X168.549 Y155.777 E.06047
G1 X168.886 Y156.114 E.01613
G1 X169 Y156.316 E.00786
G1 X169 Y153.207 E.10523
G1 X168.886 Y153.005 E.00786
G1 X168.549 Y152.668 E.01613
G1 X166.995 Y151.788 E.06047
G1 X166.658 Y151.451 E.01613
G1 X166.402 Y151 E.01756
G1 X168.03 Y151 E.05512
M400
G1 E-10 F1800
G1 Z16.2 F7200
M104 S150 T1 ; standby
M104 S270 T0 ; pre-charge
M109 S270 T0
MOVE_TO_BRUSH_STATION
CLEAN_NOZZLE
MOVE_OUT_BRUSH_STATION
M106 P2 S130 ; fibre-side cooling, fan4
M106 P1 S0 ; part-cooling, fan3
T0 ; switch extruder type to:FIBER
; LAYER:79 [15.80]
M1001 L71
G1 F1200 Z17.00
G1 X151.11 Y151.11 F1200
G1 F1200 U55.000 ; Extrude restart
G1 F1200 Z15.80
G1 F600 V1.000 ; Recover matrix retract
G1 F600 V3.000 ; Matrix prime
G1 X167.45 Y151.11 V0.545 U16.017 P0.034 F1200
; Start to cut
M2800
M400
;CUT DISTANCE 54.8
G1 X168.89 Y151.11 V0.048 F1200
G1 X168.89 Y168.89 V0.593 F1200
G1 X151.11 Y168.89 V0.593 F1200
G1 X151.11 Y151.11 V0.593 F1200
; Cutting completed.
G1 F600 V-1.000 ; Retract
G1 F1200 Z16.40
M1002
M1001 L404
G1 F1200 Z17.00
G1 X151.76 Y152.11 F1200
G1 F1200 U55.000 ; Extrude restart
G1 F1200 Z15.80
G1 F600 V1.000 ; Recover matrix retract
M73 P77 R13
G1 F600 V3.000 ; Matrix prime
G1 X168.24 Y152.11 V0.549 U16.156 P0.034 F1200
G1 X168.24 Y152.81 V0.023 U0.686 P0.034 F1200
G1 X151.76 Y152.81 V0.549 U16.156 P0.034 F1200
G1 X151.76 Y153.51 V0.023 U0.686 P0.034 F1200
G1 X168.24 Y153.51 V0.549 U16.156 P0.034 F1200
G1 X168.24 Y154.21 V0.023 U0.686 P0.034 F1200
G1 X151.76 Y154.21 V0.549 U16.156 P0.034 F1200
G1 X151.76 Y154.91 V0.023 U0.686 P0.034 F1200
G1 X168.24 Y154.91 V0.549 U16.156 P0.034 F1200
G1 X168.24 Y155.61 V0.023 U0.686 P0.034 F1200
G1 X151.76 Y155.61 V0.549 U16.156 P0.034 F1200
G1 X151.76 Y156.31 V0.023 U0.686 P0.034 F1200
G1 X168.24 Y156.31 V0.549 U16.156 P0.034 F1200
G1 X168.24 Y157.01 V0.023 U0.686 P0.034 F1200
G1 X151.76 Y157.01 V0.549 U16.156 P0.034 F1200
G1 X151.76 Y157.71 V0.023 U0.686 P0.034 F1200
G1 X168.24 Y157.71 V0.549 U16.156 P0.034 F1200
G1 X168.24 Y158.41 V0.023 U0.686 P0.034 F1200
G1 X151.76 Y158.41 V0.549 U16.156 P0.034 F1200
G1 X151.76 Y159.11 V0.023 U0.686 P0.034 F1200
G1 X168.24 Y159.11 V0.549 U16.156 P0.034 F1200
G1 X168.24 Y159.81 V0.023 U0.686 P0.034 F1200
G1 X151.76 Y159.81 V0.549 U16.156 P0.034 F1200
G1 X151.76 Y160.51 V0.023 U0.686 P0.034 F1200
G1 X168.24 Y160.51 V0.549 U16.156 P0.034 F1200
G1 X168.24 Y161.21 V0.023 U0.686 P0.034 F1200
G1 X151.76 Y161.21 V0.549 U16.156 P0.034 F1200
G1 X151.76 Y161.91 V0.023 U0.686 P0.034 F1200
G1 X168.24 Y161.91 V0.549 U16.156 P0.034 F1200
G1 X168.24 Y162.61 V0.023 U0.686 P0.034 F1200
G1 X151.76 Y162.61 V0.549 U16.156 P0.034 F1200
G1 X151.76 Y163.31 V0.023 U0.686 P0.034 F1200
G1 X168.24 Y163.31 V0.549 U16.156 P0.034 F1200
G1 X168.24 Y164.01 V0.023 U0.686 P0.034 F1200
G1 X151.76 Y164.01 V0.549 U16.156 P0.034 F1200
G1 X151.76 Y164.71 V0.023 U0.686 P0.034 F1200
G1 X168.24 Y164.71 V0.549 U16.156 P0.034 F1200
G1 X168.24 Y165.41 V0.023 U0.686 P0.034 F1200
G1 X151.76 Y165.41 V0.549 U16.156 P0.034 F1200
G1 X151.76 Y166.11 V0.023 U0.686 P0.034 F1200
G1 X165.00 Y166.11 V0.441 U12.979 P0.034 F1200
; Start to cut
M2800
M400
;CUT DISTANCE 54.8
G1 X168.24 Y166.11 V0.108 F1200
G1 X168.24 Y166.81 V0.023 F1200
G1 X151.76 Y166.81 V0.549 F1200
G1 X151.76 Y167.51 V0.023 F1200
G1 X168.24 Y167.51 V0.549 F1200
G1 X168.24 Y168.21 V0.023 F1200
G1 X151.76 Y168.21 V0.549 F1200
; Cutting completed.
G1 F600 V-1.000 ; Retract
G1 F1200 Z16.40
M1002
M400
G1 F600 V-4.000 ; Toolchange matrix retract
M104 S180 T0 ; standby
M104 S250 T1 ; pre-charge
M109 S250 T1
MOVE_TO_BRUSH_STATION
CLEAN_NOZZLE
MOVE_OUT_BRUSH_STATION
M106 P2 S0 ; fibre-side cooling, fan4
M106 P1 S130 ; part-cooling, fan3
T1 ; switch extruder type to:PLASTIC
G1 Z15.8 F7200
G1 E10 F1800
M106 S125
;LAYER_CHANGE
;Z:16
;HEIGHT:0.2
;_SET_FAN_SPEED_CHANGING_LAYER
SET_VELOCITY_LIMIT ACCEL=1000 ACCEL_TO_DECEL=500
G1 E-.8 F1800
G1 X168.577 Y158.612 Z16.4 F7200
G1 X169.346 Y169.346 Z16.4 F7200
G1 Z16 F7200
G1 E.8 F1800
;TYPE:Inner wall
;WIDTH:0.449999
G1 F3600
G1 X150.654 Y169.346 E.6327
G1 X150.654 Y150.654 E.6327
G1 X169.346 Y150.654 E.6327
G1 X169.346 Y169.306 E.63135
SET_VELOCITY_LIMIT ACCEL=500 ACCEL_TO_DECEL=250
G1 X169.775 Y169.775 F7200
;TYPE:Outer wall
G1 F3600
G1 X150.225 Y169.775 E.66174
G1 X150.225 Y150.225 E.66174
G1 X169.775 Y150.225 E.66174
M73 P78 R13
G1 X169.775 Y169.735 E.66039
SET_VELOCITY_LIMIT ACCEL=1000 ACCEL_TO_DECEL=500
G1 X168.063 Y169 F7200
SET_VELOCITY_LIMIT ACCEL=500 ACCEL_TO_DECEL=250
;TYPE:Sparse infill
;WIDTH:0.45
G1 F6000
G1 X169 Y169 E.03175
G1 X169 Y168.31 E.02337
G1 X168.549 Y167.859 E.02161
G1 X166.995 Y167.685 E.05294
G1 X166.304 Y166.995 E.03305
G1 X166.131 Y165.44 E.05294
G1 X165.44 Y164.75 E.03305
G1 X163.886 Y164.576 E.05294
G1 X163.195 Y163.886 E.03305
G1 X163.022 Y162.332 E.05294
G1 X162.332 Y161.641 E.03305
G1 X160.777 Y161.468 E.05294
G1 X160.087 Y160.777 E.03305
G1 X159.913 Y159.223 E.05294
G1 X159.223 Y158.532 E.03305
G1 X157.668 Y158.359 E.05294
G1 X156.978 Y157.668 E.03305
G1 X156.805 Y156.114 E.05294
G1 X156.114 Y155.424 E.03305
G1 X154.56 Y155.25 E.05294
G1 X153.869 Y154.56 E.03305
G1 X153.696 Y153.005 E.05294
G1 X153.005 Y152.315 E.03305
G1 X151.451 Y152.141 E.05294
G1 X151 Y151.69 E.02161
G1 X151 Y154.799 E.10523
G1 X151.451 Y155.25 E.02161
G1 X153.005 Y155.424 E.05294
G1 X153.696 Y156.114 E.03305
G1 X153.869 Y157.668 E.05294
G1 X154.56 Y158.359 E.03305
G1 X156.114 Y158.532 E.05294
G1 X156.805 Y159.223 E.03305
G1 X156.978 Y160.777 E.05294
G1 X157.668 Y161.468 E.03305
G1 X159.223 Y161.641 E.05294
G1 X159.913 Y162.332 E.03305
G1 X160.087 Y163.886 E.05294
G1 X160.777 Y164.576 E.03305
G1 X162.332 Y164.75 E.05294
G1 X163.022 Y165.44 E.03305
G1 X163.195 Y166.995 E.05294
G1 X163.886 Y167.685 E.03305
G1 X165.44 Y167.859 E.05294
G1 X166.131 Y168.549 E.03305
G1 X166.181 Y169 E.01537
G1 X163.072 Y169 E.10523
G1 X163.022 Y168.549 E.01537
G1 X162.332 Y167.859 E.03305
G1 X160.777 Y167.685 E.05294
G1 X160.087 Y166.995 E.03305
G1 X159.913 Y165.44 E.05294
G1 X159.223 Y164.75 E.03305
G1 X157.668 Y164.576 E.05294
G1 X156.978 Y163.886 E.03305
G1 X156.805 Y162.332 E.05294
G1 X156.114 Y161.641 E.03305
G1 X154.56 Y161.468 E.05294
G1 X153.869 Y160.777 E.03305
G1 X153.696 Y159.223 E.05294
G1 X153.005 Y158.532 E.03305
G1 X151.451 Y158.359 E.05294
G1 X151 Y157.908 E.02161
G1 X151 Y156.279 E.05512
SET_VELOCITY_LIMIT ACCEL=1000 ACCEL_TO_DECEL=500
G1 E-.8 F1800
G1 X152.191 Y151 Z16.4 F7200
G1 Z16 F7200
G1 E.8 F1800
SET_VELOCITY_LIMIT ACCEL=500 ACCEL_TO_DECEL=250
G1 F6000
G1 X153.819 Y151 E.05512
G1 X153.869 Y151.451 E.01537
G1 X154.56 Y152.141 E.03305
G1 X156.114 Y152.315 E.05294
G1 X156.805 Y153.005 E.03305
G1 X156.978 Y154.56 E.05294
G1 X157.668 Y155.25 E.03305
G1 X159.223 Y155.424 E.05294
G1 X159.913 Y156.114 E.03305
G1 X160.087 Y157.668 E.05294
G1 X160.777 Y158.359 E.03305
G1 X162.332 Y158.532 E.05294
G1 X163.022 Y159.223 E.03305
G1 X163.195 Y160.777 E.05294
G1 X163.886 Y161.468 E.03305
G1 X165.44 Y161.641 E.05294
G1 X166.131 Y162.332 E.03305
G1 X166.304 Y163.886 E.05294
G1 X166.995 Y164.576 E.03305
G1 X168.549 Y164.75 E.05294
G1 X169 Y165.201 E.02161
G1 X169 Y162.092 E.10523
G1 X168.549 Y161.641 E.02161
G1 X166.995 Y161.468 E.05294
G1 X166.304 Y160.777 E.03305
G1 X166.131 Y159.223 E.05294
G1 X165.44 Y158.532 E.03305
G1 X163.886 Y158.359 E.05294
G1 X163.195 Y157.668 E.03305
G1 X163.022 Y156.114 E.05294
G1 X162.332 Y155.424 E.03305
G1 X160.777 Y155.25 E.05294
G1 X160.087 Y154.56 E.03305
G1 X159.913 Y153.005 E.05294
G1 X159.223 Y152.315 E.03305
G1 X157.668 Y152.141 E.05294
G1 X156.978 Y151.451 E.03305
G1 X156.928 Y151 E.01537
G1 X160.036 Y151 E.10523
G1 X160.087 Y151.451 E.01537
G1 X160.777 Y152.141 E.03305
G1 X162.332 Y152.315 E.05294
G1 X163.022 Y153.005 E.03305
G1 X163.195 Y154.56 E.05294
G1 X163.886 Y155.25 E.03305
G1 X165.44 Y155.424 E.05294
G1 X166.131 Y156.114 E.03305
G1 X166.304 Y157.668 E.05294
G1 X166.995 Y158.359 E.03305
G1 X168.549 Y158.532 E.05294
G1 X169 Y158.984 E.02161
G1 X169 Y155.875 E.10523
G1 X168.549 Y155.424 E.02161
G1 X166.995 Y155.25 E.05294
G1 X166.304 Y154.56 E.03305
G1 X166.131 Y153.005 E.05294
G1 X165.44 Y152.315 E.03305
G1 X163.886 Y152.141 E.05294
G1 X163.195 Y151.451 E.03305
G1 X163.145 Y151 E.01537
G1 X166.254 Y151 E.10523
G1 X166.304 Y151.451 E.01537
G1 X166.995 Y152.141 E.03305
G1 X168.549 Y152.315 E.05294
G1 X169 Y152.766 E.02161
G1 X169 Y151.138 E.05512
SET_VELOCITY_LIMIT ACCEL=1000 ACCEL_TO_DECEL=500
G1 E-.8 F1800
G1 X165.088 Y157.691 Z16.4 F7200
G1 X158.335 Y169 Z16.4 F7200
G1 Z16 F7200
G1 E.8 F1800
SET_VELOCITY_LIMIT ACCEL=500 ACCEL_TO_DECEL=250
G1 F6000
G1 X159.964 Y169 E.05512
G1 X159.913 Y168.549 E.01537
G1 X159.223 Y167.859 E.03305
G1 X157.668 Y167.685 E.05294
G1 X156.978 Y166.995 E.03305
G1 X156.805 Y165.44 E.05294
G1 X156.114 Y164.75 E.03305
G1 X154.56 Y164.576 E.05294
G1 X153.869 Y163.886 E.03305
G1 X153.696 Y162.332 E.05294
G1 X153.005 Y161.641 E.03305
G1 X151.451 Y161.468 E.05294
G1 X151 Y161.016 E.02161
G1 X151 Y164.125 E.10523
G1 X151.451 Y164.576 E.02161
G1 X153.005 Y164.75 E.05294
G1 X153.696 Y165.44 E.03305
G1 X153.869 Y166.995 E.05294
G1 X154.56 Y167.685 E.03305
G1 X156.114 Y167.859 E.05294
G1 X156.805 Y168.549 E.03305
G1 X156.855 Y169 E.01537
G1 X153.746 Y169 E.10523
G1 X153.696 Y168.549 E.01537
G1 X153.005 Y167.859 E.03305
G1 X151.451 Y167.685 E.05294
G1 X151 Y167.234 E.02161
G1 X151 Y168.862 E.05512
M400
G1 E-10 F1800
G1 Z16.4 F7200
M104 S150 T1 ; standby
M104 S270 T0 ; pre-charge
M109 S270 T0
MOVE_TO_BRUSH_STATION
CLEAN_NOZZLE
MOVE_OUT_BRUSH_STATION
M106 P2 S127 ; fibre-side cooling, fan4
M106 P1 S0 ; part-cooling, fan3
T0 ; switch extruder type to:FIBER
; LAYER:80 [16.00]
M1001 L71
G1 F1200 Z17.20
G1 X151.11 Y151.11 F1200
G1 F1200 U55.000 ; Extrude restart
G1 F1200 Z16.00
G1 F600 V1.000 ; Recover matrix retract
G1 F600 V3.000 ; Matrix prime
G1 X167.45 Y151.11 V0.545 U16.017 P0.034 F1200
; Start to cut
M2800
M400
;CUT DISTANCE 54.8
G1 X168.89 Y151.11 V0.048 F1200
G1 X168.89 Y168.89 V0.593 F1200
G1 X151.11 Y168.89 V0.593 F1200
G1 X151.11 Y151.11 V0.593 F1200
; Cutting completed.
G1 F600 V-1.000 ; Retract
G1 F1200 Z16.60
M1002
M1001 L404
G1 F1200 Z17.20
G1 X167.89 Y151.76 F1200
G1 F1200 U55.000 ; Extrude restart
G1 F1200 Z16.00
G1 F600 V1.000 ; Recover matrix retract
G1 F600 V3.000 ; Matrix prime
G1 X167.89 Y168.24 V0.549 U16.156 P0.034 F1200
G1 X167.19 Y168.24 V0.023 U0.686 P0.034 F1200
G1 X167.19 Y151.76 V0.549 U16.156 P0.034 F1200
G1 X166.49 Y151.76 V0.023 U0.686 P0.034 F1200
G1 X166.49 Y168.24 V0.549 U16.156 P0.034 F1200
G1 X165.79 Y168.24 V0.023 U0.686 P0.034 F1200
G1 X165.79 Y151.76 V0.549 U16.156 P0.034 F1200
G1 X165.09 Y151.76 V0.023 U0.686 P0.034 F1200
G1 X165.09 Y168.24 V0.549 U16.156 P0.034 F1200
G1 X164.39 Y168.24 V0.023 U0.686 P0.034 F1200
G1 X164.39 Y151.76 V0.549 U16.156 P0.034 F1200
G1 X163.69 Y151.76 V0.023 U0.686 P0.034 F1200
G1 X163.69 Y168.24 V0.549 U16.156 P0.034 F1200
G1 X162.99 Y168.24 V0.023 U0.686 P0.034 F1200
G1 X162.99 Y151.76 V0.549 U16.156 P0.034 F1200
G1 X162.29 Y151.76 V0.023 U0.686 P0.034 F1200
G1 X162.29 Y168.24 V0.549 U16.156 P0.034 F1200
G1 X161.59 Y168.24 V0.023 U0.686 P0.034 F1200
G1 X161.59 Y151.76 V0.549 U16.156 P0.034 F1200
G1 X160.89 Y151.76 V0.023 U0.686 P0.034 F1200
G1 X160.89 Y168.24 V0.549 U16.156 P0.034 F1200
G1 X160.19 Y168.24 V0.023 U0.686 P0.034 F1200
G1 X160.19 Y151.76 V0.549 U16.156 P0.034 F1200
G1 X159.49 Y151.76 V0.023 U0.686 P0.034 F1200
G1 X159.49 Y168.24 V0.549 U16.156 P0.034 F1200
G1 X158.79 Y168.24 V0.023 U0.686 P0.034 F1200
G1 X158.79 Y151.76 V0.549 U16.156 P0.034 F1200
G1 X158.09 Y151.76 V0.023 U0.686 P0.034 F1200
G1 X158.09 Y168.24 V0.549 U16.156 P0.034 F1200
G1 X157.39 Y168.24 V0.023 U0.686 P0.034 F1200
G1 X157.39 Y151.76 V0.549 U16.156 P0.034 F1200
G1 X156.69 Y151.76 V0.023 U0.686 P0.034 F1200
G1 X156.69 Y168.24 V0.549 U16.156 P0.034 F1200
G1 X155.99 Y168.24 V0.023 U0.686 P0.034 F1200
G1 X155.99 Y151.76 V0.549 U16.156 P0.034 F1200
G1 X155.29 Y151.76 V0.023 U0.686 P0.034 F1200
G1 X155.29 Y168.24 V0.549 U16.156 P0.034 F1200
G1 X154.59 Y168.24 V0.023 U0.686 P0.034 F1200
G1 X154.59 Y151.76 V0.549 U16.156 P0.034 F1200
G1 X153.89 Y151.76 V0.023 U0.686 P0.034 F1200
G1 X153.89 Y165.00 V0.441 U12.979 P0.034 F1200
; Start to cut
M2800
M400
;CUT DISTANCE 54.8
G1 X153.89 Y168.24 V0.108 F1200
G1 X153.19 Y168.24 V0.023 F1200
G1 X153.19 Y151.76 V0.549 F1200
G1 X152.49 Y151.76 V0.023 F1200
G1 X152.49 Y168.24 V0.549 F1200
G1 X151.79 Y168.24 V0.023 F1200
G1 X151.79 Y151.76 V0.549 F1200
; Cutting completed.
G1 F600 V-1.000 ; Retract
M73 P78 R12
G1 F1200 Z16.60
M1002
M400
G1 F600 V-4.000 ; Toolchange matrix retract
M104 S180 T0 ; standby
M104 S250 T1 ; pre-charge
M109 S250 T1
MOVE_TO_BRUSH_STATION
CLEAN_NOZZLE
MOVE_OUT_BRUSH_STATION
M106 P2 S0 ; fibre-side cooling, fan4
M106 P1 S127 ; part-cooling, fan3
T1 ; switch extruder type to:PLASTIC
G1 Z16 F7200
G1 E10 F1800
M106 S130
;LAYER_CHANGE
;Z:16.2
;HEIGHT:0.200001
;_SET_FAN_SPEED_CHANGING_LAYER
SET_VELOCITY_LIMIT ACCEL=1000 ACCEL_TO_DECEL=500
G1 E-.8 F1800
G1 X158.629 Y169.064 Z16.6 F7200
G1 X169.346 Y169.346 Z16.6 F7200
G1 Z16.2 F7200
G1 E.8 F1800
;TYPE:Inner wall
;WIDTH:0.449999
G1 F3600
G1 X150.654 Y169.346 E.6327
G1 X150.654 Y150.654 E.6327
M73 P79 R12
G1 X169.346 Y150.654 E.6327
G1 X169.346 Y169.306 E.63135
SET_VELOCITY_LIMIT ACCEL=500 ACCEL_TO_DECEL=250
G1 X169.775 Y169.775 F7200
;TYPE:Outer wall
G1 F3600
G1 X150.225 Y169.775 E.66174
G1 X150.225 Y150.225 E.66174
G1 X169.775 Y150.225 E.66174
G1 X169.775 Y169.735 E.66039
SET_VELOCITY_LIMIT ACCEL=1000 ACCEL_TO_DECEL=500
G1 X169 Y168.993 F7200
SET_VELOCITY_LIMIT ACCEL=500 ACCEL_TO_DECEL=250
;TYPE:Sparse infill
;WIDTH:0.45
G1 F6000
G1 X169 Y167.365 E.05512
G1 X168.549 Y167.816 E.02161
G1 X166.995 Y167.728 E.0527
G1 X166.173 Y168.549 E.03931
G1 X166.199 Y169 E.0153
G1 X163.09 Y169 E.10523
G1 X163.065 Y168.549 E.0153
G1 X163.886 Y167.728 E.03931
G1 X165.44 Y167.816 E.0527
G1 X166.262 Y166.995 E.03931
G1 X166.173 Y165.44 E.0527
G1 X166.995 Y164.619 E.03931
G1 X168.549 Y164.707 E.0527
G1 X169 Y164.256 E.02161
G1 X169 Y165.884 E.05512
SET_VELOCITY_LIMIT ACCEL=1000 ACCEL_TO_DECEL=500
G1 E-.8 F1800
G1 X161.675 Y168.028 Z16.6 F7200
G1 X158.353 Y169 Z16.6 F7200
G1 Z16.2 F7200
G1 E.8 F1800
SET_VELOCITY_LIMIT ACCEL=500 ACCEL_TO_DECEL=250
G1 F6000
G1 X159.982 Y169 E.05512
G1 X159.956 Y168.549 E.0153
G1 X160.777 Y167.728 E.03931
G1 X162.332 Y167.816 E.0527
G1 X163.153 Y166.995 E.03931
G1 X163.065 Y165.44 E.0527
G1 X163.886 Y164.619 E.03931
G1 X165.44 Y164.707 E.0527
G1 X166.262 Y163.886 E.03931
G1 X166.173 Y162.332 E.0527
G1 X166.995 Y161.51 E.03931
G1 X168.549 Y161.598 E.0527
G1 X169 Y161.147 E.02161
G1 X169 Y158.038 E.10523
G1 X168.549 Y158.49 E.02161
G1 X166.995 Y158.402 E.0527
G1 X166.173 Y159.223 E.03931
G1 X166.262 Y160.777 E.0527
G1 X165.44 Y161.598 E.03931
G1 X163.886 Y161.51 E.0527
G1 X163.065 Y162.332 E.03931
G1 X163.153 Y163.886 E.0527
G1 X162.332 Y164.707 E.03931
G1 X160.777 Y164.619 E.0527
G1 X159.956 Y165.44 E.03931
G1 X160.044 Y166.995 E.0527
G1 X159.223 Y167.816 E.03931
G1 X157.668 Y167.728 E.0527
G1 X156.847 Y168.549 E.03931
G1 X156.873 Y169 E.0153
G1 X153.764 Y169 E.10523
G1 X153.738 Y168.549 E.0153
G1 X154.56 Y167.728 E.03931
G1 X156.114 Y167.816 E.0527
G1 X156.935 Y166.995 E.03931
G1 X156.847 Y165.44 E.0527
G1 X157.668 Y164.619 E.03931
G1 X159.223 Y164.707 E.0527
G1 X160.044 Y163.886 E.03931
G1 X159.956 Y162.332 E.0527
G1 X160.777 Y161.51 E.03931
G1 X162.332 Y161.598 E.0527
G1 X163.153 Y160.777 E.03931
G1 X163.065 Y159.223 E.0527
G1 X163.886 Y158.402 E.03931
G1 X165.44 Y158.49 E.0527
G1 X166.262 Y157.668 E.03931
G1 X166.173 Y156.114 E.0527
G1 X166.995 Y155.293 E.03931
G1 X168.549 Y155.381 E.0527
G1 X169 Y154.93 E.02161
G1 X169 Y151.821 E.10523
G1 X168.549 Y152.272 E.02161
G1 X166.995 Y152.184 E.0527
G1 X166.173 Y153.005 E.03931
G1 X166.262 Y154.56 E.0527
G1 X165.44 Y155.381 E.03931
G1 X163.886 Y155.293 E.0527
G1 X163.065 Y156.114 E.03931
G1 X163.153 Y157.668 E.0527
G1 X162.332 Y158.49 E.03931
G1 X160.777 Y158.402 E.0527
G1 X159.956 Y159.223 E.03931
G1 X160.044 Y160.777 E.0527
G1 X159.223 Y161.598 E.03931
G1 X157.668 Y161.51 E.0527
G1 X156.847 Y162.332 E.03931
G1 X156.935 Y163.886 E.0527
G1 X156.114 Y164.707 E.03931
G1 X154.56 Y164.619 E.0527
G1 X153.738 Y165.44 E.03931
G1 X153.827 Y166.995 E.0527
G1 X153.005 Y167.816 E.03931
G1 X151.451 Y167.728 E.0527
G1 X151 Y168.179 E.02161
G1 X151 Y165.07 E.10523
G1 X151.451 Y164.619 E.02161
G1 X153.005 Y164.707 E.0527
G1 X153.827 Y163.886 E.03931
G1 X153.738 Y162.332 E.0527
G1 X154.56 Y161.51 E.03931
G1 X156.114 Y161.598 E.0527
G1 X156.935 Y160.777 E.03931
G1 X156.847 Y159.223 E.0527
G1 X157.668 Y158.402 E.03931
G1 X159.223 Y158.49 E.0527
G1 X160.044 Y157.668 E.03931
G1 X159.956 Y156.114 E.0527
G1 X160.777 Y155.293 E.03931
G1 X162.332 Y155.381 E.0527
G1 X163.153 Y154.56 E.03931
G1 X163.065 Y153.005 E.0527
G1 X163.886 Y152.184 E.03931
G1 X165.44 Y152.272 E.0527
G1 X166.262 Y151.451 E.03931
G1 X166.236 Y151 E.0153
G1 X163.127 Y151 E.10523
G1 X163.153 Y151.451 E.0153
G1 X162.332 Y152.272 E.03931
G1 X160.777 Y152.184 E.0527
G1 X159.956 Y153.005 E.03931
G1 X160.044 Y154.56 E.0527
G1 X159.223 Y155.381 E.03931
G1 X157.668 Y155.293 E.0527
G1 X156.847 Y156.114 E.03931
G1 X156.935 Y157.668 E.0527
G1 X156.114 Y158.49 E.03931
G1 X154.56 Y158.402 E.0527
G1 X153.738 Y159.223 E.03931
G1 X153.827 Y160.777 E.0527
G1 X153.005 Y161.598 E.03931
G1 X151.451 Y161.51 E.0527
G1 X151 Y161.962 E.02161
G1 X151 Y158.853 E.10523
G1 X151.451 Y158.402 E.02161
G1 X153.005 Y158.49 E.0527
G1 X153.827 Y157.668 E.03931
G1 X153.738 Y156.114 E.0527
G1 X154.56 Y155.293 E.03931
G1 X156.114 Y155.381 E.0527
G1 X156.935 Y154.56 E.03931
G1 X156.847 Y153.005 E.0527
G1 X157.668 Y152.184 E.03931
G1 X159.223 Y152.272 E.0527
G1 X160.044 Y151.451 E.03931
G1 X160.018 Y151 E.0153
G1 X156.91 Y151 E.10523
G1 X156.935 Y151.451 E.0153
G1 X156.114 Y152.272 E.03931
G1 X154.56 Y152.184 E.0527
G1 X153.738 Y153.005 E.03931
G1 X153.827 Y154.56 E.0527
G1 X153.005 Y155.381 E.03931
G1 X151.451 Y155.293 E.0527
G1 X151 Y155.744 E.02161
G1 X151 Y152.635 E.10523
G1 X151.451 Y152.184 E.02161
G1 X153.005 Y152.272 E.0527
G1 X153.827 Y151.451 E.03931
G1 X153.801 Y151 E.0153
G1 X152.173 Y151 E.05512
M400
G1 E-10 F1800
G1 Z16.6 F7200
M104 S150 T1 ; standby
M104 S270 T0 ; pre-charge
M109 S270 T0
MOVE_TO_BRUSH_STATION
CLEAN_NOZZLE
MOVE_OUT_BRUSH_STATION
M106 P2 S124 ; fibre-side cooling, fan4
M106 P1 S0 ; part-cooling, fan3
T0 ; switch extruder type to:FIBER
; LAYER:81 [16.20]
M1001 L71
G1 F1200 Z17.40
G1 X151.11 Y151.11 F1200
G1 F1200 U55.000 ; Extrude restart
G1 F1200 Z16.20
G1 F600 V1.000 ; Recover matrix retract
G1 F600 V3.000 ; Matrix prime
G1 X167.45 Y151.11 V0.545 U16.017 P0.034 F1200
; Start to cut
M2800
M400
;CUT DISTANCE 54.8
G1 X168.89 Y151.11 V0.048 F1200
G1 X168.89 Y168.89 V0.593 F1200
G1 X151.11 Y168.89 V0.593 F1200
G1 X151.11 Y151.11 V0.593 F1200
; Cutting completed.
G1 F600 V-1.000 ; Retract
G1 F1200 Z16.80
M1002
M1001 L404
G1 F1200 Z17.40
G1 X151.76 Y152.11 F1200
G1 F1200 U55.000 ; Extrude restart
G1 F1200 Z16.20
G1 F600 V1.000 ; Recover matrix retract
G1 F600 V3.000 ; Matrix prime
G1 X168.24 Y152.11 V0.549 U16.156 P0.034 F1200
G1 X168.24 Y152.81 V0.023 U0.686 P0.034 F1200
G1 X151.76 Y152.81 V0.549 U16.156 P0.034 F1200
G1 X151.76 Y153.51 V0.023 U0.686 P0.034 F1200
G1 X168.24 Y153.51 V0.549 U16.156 P0.034 F1200
G1 X168.24 Y154.21 V0.023 U0.686 P0.034 F1200
G1 X151.76 Y154.21 V0.549 U16.156 P0.034 F1200
G1 X151.76 Y154.91 V0.023 U0.686 P0.034 F1200
G1 X168.24 Y154.91 V0.549 U16.156 P0.034 F1200
G1 X168.24 Y155.61 V0.023 U0.686 P0.034 F1200
G1 X151.76 Y155.61 V0.549 U16.156 P0.034 F1200
G1 X151.76 Y156.31 V0.023 U0.686 P0.034 F1200
G1 X168.24 Y156.31 V0.549 U16.156 P0.034 F1200
G1 X168.24 Y157.01 V0.023 U0.686 P0.034 F1200
G1 X151.76 Y157.01 V0.549 U16.156 P0.034 F1200
G1 X151.76 Y157.71 V0.023 U0.686 P0.034 F1200
G1 X168.24 Y157.71 V0.549 U16.156 P0.034 F1200
G1 X168.24 Y158.41 V0.023 U0.686 P0.034 F1200
G1 X151.76 Y158.41 V0.549 U16.156 P0.034 F1200
G1 X151.76 Y159.11 V0.023 U0.686 P0.034 F1200
G1 X168.24 Y159.11 V0.549 U16.156 P0.034 F1200
G1 X168.24 Y159.81 V0.023 U0.686 P0.034 F1200
G1 X151.76 Y159.81 V0.549 U16.156 P0.034 F1200
G1 X151.76 Y160.51 V0.023 U0.686 P0.034 F1200
G1 X168.24 Y160.51 V0.549 U16.156 P0.034 F1200
G1 X168.24 Y161.21 V0.023 U0.686 P0.034 F1200
G1 X151.76 Y161.21 V0.549 U16.156 P0.034 F1200
G1 X151.76 Y161.91 V0.023 U0.686 P0.034 F1200
G1 X168.24 Y161.91 V0.549 U16.156 P0.034 F1200
G1 X168.24 Y162.61 V0.023 U0.686 P0.034 F1200
G1 X151.76 Y162.61 V0.549 U16.156 P0.034 F1200
G1 X151.76 Y163.31 V0.023 U0.686 P0.034 F1200
G1 X168.24 Y163.31 V0.549 U16.156 P0.034 F1200
G1 X168.24 Y164.01 V0.023 U0.686 P0.034 F1200
G1 X151.76 Y164.01 V0.549 U16.156 P0.034 F1200
G1 X151.76 Y164.71 V0.023 U0.686 P0.034 F1200
G1 X168.24 Y164.71 V0.549 U16.156 P0.034 F1200
G1 X168.24 Y165.41 V0.023 U0.686 P0.034 F1200
G1 X151.76 Y165.41 V0.549 U16.156 P0.034 F1200
G1 X151.76 Y166.11 V0.023 U0.686 P0.034 F1200
G1 X165.00 Y166.11 V0.441 U12.979 P0.034 F1200
; Start to cut
M2800
M400
;CUT DISTANCE 54.8
G1 X168.24 Y166.11 V0.108 F1200
G1 X168.24 Y166.81 V0.023 F1200
G1 X151.76 Y166.81 V0.549 F1200
G1 X151.76 Y167.51 V0.023 F1200
G1 X168.24 Y167.51 V0.549 F1200
G1 X168.24 Y168.21 V0.023 F1200
G1 X151.76 Y168.21 V0.549 F1200
; Cutting completed.
G1 F600 V-1.000 ; Retract
G1 F1200 Z16.80
M1002
M400
G1 F600 V-4.000 ; Toolchange matrix retract
M104 S180 T0 ; standby
M104 S250 T1 ; pre-charge
M109 S250 T1
MOVE_TO_BRUSH_STATION
CLEAN_NOZZLE
MOVE_OUT_BRUSH_STATION
M106 P2 S0 ; fibre-side cooling, fan4
M106 P1 S124 ; part-cooling, fan3
T1 ; switch extruder type to:PLASTIC
G1 Z16.2 F7200
G1 E10 F1800
M73 P80 R12
M106 S132
;LAYER_CHANGE
;Z:16.4
;HEIGHT:0.199999
;_SET_FAN_SPEED_CHANGING_LAYER
SET_VELOCITY_LIMIT ACCEL=1000 ACCEL_TO_DECEL=500
G1 E-.8 F1800
G1 X157.389 Y156.572 Z16.8 F7200
G1 X169.346 Y169.346 Z16.8 F7200
G1 Z16.4 F7200
G1 E.8 F1800
;TYPE:Inner wall
;WIDTH:0.449999
G1 F3600
G1 X150.654 Y169.346 E.6327
G1 X150.654 Y150.654 E.6327
G1 X169.346 Y150.654 E.6327
G1 X169.346 Y169.306 E.63135
SET_VELOCITY_LIMIT ACCEL=500 ACCEL_TO_DECEL=250
G1 X169.775 Y169.775 F7200
;TYPE:Outer wall
G1 F3600
G1 X150.225 Y169.775 E.66174
G1 X150.225 Y150.225 E.66174
G1 X169.775 Y150.225 E.66174
G1 X169.775 Y169.735 E.66039
SET_VELOCITY_LIMIT ACCEL=1000 ACCEL_TO_DECEL=500
G1 X167.976 Y169 F7200
SET_VELOCITY_LIMIT ACCEL=500 ACCEL_TO_DECEL=250
;TYPE:Sparse infill
;WIDTH:0.45
G1 F6000
G1 X166.347 Y169 E.05512
G1 X166.527 Y168.549 E.01644
G1 X166.995 Y168.081 E.02239
G1 X168.549 Y167.462 E.05663
G1 X169 Y167.011 E.02161
G1 X169 Y163.902 E.10523
G1 X168.549 Y164.354 E.02161
G1 X166.995 Y164.973 E.05663
G1 X166.527 Y165.44 E.02239
G1 X165.908 Y166.995 E.05663
G1 X165.44 Y167.462 E.02239
G1 X163.886 Y168.081 E.05663
G1 X163.418 Y168.549 E.02239
G1 X163.239 Y169 E.01644
G1 X160.13 Y169 E.10523
G1 X160.31 Y168.549 E.01644
G1 X160.777 Y168.081 E.02239
G1 X162.332 Y167.462 E.05663
G1 X162.799 Y166.995 E.02239
G1 X163.418 Y165.44 E.05663
G1 X163.886 Y164.973 E.02239
G1 X165.44 Y164.354 E.05663
G1 X165.908 Y163.886 E.02239
G1 X166.527 Y162.332 E.05663
G1 X166.995 Y161.864 E.02239
G1 X168.549 Y161.245 E.05663
G1 X169 Y160.794 E.02161
G1 X169 Y157.685 E.10523
G1 X168.549 Y158.136 E.02161
G1 X166.995 Y158.755 E.05663
G1 X166.527 Y159.223 E.02239
G1 X165.908 Y160.777 E.05663
G1 X165.44 Y161.245 E.02239
G1 X163.886 Y161.864 E.05663
G1 X163.418 Y162.332 E.02239
G1 X162.799 Y163.886 E.05663
G1 X162.332 Y164.354 E.02239
G1 X160.777 Y164.973 E.05663
G1 X160.31 Y165.44 E.02239
G1 X159.69 Y166.995 E.05663
G1 X159.223 Y167.462 E.02239
G1 X157.668 Y168.081 E.05663
G1 X157.201 Y168.549 E.02239
G1 X157.021 Y169 E.01644
G1 X153.912 Y169 E.10523
G1 X154.092 Y168.549 E.01644
G1 X154.56 Y168.081 E.02239
G1 X156.114 Y167.462 E.05663
G1 X156.582 Y166.995 E.02239
G1 X157.201 Y165.44 E.05663
G1 X157.668 Y164.973 E.02239
G1 X159.223 Y164.354 E.05663
G1 X159.69 Y163.886 E.02239
G1 X160.31 Y162.332 E.05663
G1 X160.777 Y161.864 E.02239
G1 X162.332 Y161.245 E.05663
G1 X162.799 Y160.777 E.02239
G1 X163.418 Y159.223 E.05663
G1 X163.886 Y158.755 E.02239
G1 X165.44 Y158.136 E.05663
G1 X165.908 Y157.668 E.02239
G1 X166.527 Y156.114 E.05663
G1 X166.995 Y155.646 E.02239
G1 X168.549 Y155.027 E.05663
G1 X169 Y154.576 E.02161
G1 X169 Y151.467 E.10523
G1 X168.549 Y151.919 E.02161
G1 X166.995 Y152.538 E.05663
G1 X166.527 Y153.005 E.02239
G1 X165.908 Y154.56 E.05663
G1 X165.44 Y155.027 E.02239
G1 X163.886 Y155.646 E.05663
G1 X163.418 Y156.114 E.02239
G1 X162.799 Y157.668 E.05663
G1 X162.332 Y158.136 E.02239
G1 X160.777 Y158.755 E.05663
G1 X160.31 Y159.223 E.02239
G1 X159.69 Y160.777 E.05663
G1 X159.223 Y161.245 E.02239
G1 X157.668 Y161.864 E.05663
G1 X157.201 Y162.332 E.02239
G1 X156.582 Y163.886 E.05663
G1 X156.114 Y164.354 E.02239
G1 X154.56 Y164.973 E.05663
G1 X154.092 Y165.44 E.02239
G1 X153.473 Y166.995 E.05663
G1 X153.005 Y167.462 E.02239
G1 X151.451 Y168.081 E.05663
G1 X151 Y168.533 E.02161
G1 X151 Y165.424 E.10523
G1 X151.451 Y164.973 E.02161
G1 X153.005 Y164.354 E.05663
G1 X153.473 Y163.886 E.02239
G1 X154.092 Y162.332 E.05663
G1 X154.56 Y161.864 E.02239
G1 X156.114 Y161.245 E.05663
G1 X156.582 Y160.777 E.02239
G1 X157.201 Y159.223 E.05663
G1 X157.668 Y158.755 E.02239
G1 X159.223 Y158.136 E.05663
G1 X159.69 Y157.668 E.02239
G1 X160.31 Y156.114 E.05663
G1 X160.777 Y155.646 E.02239
G1 X162.332 Y155.027 E.05663
G1 X162.799 Y154.56 E.02239
G1 X163.418 Y153.005 E.05663
G1 X163.886 Y152.538 E.02239
G1 X165.44 Y151.919 E.05663
G1 X165.908 Y151.451 E.02239
G1 X166.088 Y151 E.01644
G1 X162.979 Y151 E.10523
G1 X162.799 Y151.451 E.01644
G1 X162.332 Y151.919 E.02239
G1 X160.777 Y152.538 E.05663
G1 X160.31 Y153.005 E.02239
G1 X159.69 Y154.56 E.05663
G1 X159.223 Y155.027 E.02239
G1 X157.668 Y155.646 E.05663
G1 X157.201 Y156.114 E.02239
G1 X156.582 Y157.668 E.05663
G1 X156.114 Y158.136 E.02239
G1 X154.56 Y158.755 E.05663
G1 X154.092 Y159.223 E.02239
G1 X153.473 Y160.777 E.05663
G1 X153.005 Y161.245 E.02239
G1 X151.451 Y161.864 E.05663
G1 X151 Y162.315 E.02161
G1 X151 Y159.206 E.10523
G1 X151.451 Y158.755 E.02161
G1 X153.005 Y158.136 E.05663
G1 X153.473 Y157.668 E.02239
G1 X154.092 Y156.114 E.05663
G1 X154.56 Y155.646 E.02239
G1 X156.114 Y155.027 E.05663
G1 X156.582 Y154.56 E.02239
G1 X157.201 Y153.005 E.05663
G1 X157.668 Y152.538 E.02239
G1 X159.223 Y151.919 E.05663
G1 X159.69 Y151.451 E.02239
G1 X159.87 Y151 E.01644
G1 X156.761 Y151 E.10523
G1 X156.582 Y151.451 E.01644
G1 X156.114 Y151.919 E.02239
G1 X154.56 Y152.538 E.05663
G1 X154.092 Y153.005 E.02239
G1 X153.473 Y154.56 E.05663
G1 X153.005 Y155.027 E.02239
G1 X151.451 Y155.646 E.05663
G1 X151 Y156.098 E.02161
G1 X151 Y152.989 E.10523
G1 X151.451 Y152.538 E.02161
G1 X153.005 Y151.919 E.05663
G1 X153.473 Y151.451 E.02239
G1 X153.653 Y151 E.01644
G1 X152.024 Y151 E.05512
M400
G1 E-10 F1800
G1 Z16.8 F7200
M104 S150 T1 ; standby
M104 S270 T0 ; pre-charge
M109 S270 T0
MOVE_TO_BRUSH_STATION
CLEAN_NOZZLE
MOVE_OUT_BRUSH_STATION
M106 P2 S130 ; fibre-side cooling, fan4
M106 P1 S0 ; part-cooling, fan3
T0 ; switch extruder type to:FIBER
; LAYER:82 [16.40]
M1001 L71
G1 F1200 Z17.60
G1 X151.11 Y151.11 F1200
G1 F1200 U55.000 ; Extrude restart
G1 F1200 Z16.40
G1 F600 V1.000 ; Recover matrix retract
G1 F600 V3.000 ; Matrix prime
G1 X167.45 Y151.11 V0.545 U16.017 P0.034 F1200
; Start to cut
M2800
M400
;CUT DISTANCE 54.8
G1 X168.89 Y151.11 V0.048 F1200
G1 X168.89 Y168.89 V0.593 F1200
G1 X151.11 Y168.89 V0.593 F1200
G1 X151.11 Y151.11 V0.593 F1200
; Cutting completed.
G1 F600 V-1.000 ; Retract
G1 F1200 Z17.00
M1002
M1001 L404
G1 F1200 Z17.60
G1 X151.76 Y152.11 F1200
G1 F1200 U55.000 ; Extrude restart
G1 F1200 Z16.40
G1 F600 V1.000 ; Recover matrix retract
G1 F600 V3.000 ; Matrix prime
G1 X168.24 Y152.11 V0.549 U16.156 P0.034 F1200
G1 X168.24 Y152.81 V0.023 U0.686 P0.034 F1200
G1 X151.76 Y152.81 V0.549 U16.156 P0.034 F1200
G1 X151.76 Y153.51 V0.023 U0.686 P0.034 F1200
G1 X168.24 Y153.51 V0.549 U16.156 P0.034 F1200
G1 X168.24 Y154.21 V0.023 U0.686 P0.034 F1200
G1 X151.76 Y154.21 V0.549 U16.156 P0.034 F1200
G1 X151.76 Y154.91 V0.023 U0.686 P0.034 F1200
G1 X168.24 Y154.91 V0.549 U16.156 P0.034 F1200
G1 X168.24 Y155.61 V0.023 U0.686 P0.034 F1200
G1 X151.76 Y155.61 V0.549 U16.156 P0.034 F1200
G1 X151.76 Y156.31 V0.023 U0.686 P0.034 F1200
G1 X168.24 Y156.31 V0.549 U16.156 P0.034 F1200
G1 X168.24 Y157.01 V0.023 U0.686 P0.034 F1200
G1 X151.76 Y157.01 V0.549 U16.156 P0.034 F1200
G1 X151.76 Y157.71 V0.023 U0.686 P0.034 F1200
M73 P80 R11
G1 X168.24 Y157.71 V0.549 U16.156 P0.034 F1200
G1 X168.24 Y158.41 V0.023 U0.686 P0.034 F1200
G1 X151.76 Y158.41 V0.549 U16.156 P0.034 F1200
G1 X151.76 Y159.11 V0.023 U0.686 P0.034 F1200
G1 X168.24 Y159.11 V0.549 U16.156 P0.034 F1200
G1 X168.24 Y159.81 V0.023 U0.686 P0.034 F1200
G1 X151.76 Y159.81 V0.549 U16.156 P0.034 F1200
G1 X151.76 Y160.51 V0.023 U0.686 P0.034 F1200
G1 X168.24 Y160.51 V0.549 U16.156 P0.034 F1200
G1 X168.24 Y161.21 V0.023 U0.686 P0.034 F1200
G1 X151.76 Y161.21 V0.549 U16.156 P0.034 F1200
G1 X151.76 Y161.91 V0.023 U0.686 P0.034 F1200
G1 X168.24 Y161.91 V0.549 U16.156 P0.034 F1200
G1 X168.24 Y162.61 V0.023 U0.686 P0.034 F1200
G1 X151.76 Y162.61 V0.549 U16.156 P0.034 F1200
G1 X151.76 Y163.31 V0.023 U0.686 P0.034 F1200
G1 X168.24 Y163.31 V0.549 U16.156 P0.034 F1200
G1 X168.24 Y164.01 V0.023 U0.686 P0.034 F1200
G1 X151.76 Y164.01 V0.549 U16.156 P0.034 F1200
G1 X151.76 Y164.71 V0.023 U0.686 P0.034 F1200
G1 X168.24 Y164.71 V0.549 U16.156 P0.034 F1200
G1 X168.24 Y165.41 V0.023 U0.686 P0.034 F1200
G1 X151.76 Y165.41 V0.549 U16.156 P0.034 F1200
G1 X151.76 Y166.11 V0.023 U0.686 P0.034 F1200
G1 X165.00 Y166.11 V0.441 U12.979 P0.034 F1200
; Start to cut
M2800
M400
;CUT DISTANCE 54.8
G1 X168.24 Y166.11 V0.108 F1200
G1 X168.24 Y166.81 V0.023 F1200
G1 X151.76 Y166.81 V0.549 F1200
G1 X151.76 Y167.51 V0.023 F1200
G1 X168.24 Y167.51 V0.549 F1200
G1 X168.24 Y168.21 V0.023 F1200
G1 X151.76 Y168.21 V0.549 F1200
; Cutting completed.
G1 F600 V-1.000 ; Retract
G1 F1200 Z17.00
M1002
M400
G1 F600 V-4.000 ; Toolchange matrix retract
M104 S180 T0 ; standby
M104 S250 T1 ; pre-charge
M109 S250 T1
MOVE_TO_BRUSH_STATION
CLEAN_NOZZLE
MOVE_OUT_BRUSH_STATION
M106 P2 S0 ; fibre-side cooling, fan4
M106 P1 S130 ; part-cooling, fan3
T1 ; switch extruder type to:PLASTIC
G1 Z16.4 F7200
G1 E10 F1800
M106 S130
;LAYER_CHANGE
;Z:16.6
;HEIGHT:0.200001
;_SET_FAN_SPEED_CHANGING_LAYER
SET_VELOCITY_LIMIT ACCEL=1000 ACCEL_TO_DECEL=500
G1 E-.8 F1800
G1 X157.264 Y156.549 Z17 F7200
G1 X169.346 Y169.346 Z17 F7200
G1 Z16.6 F7200
G1 E.8 F1800
;TYPE:Inner wall
;WIDTH:0.449999
G1 F3600
G1 X150.654 Y169.346 E.6327
G1 X150.654 Y150.654 E.6327
M73 P81 R11
G1 X169.346 Y150.654 E.6327
G1 X169.346 Y169.306 E.63135
SET_VELOCITY_LIMIT ACCEL=500 ACCEL_TO_DECEL=250
G1 X169.775 Y169.775 F7200
;TYPE:Outer wall
G1 F3600
G1 X150.225 Y169.775 E.66174
G1 X150.225 Y150.225 E.66174
G1 X169.775 Y150.225 E.66174
G1 X169.775 Y169.735 E.66039
SET_VELOCITY_LIMIT ACCEL=1000 ACCEL_TO_DECEL=500
G1 X169 Y168.172 F7200
SET_VELOCITY_LIMIT ACCEL=500 ACCEL_TO_DECEL=250
;TYPE:Sparse infill
;WIDTH:0.45
G1 F6000
G1 X169 Y166.543 E.05512
G1 X166.543 Y169 E.11762
G1 X163.435 Y169 E.10523
G1 X169 Y163.435 E.26643
G1 X169 Y165.063 E.05512
SET_VELOCITY_LIMIT ACCEL=1000 ACCEL_TO_DECEL=500
G1 E-.8 F1800
G1 X161.871 Y167.788 Z17 F7200
G1 X158.698 Y169 Z17 F7200
G1 Z16.6 F7200
G1 E.8 F1800
SET_VELOCITY_LIMIT ACCEL=500 ACCEL_TO_DECEL=250
G1 F6000
G1 X160.326 Y169 E.05512
G1 X169 Y160.326 E.41525
G1 X169 Y157.217 E.10523
G1 X157.217 Y169 E.56406
G1 X154.108 Y169 E.10523
G1 X169 Y154.108 E.71288
G1 X169 Y151 E.10523
G1 X151 Y169 E.86169
G1 X151 Y165.892 E.10523
G1 X165.892 Y151 E.71288
G1 X162.783 Y151 E.10523
G1 X151 Y162.783 E.56406
G1 X151 Y159.674 E.10523
G1 X159.674 Y151 E.41525
G1 X156.565 Y151 E.10523
G1 X151 Y156.565 E.26643
G1 X151 Y153.457 E.10523
G1 X153.457 Y151 E.11762
G1 X151.828 Y151 E.05512
M400
G1 E-10 F1800
G1 Z17 F7200
M104 S150 T1 ; standby
M104 S270 T0 ; pre-charge
M109 S270 T0
MOVE_TO_BRUSH_STATION
CLEAN_NOZZLE
MOVE_OUT_BRUSH_STATION
M106 P2 S132 ; fibre-side cooling, fan4
M106 P1 S0 ; part-cooling, fan3
T0 ; switch extruder type to:FIBER
; LAYER:83 [16.60]
M1001 L71
G1 F1200 Z17.80
G1 X151.11 Y151.11 F1200
G1 F1200 U55.000 ; Extrude restart
G1 F1200 Z16.60
G1 F600 V1.000 ; Recover matrix retract
G1 F600 V3.000 ; Matrix prime
G1 X167.45 Y151.11 V0.545 U16.017 P0.034 F1200
; Start to cut
M2800
M400
;CUT DISTANCE 54.8
G1 X168.89 Y151.11 V0.048 F1200
G1 X168.89 Y168.89 V0.593 F1200
G1 X151.11 Y168.89 V0.593 F1200
G1 X151.11 Y151.11 V0.593 F1200
; Cutting completed.
G1 F600 V-1.000 ; Retract
G1 F1200 Z17.20
M1002
M1001 L404
G1 F1200 Z17.80
G1 X167.89 Y151.76 F1200
G1 F1200 U55.000 ; Extrude restart
G1 F1200 Z16.60
G1 F600 V1.000 ; Recover matrix retract
G1 F600 V3.000 ; Matrix prime
G1 X167.89 Y168.24 V0.549 U16.156 P0.034 F1200
G1 X167.19 Y168.24 V0.023 U0.686 P0.034 F1200
G1 X167.19 Y151.76 V0.549 U16.156 P0.034 F1200
G1 X166.49 Y151.76 V0.023 U0.686 P0.034 F1200
G1 X166.49 Y168.24 V0.549 U16.156 P0.034 F1200
G1 X165.79 Y168.24 V0.023 U0.686 P0.034 F1200
G1 X165.79 Y151.76 V0.549 U16.156 P0.034 F1200
G1 X165.09 Y151.76 V0.023 U0.686 P0.034 F1200
G1 X165.09 Y168.24 V0.549 U16.156 P0.034 F1200
G1 X164.39 Y168.24 V0.023 U0.686 P0.034 F1200
G1 X164.39 Y151.76 V0.549 U16.156 P0.034 F1200
G1 X163.69 Y151.76 V0.023 U0.686 P0.034 F1200
G1 X163.69 Y168.24 V0.549 U16.156 P0.034 F1200
G1 X162.99 Y168.24 V0.023 U0.686 P0.034 F1200
G1 X162.99 Y151.76 V0.549 U16.156 P0.034 F1200
G1 X162.29 Y151.76 V0.023 U0.686 P0.034 F1200
G1 X162.29 Y168.24 V0.549 U16.156 P0.034 F1200
G1 X161.59 Y168.24 V0.023 U0.686 P0.034 F1200
G1 X161.59 Y151.76 V0.549 U16.156 P0.034 F1200
G1 X160.89 Y151.76 V0.023 U0.686 P0.034 F1200
G1 X160.89 Y168.24 V0.549 U16.156 P0.034 F1200
G1 X160.19 Y168.24 V0.023 U0.686 P0.034 F1200
G1 X160.19 Y151.76 V0.549 U16.156 P0.034 F1200
G1 X159.49 Y151.76 V0.023 U0.686 P0.034 F1200
G1 X159.49 Y168.24 V0.549 U16.156 P0.034 F1200
G1 X158.79 Y168.24 V0.023 U0.686 P0.034 F1200
G1 X158.79 Y151.76 V0.549 U16.156 P0.034 F1200
G1 X158.09 Y151.76 V0.023 U0.686 P0.034 F1200
G1 X158.09 Y168.24 V0.549 U16.156 P0.034 F1200
G1 X157.39 Y168.24 V0.023 U0.686 P0.034 F1200
G1 X157.39 Y151.76 V0.549 U16.156 P0.034 F1200
G1 X156.69 Y151.76 V0.023 U0.686 P0.034 F1200
G1 X156.69 Y168.24 V0.549 U16.156 P0.034 F1200
G1 X155.99 Y168.24 V0.023 U0.686 P0.034 F1200
G1 X155.99 Y151.76 V0.549 U16.156 P0.034 F1200
G1 X155.29 Y151.76 V0.023 U0.686 P0.034 F1200
G1 X155.29 Y168.24 V0.549 U16.156 P0.034 F1200
G1 X154.59 Y168.24 V0.023 U0.686 P0.034 F1200
G1 X154.59 Y151.76 V0.549 U16.156 P0.034 F1200
G1 X153.89 Y151.76 V0.023 U0.686 P0.034 F1200
G1 X153.89 Y165.00 V0.441 U12.979 P0.034 F1200
; Start to cut
M2800
M400
;CUT DISTANCE 54.8
G1 X153.89 Y168.24 V0.108 F1200
G1 X153.19 Y168.24 V0.023 F1200
G1 X153.19 Y151.76 V0.549 F1200
G1 X152.49 Y151.76 V0.023 F1200
G1 X152.49 Y168.24 V0.549 F1200
G1 X151.79 Y168.24 V0.023 F1200
G1 X151.79 Y151.76 V0.549 F1200
; Cutting completed.
G1 F600 V-1.000 ; Retract
G1 F1200 Z17.20
M1002
M400
G1 F600 V-4.000 ; Toolchange matrix retract
M104 S180 T0 ; standby
M104 S250 T1 ; pre-charge
M109 S250 T1
MOVE_TO_BRUSH_STATION
CLEAN_NOZZLE
MOVE_OUT_BRUSH_STATION
M106 P2 S0 ; fibre-side cooling, fan4
M106 P1 S132 ; part-cooling, fan3
T1 ; switch extruder type to:PLASTIC
G1 Z16.6 F7200
G1 E10 F1800
M106 S132
;LAYER_CHANGE
;Z:16.8
;HEIGHT:0.199999
;_SET_FAN_SPEED_CHANGING_LAYER
SET_VELOCITY_LIMIT ACCEL=1000 ACCEL_TO_DECEL=500
G1 E-.8 F1800
G1 X157.099 Y156.52 Z17.2 F7200
G1 X169.346 Y169.346 Z17.2 F7200
G1 Z16.8 F7200
G1 E.8 F1800
;TYPE:Inner wall
;WIDTH:0.449999
G1 F3600
G1 X150.654 Y169.346 E.6327
G1 X150.654 Y150.654 E.6327
G1 X169.346 Y150.654 E.6327
G1 X169.346 Y169.306 E.63135
SET_VELOCITY_LIMIT ACCEL=500 ACCEL_TO_DECEL=250
G1 X169.775 Y169.775 F7200
;TYPE:Outer wall
G1 F3600
G1 X150.225 Y169.775 E.66174
G1 X150.225 Y150.225 E.66174
G1 X169.775 Y150.225 E.66174
M73 P82 R11
G1 X169.775 Y169.735 E.66039
SET_VELOCITY_LIMIT ACCEL=1000 ACCEL_TO_DECEL=500
G1 X169 Y168.172 F7200
SET_VELOCITY_LIMIT ACCEL=500 ACCEL_TO_DECEL=250
;TYPE:Sparse infill
;WIDTH:0.45
G1 F6000
G1 X169 Y166.543 E.05512
G1 X166.543 Y169 E.11762
G1 X163.435 Y169 E.10523
G1 X169 Y163.435 E.26643
G1 X169 Y165.063 E.05512
SET_VELOCITY_LIMIT ACCEL=1000 ACCEL_TO_DECEL=500
G1 E-.8 F1800
G1 X161.871 Y167.788 Z17.2 F7200
G1 X158.698 Y169 Z17.2 F7200
G1 Z16.8 F7200
G1 E.8 F1800
SET_VELOCITY_LIMIT ACCEL=500 ACCEL_TO_DECEL=250
G1 F6000
G1 X160.326 Y169 E.05512
G1 X169 Y160.326 E.41525
G1 X169 Y157.217 E.10523
G1 X157.217 Y169 E.56406
G1 X154.108 Y169 E.10523
G1 X169 Y154.108 E.71288
G1 X169 Y151 E.10523
G1 X151 Y169 E.86169
G1 X151 Y165.892 E.10523
G1 X165.892 Y151 E.71288
G1 X162.783 Y151 E.10523
G1 X151 Y162.783 E.56406
G1 X151 Y159.674 E.10523
G1 X159.674 Y151 E.41525
G1 X156.565 Y151 E.10523
G1 X151 Y156.565 E.26643
G1 X151 Y153.457 E.10523
G1 X153.457 Y151 E.11762
G1 X151.828 Y151 E.05512
M400
G1 E-10 F1800
G1 Z17.2 F7200
M104 S150 T1 ; standby
M104 S270 T0 ; pre-charge
M109 S270 T0
MOVE_TO_BRUSH_STATION
CLEAN_NOZZLE
MOVE_OUT_BRUSH_STATION
M106 P2 S130 ; fibre-side cooling, fan4
M106 P1 S0 ; part-cooling, fan3
T0 ; switch extruder type to:FIBER
; LAYER:84 [16.80]
M1001 L71
G1 F1200 Z18.00
G1 X151.11 Y151.11 F1200
G1 F1200 U55.000 ; Extrude restart
G1 F1200 Z16.80
G1 F600 V1.000 ; Recover matrix retract
G1 F600 V3.000 ; Matrix prime
G1 X167.45 Y151.11 V0.545 U16.017 P0.034 F1200
; Start to cut
M2800
M400
;CUT DISTANCE 54.8
G1 X168.89 Y151.11 V0.048 F1200
G1 X168.89 Y168.89 V0.593 F1200
G1 X151.11 Y168.89 V0.593 F1200
M73 P82 R10
G1 X151.11 Y151.11 V0.593 F1200
; Cutting completed.
G1 F600 V-1.000 ; Retract
G1 F1200 Z17.40
M1002
M1001 L404
G1 F1200 Z18.00
G1 X151.76 Y152.11 F1200
G1 F1200 U55.000 ; Extrude restart
G1 F1200 Z16.80
G1 F600 V1.000 ; Recover matrix retract
G1 F600 V3.000 ; Matrix prime
G1 X168.24 Y152.11 V0.549 U16.156 P0.034 F1200
G1 X168.24 Y152.81 V0.023 U0.686 P0.034 F1200
G1 X151.76 Y152.81 V0.549 U16.156 P0.034 F1200
G1 X151.76 Y153.51 V0.023 U0.686 P0.034 F1200
G1 X168.24 Y153.51 V0.549 U16.156 P0.034 F1200
G1 X168.24 Y154.21 V0.023 U0.686 P0.034 F1200
G1 X151.76 Y154.21 V0.549 U16.156 P0.034 F1200
G1 X151.76 Y154.91 V0.023 U0.686 P0.034 F1200
G1 X168.24 Y154.91 V0.549 U16.156 P0.034 F1200
G1 X168.24 Y155.61 V0.023 U0.686 P0.034 F1200
G1 X151.76 Y155.61 V0.549 U16.156 P0.034 F1200
G1 X151.76 Y156.31 V0.023 U0.686 P0.034 F1200
G1 X168.24 Y156.31 V0.549 U16.156 P0.034 F1200
G1 X168.24 Y157.01 V0.023 U0.686 P0.034 F1200
G1 X151.76 Y157.01 V0.549 U16.156 P0.034 F1200
G1 X151.76 Y157.71 V0.023 U0.686 P0.034 F1200
G1 X168.24 Y157.71 V0.549 U16.156 P0.034 F1200
G1 X168.24 Y158.41 V0.023 U0.686 P0.034 F1200
G1 X151.76 Y158.41 V0.549 U16.156 P0.034 F1200
G1 X151.76 Y159.11 V0.023 U0.686 P0.034 F1200
G1 X168.24 Y159.11 V0.549 U16.156 P0.034 F1200
G1 X168.24 Y159.81 V0.023 U0.686 P0.034 F1200
G1 X151.76 Y159.81 V0.549 U16.156 P0.034 F1200
G1 X151.76 Y160.51 V0.023 U0.686 P0.034 F1200
G1 X168.24 Y160.51 V0.549 U16.156 P0.034 F1200
G1 X168.24 Y161.21 V0.023 U0.686 P0.034 F1200
G1 X151.76 Y161.21 V0.549 U16.156 P0.034 F1200
G1 X151.76 Y161.91 V0.023 U0.686 P0.034 F1200
G1 X168.24 Y161.91 V0.549 U16.156 P0.034 F1200
G1 X168.24 Y162.61 V0.023 U0.686 P0.034 F1200
G1 X151.76 Y162.61 V0.549 U16.156 P0.034 F1200
G1 X151.76 Y163.31 V0.023 U0.686 P0.034 F1200
G1 X168.24 Y163.31 V0.549 U16.156 P0.034 F1200
G1 X168.24 Y164.01 V0.023 U0.686 P0.034 F1200
G1 X151.76 Y164.01 V0.549 U16.156 P0.034 F1200
G1 X151.76 Y164.71 V0.023 U0.686 P0.034 F1200
G1 X168.24 Y164.71 V0.549 U16.156 P0.034 F1200
G1 X168.24 Y165.41 V0.023 U0.686 P0.034 F1200
G1 X151.76 Y165.41 V0.549 U16.156 P0.034 F1200
G1 X151.76 Y166.11 V0.023 U0.686 P0.034 F1200
G1 X165.00 Y166.11 V0.441 U12.979 P0.034 F1200
; Start to cut
M2800
M400
;CUT DISTANCE 54.8
G1 X168.24 Y166.11 V0.108 F1200
G1 X168.24 Y166.81 V0.023 F1200
G1 X151.76 Y166.81 V0.549 F1200
G1 X151.76 Y167.51 V0.023 F1200
G1 X168.24 Y167.51 V0.549 F1200
G1 X168.24 Y168.21 V0.023 F1200
G1 X151.76 Y168.21 V0.549 F1200
; Cutting completed.
G1 F600 V-1.000 ; Retract
G1 F1200 Z17.40
M1002
M400
G1 F600 V-4.000 ; Toolchange matrix retract
M104 S180 T0 ; standby
M104 S250 T1 ; pre-charge
M109 S250 T1
MOVE_TO_BRUSH_STATION
CLEAN_NOZZLE
MOVE_OUT_BRUSH_STATION
M106 P2 S0 ; fibre-side cooling, fan4
M106 P1 S130 ; part-cooling, fan3
T1 ; switch extruder type to:PLASTIC
G1 Z16.8 F7200
G1 E10 F1800
;LAYER_CHANGE
;Z:17
;HEIGHT:0.200001
;_SET_FAN_SPEED_CHANGING_LAYER
SET_VELOCITY_LIMIT ACCEL=1000 ACCEL_TO_DECEL=500
G1 E-.8 F1800
G1 X157.099 Y156.52 Z17.4 F7200
G1 X169.346 Y169.346 Z17.4 F7200
G1 Z17 F7200
G1 E.8 F1800
;TYPE:Inner wall
;WIDTH:0.449999
G1 F3600
G1 X150.654 Y169.346 E.6327
G1 X150.654 Y150.654 E.6327
G1 X169.346 Y150.654 E.6327
G1 X169.346 Y169.306 E.63135
SET_VELOCITY_LIMIT ACCEL=500 ACCEL_TO_DECEL=250
G1 X169.775 Y169.775 F7200
;TYPE:Outer wall
G1 F3600
G1 X150.225 Y169.775 E.66174
G1 X150.225 Y150.225 E.66174
G1 X169.775 Y150.225 E.66174
G1 X169.775 Y169.735 E.66039
SET_VELOCITY_LIMIT ACCEL=1000 ACCEL_TO_DECEL=500
G1 X169 Y168.172 F7200
SET_VELOCITY_LIMIT ACCEL=500 ACCEL_TO_DECEL=250
;TYPE:Sparse infill
;WIDTH:0.45
G1 F6000
G1 X169 Y166.543 E.05512
G1 X166.543 Y169 E.11762
G1 X163.435 Y169 E.10523
G1 X169 Y163.435 E.26643
G1 X169 Y165.063 E.05512
SET_VELOCITY_LIMIT ACCEL=1000 ACCEL_TO_DECEL=500
G1 E-.8 F1800
G1 X161.871 Y167.788 Z17.4 F7200
G1 X158.698 Y169 Z17.4 F7200
G1 Z17 F7200
G1 E.8 F1800
SET_VELOCITY_LIMIT ACCEL=500 ACCEL_TO_DECEL=250
G1 F6000
G1 X160.326 Y169 E.05512
G1 X169 Y160.326 E.41525
G1 X169 Y157.217 E.10523
G1 X157.217 Y169 E.56406
G1 X154.108 Y169 E.10523
G1 X169 Y154.108 E.71288
M73 P83 R10
G1 X169 Y151 E.10523
G1 X151 Y169 E.86169
G1 X151 Y165.892 E.10523
G1 X165.892 Y151 E.71288
G1 X162.783 Y151 E.10523
G1 X151 Y162.783 E.56406
G1 X151 Y159.674 E.10523
G1 X159.674 Y151 E.41525
G1 X156.565 Y151 E.10523
G1 X151 Y156.565 E.26643
G1 X151 Y153.457 E.10523
G1 X153.457 Y151 E.11762
G1 X151.828 Y151 E.05512
M400
G1 E-10 F1800
G1 Z17.4 F7200
M104 S150 T1 ; standby
M104 S270 T0 ; pre-charge
M109 S270 T0
MOVE_TO_BRUSH_STATION
CLEAN_NOZZLE
MOVE_OUT_BRUSH_STATION
M106 P2 S132 ; fibre-side cooling, fan4
M106 P1 S0 ; part-cooling, fan3
T0 ; switch extruder type to:FIBER
; LAYER:85 [17.00]
M1001 L71
G1 F1200 Z18.20
G1 X151.11 Y151.11 F1200
G1 F1200 U55.000 ; Extrude restart
G1 F1200 Z17.00
G1 F600 V1.000 ; Recover matrix retract
G1 F600 V3.000 ; Matrix prime
G1 X167.45 Y151.11 V0.545 U16.017 P0.034 F1200
; Start to cut
M2800
M400
;CUT DISTANCE 54.8
G1 X168.89 Y151.11 V0.048 F1200
G1 X168.89 Y168.89 V0.593 F1200
G1 X151.11 Y168.89 V0.593 F1200
G1 X151.11 Y151.11 V0.593 F1200
; Cutting completed.
G1 F600 V-1.000 ; Retract
G1 F1200 Z17.60
M1002
M1001 L404
G1 F1200 Z18.20
G1 X151.76 Y152.11 F1200
G1 F1200 U55.000 ; Extrude restart
G1 F1200 Z17.00
G1 F600 V1.000 ; Recover matrix retract
G1 F600 V3.000 ; Matrix prime
G1 X168.24 Y152.11 V0.549 U16.156 P0.034 F1200
G1 X168.24 Y152.81 V0.023 U0.686 P0.034 F1200
G1 X151.76 Y152.81 V0.549 U16.156 P0.034 F1200
G1 X151.76 Y153.51 V0.023 U0.686 P0.034 F1200
G1 X168.24 Y153.51 V0.549 U16.156 P0.034 F1200
G1 X168.24 Y154.21 V0.023 U0.686 P0.034 F1200
G1 X151.76 Y154.21 V0.549 U16.156 P0.034 F1200
G1 X151.76 Y154.91 V0.023 U0.686 P0.034 F1200
G1 X168.24 Y154.91 V0.549 U16.156 P0.034 F1200
G1 X168.24 Y155.61 V0.023 U0.686 P0.034 F1200
G1 X151.76 Y155.61 V0.549 U16.156 P0.034 F1200
G1 X151.76 Y156.31 V0.023 U0.686 P0.034 F1200
G1 X168.24 Y156.31 V0.549 U16.156 P0.034 F1200
G1 X168.24 Y157.01 V0.023 U0.686 P0.034 F1200
G1 X151.76 Y157.01 V0.549 U16.156 P0.034 F1200
G1 X151.76 Y157.71 V0.023 U0.686 P0.034 F1200
G1 X168.24 Y157.71 V0.549 U16.156 P0.034 F1200
G1 X168.24 Y158.41 V0.023 U0.686 P0.034 F1200
G1 X151.76 Y158.41 V0.549 U16.156 P0.034 F1200
G1 X151.76 Y159.11 V0.023 U0.686 P0.034 F1200
G1 X168.24 Y159.11 V0.549 U16.156 P0.034 F1200
G1 X168.24 Y159.81 V0.023 U0.686 P0.034 F1200
G1 X151.76 Y159.81 V0.549 U16.156 P0.034 F1200
G1 X151.76 Y160.51 V0.023 U0.686 P0.034 F1200
G1 X168.24 Y160.51 V0.549 U16.156 P0.034 F1200
G1 X168.24 Y161.21 V0.023 U0.686 P0.034 F1200
G1 X151.76 Y161.21 V0.549 U16.156 P0.034 F1200
G1 X151.76 Y161.91 V0.023 U0.686 P0.034 F1200
G1 X168.24 Y161.91 V0.549 U16.156 P0.034 F1200
G1 X168.24 Y162.61 V0.023 U0.686 P0.034 F1200
G1 X151.76 Y162.61 V0.549 U16.156 P0.034 F1200
G1 X151.76 Y163.31 V0.023 U0.686 P0.034 F1200
G1 X168.24 Y163.31 V0.549 U16.156 P0.034 F1200
G1 X168.24 Y164.01 V0.023 U0.686 P0.034 F1200
G1 X151.76 Y164.01 V0.549 U16.156 P0.034 F1200
G1 X151.76 Y164.71 V0.023 U0.686 P0.034 F1200
G1 X168.24 Y164.71 V0.549 U16.156 P0.034 F1200
G1 X168.24 Y165.41 V0.023 U0.686 P0.034 F1200
G1 X151.76 Y165.41 V0.549 U16.156 P0.034 F1200
G1 X151.76 Y166.11 V0.023 U0.686 P0.034 F1200
G1 X165.00 Y166.11 V0.441 U12.979 P0.034 F1200
; Start to cut
M2800
M400
;CUT DISTANCE 54.8
G1 X168.24 Y166.11 V0.108 F1200
G1 X168.24 Y166.81 V0.023 F1200
G1 X151.76 Y166.81 V0.549 F1200
G1 X151.76 Y167.51 V0.023 F1200
G1 X168.24 Y167.51 V0.549 F1200
G1 X168.24 Y168.21 V0.023 F1200
G1 X151.76 Y168.21 V0.549 F1200
; Cutting completed.
G1 F600 V-1.000 ; Retract
G1 F1200 Z17.60
M1002
M400
G1 F600 V-4.000 ; Toolchange matrix retract
M104 S180 T0 ; standby
M104 S250 T1 ; pre-charge
M109 S250 T1
MOVE_TO_BRUSH_STATION
CLEAN_NOZZLE
MOVE_OUT_BRUSH_STATION
M106 P2 S0 ; fibre-side cooling, fan4
M106 P1 S132 ; part-cooling, fan3
T1 ; switch extruder type to:PLASTIC
G1 Z17 F7200
G1 E10 F1800
M106 S130
;LAYER_CHANGE
;Z:17.2
;HEIGHT:0.200001
;_SET_FAN_SPEED_CHANGING_LAYER
SET_VELOCITY_LIMIT ACCEL=1000 ACCEL_TO_DECEL=500
G1 E-.8 F1800
G1 X157.099 Y156.52 Z17.6 F7200
G1 X169.346 Y169.346 Z17.6 F7200
G1 Z17.2 F7200
G1 E.8 F1800
;TYPE:Inner wall
;WIDTH:0.449999
G1 F3600
G1 X150.654 Y169.346 E.6327
G1 X150.654 Y150.654 E.6327
G1 X169.346 Y150.654 E.6327
G1 X169.346 Y169.306 E.63135
M73 P83 R9
SET_VELOCITY_LIMIT ACCEL=500 ACCEL_TO_DECEL=250
G1 X169.775 Y169.775 F7200
;TYPE:Outer wall
G1 F3600
G1 X150.225 Y169.775 E.66174
G1 X150.225 Y150.225 E.66174
G1 X169.775 Y150.225 E.66174
G1 X169.775 Y169.735 E.66039
SET_VELOCITY_LIMIT ACCEL=1000 ACCEL_TO_DECEL=500
G1 X169 Y168.172 F7200
SET_VELOCITY_LIMIT ACCEL=500 ACCEL_TO_DECEL=250
;TYPE:Sparse infill
;WIDTH:0.45
G1 F6000
G1 X169 Y166.543 E.05512
G1 X166.543 Y169 E.11762
G1 X163.435 Y169 E.10523
G1 X169 Y163.435 E.26643
G1 X169 Y165.063 E.05512
SET_VELOCITY_LIMIT ACCEL=1000 ACCEL_TO_DECEL=500
G1 E-.8 F1800
G1 X161.871 Y167.788 Z17.6 F7200
G1 X158.698 Y169 Z17.6 F7200
G1 Z17.2 F7200
G1 E.8 F1800
SET_VELOCITY_LIMIT ACCEL=500 ACCEL_TO_DECEL=250
G1 F6000
G1 X160.326 Y169 E.05512
G1 X169 Y160.326 E.41525
G1 X169 Y157.217 E.10523
G1 X157.217 Y169 E.56406
G1 X154.108 Y169 E.10523
G1 X169 Y154.108 E.71288
G1 X169 Y151 E.10523
G1 X151 Y169 E.86169
G1 X151 Y165.892 E.10523
G1 X165.892 Y151 E.71288
G1 X162.783 Y151 E.10523
G1 X151 Y162.783 E.56406
G1 X151 Y159.674 E.10523
G1 X159.674 Y151 E.41525
G1 X156.565 Y151 E.10523
G1 X151 Y156.565 E.26643
G1 X151 Y153.457 E.10523
G1 X153.457 Y151 E.11762
M73 P84 R9
G1 X151.828 Y151 E.05512
M400
G1 E-10 F1800
G1 Z17.6 F7200
M104 S150 T1 ; standby
M104 S270 T0 ; pre-charge
M109 S270 T0
MOVE_TO_BRUSH_STATION
CLEAN_NOZZLE
MOVE_OUT_BRUSH_STATION
M106 P2 S132 ; fibre-side cooling, fan4
M106 P1 S0 ; part-cooling, fan3
T0 ; switch extruder type to:FIBER
; LAYER:86 [17.20]
M1001 L71
G1 F1200 Z18.40
G1 X151.11 Y151.11 F1200
G1 F1200 U55.000 ; Extrude restart
G1 F1200 Z17.20
G1 F600 V1.000 ; Recover matrix retract
G1 F600 V3.000 ; Matrix prime
G1 X167.45 Y151.11 V0.545 U16.017 P0.034 F1200
; Start to cut
M2800
M400
;CUT DISTANCE 54.8
G1 X168.89 Y151.11 V0.048 F1200
G1 X168.89 Y168.89 V0.593 F1200
G1 X151.11 Y168.89 V0.593 F1200
G1 X151.11 Y151.11 V0.593 F1200
; Cutting completed.
G1 F600 V-1.000 ; Retract
G1 F1200 Z17.80
M1002
M1001 L404
G1 F1200 Z18.40
G1 X167.89 Y151.76 F1200
G1 F1200 U55.000 ; Extrude restart
G1 F1200 Z17.20
G1 F600 V1.000 ; Recover matrix retract
G1 F600 V3.000 ; Matrix prime
G1 X167.89 Y168.24 V0.549 U16.156 P0.034 F1200
G1 X167.19 Y168.24 V0.023 U0.686 P0.034 F1200
G1 X167.19 Y151.76 V0.549 U16.156 P0.034 F1200
G1 X166.49 Y151.76 V0.023 U0.686 P0.034 F1200
G1 X166.49 Y168.24 V0.549 U16.156 P0.034 F1200
G1 X165.79 Y168.24 V0.023 U0.686 P0.034 F1200
G1 X165.79 Y151.76 V0.549 U16.156 P0.034 F1200
G1 X165.09 Y151.76 V0.023 U0.686 P0.034 F1200
G1 X165.09 Y168.24 V0.549 U16.156 P0.034 F1200
G1 X164.39 Y168.24 V0.023 U0.686 P0.034 F1200
G1 X164.39 Y151.76 V0.549 U16.156 P0.034 F1200
G1 X163.69 Y151.76 V0.023 U0.686 P0.034 F1200
G1 X163.69 Y168.24 V0.549 U16.156 P0.034 F1200
G1 X162.99 Y168.24 V0.023 U0.686 P0.034 F1200
G1 X162.99 Y151.76 V0.549 U16.156 P0.034 F1200
G1 X162.29 Y151.76 V0.023 U0.686 P0.034 F1200
G1 X162.29 Y168.24 V0.549 U16.156 P0.034 F1200
G1 X161.59 Y168.24 V0.023 U0.686 P0.034 F1200
G1 X161.59 Y151.76 V0.549 U16.156 P0.034 F1200
G1 X160.89 Y151.76 V0.023 U0.686 P0.034 F1200
G1 X160.89 Y168.24 V0.549 U16.156 P0.034 F1200
G1 X160.19 Y168.24 V0.023 U0.686 P0.034 F1200
G1 X160.19 Y151.76 V0.549 U16.156 P0.034 F1200
G1 X159.49 Y151.76 V0.023 U0.686 P0.034 F1200
G1 X159.49 Y168.24 V0.549 U16.156 P0.034 F1200
G1 X158.79 Y168.24 V0.023 U0.686 P0.034 F1200
G1 X158.79 Y151.76 V0.549 U16.156 P0.034 F1200
G1 X158.09 Y151.76 V0.023 U0.686 P0.034 F1200
G1 X158.09 Y168.24 V0.549 U16.156 P0.034 F1200
G1 X157.39 Y168.24 V0.023 U0.686 P0.034 F1200
G1 X157.39 Y151.76 V0.549 U16.156 P0.034 F1200
G1 X156.69 Y151.76 V0.023 U0.686 P0.034 F1200
G1 X156.69 Y168.24 V0.549 U16.156 P0.034 F1200
G1 X155.99 Y168.24 V0.023 U0.686 P0.034 F1200
G1 X155.99 Y151.76 V0.549 U16.156 P0.034 F1200
G1 X155.29 Y151.76 V0.023 U0.686 P0.034 F1200
G1 X155.29 Y168.24 V0.549 U16.156 P0.034 F1200
G1 X154.59 Y168.24 V0.023 U0.686 P0.034 F1200
G1 X154.59 Y151.76 V0.549 U16.156 P0.034 F1200
G1 X153.89 Y151.76 V0.023 U0.686 P0.034 F1200
G1 X153.89 Y165.00 V0.441 U12.979 P0.034 F1200
; Start to cut
M2800
M400
;CUT DISTANCE 54.8
G1 X153.89 Y168.24 V0.108 F1200
G1 X153.19 Y168.24 V0.023 F1200
G1 X153.19 Y151.76 V0.549 F1200
G1 X152.49 Y151.76 V0.023 F1200
G1 X152.49 Y168.24 V0.549 F1200
G1 X151.79 Y168.24 V0.023 F1200
G1 X151.79 Y151.76 V0.549 F1200
; Cutting completed.
G1 F600 V-1.000 ; Retract
G1 F1200 Z17.80
M1002
M400
G1 F600 V-4.000 ; Toolchange matrix retract
M104 S180 T0 ; standby
M104 S250 T1 ; pre-charge
M109 S250 T1
MOVE_TO_BRUSH_STATION
CLEAN_NOZZLE
MOVE_OUT_BRUSH_STATION
M106 P2 S0 ; fibre-side cooling, fan4
M106 P1 S132 ; part-cooling, fan3
T1 ; switch extruder type to:PLASTIC
G1 Z17.2 F7200
G1 E10 F1800
M106 S132
;LAYER_CHANGE
;Z:17.4
;HEIGHT:0.199999
;_SET_FAN_SPEED_CHANGING_LAYER
SET_VELOCITY_LIMIT ACCEL=1000 ACCEL_TO_DECEL=500
G1 E-.8 F1800
G1 X157.099 Y156.52 Z17.8 F7200
G1 X169.346 Y169.346 Z17.8 F7200
G1 Z17.4 F7200
G1 E.8 F1800
;TYPE:Inner wall
;WIDTH:0.449999
G1 F3600
G1 X150.654 Y169.346 E.6327
G1 X150.654 Y150.654 E.6327
G1 X169.346 Y150.654 E.6327
G1 X169.346 Y169.306 E.63135
SET_VELOCITY_LIMIT ACCEL=500 ACCEL_TO_DECEL=250
G1 X169.775 Y169.775 F7200
;TYPE:Outer wall
G1 F3600
G1 X150.225 Y169.775 E.66174
G1 X150.225 Y150.225 E.66174
G1 X169.775 Y150.225 E.66174
G1 X169.775 Y169.735 E.66039
SET_VELOCITY_LIMIT ACCEL=1000 ACCEL_TO_DECEL=500
G1 X169 Y168.172 F7200
SET_VELOCITY_LIMIT ACCEL=500 ACCEL_TO_DECEL=250
;TYPE:Sparse infill
;WIDTH:0.45
G1 F6000
G1 X169 Y166.543 E.05512
G1 X166.543 Y169 E.11762
G1 X163.435 Y169 E.10523
G1 X169 Y163.435 E.26643
G1 X169 Y165.063 E.05512
SET_VELOCITY_LIMIT ACCEL=1000 ACCEL_TO_DECEL=500
G1 E-.8 F1800
G1 X161.871 Y167.788 Z17.8 F7200
G1 X158.698 Y169 Z17.8 F7200
G1 Z17.4 F7200
G1 E.8 F1800
SET_VELOCITY_LIMIT ACCEL=500 ACCEL_TO_DECEL=250
G1 F6000
G1 X160.326 Y169 E.05512
G1 X169 Y160.326 E.41525
G1 X169 Y157.217 E.10523
G1 X157.217 Y169 E.56406
G1 X154.108 Y169 E.10523
G1 X169 Y154.108 E.71288
G1 X169 Y151 E.10523
G1 X151 Y169 E.86169
G1 X151 Y165.892 E.10523
G1 X165.892 Y151 E.71288
G1 X162.783 Y151 E.10523
G1 X151 Y162.783 E.56406
G1 X151 Y159.674 E.10523
G1 X159.674 Y151 E.41525
G1 X156.565 Y151 E.10523
G1 X151 Y156.565 E.26643
G1 X151 Y153.457 E.10523
G1 X153.457 Y151 E.11762
G1 X151.828 Y151 E.05512
M400
G1 E-10 F1800
G1 Z17.8 F7200
M104 S150 T1 ; standby
M104 S270 T0 ; pre-charge
M109 S270 T0
MOVE_TO_BRUSH_STATION
CLEAN_NOZZLE
MOVE_OUT_BRUSH_STATION
M106 P2 S130 ; fibre-side cooling, fan4
M106 P1 S0 ; part-cooling, fan3
T0 ; switch extruder type to:FIBER
; LAYER:87 [17.40]
M1001 L71
G1 F1200 Z18.60
G1 X151.11 Y151.11 F1200
G1 F1200 U55.000 ; Extrude restart
G1 F1200 Z17.40
G1 F600 V1.000 ; Recover matrix retract
G1 F600 V3.000 ; Matrix prime
G1 X167.45 Y151.11 V0.545 U16.017 P0.034 F1200
; Start to cut
M2800
M400
;CUT DISTANCE 54.8
G1 X168.89 Y151.11 V0.048 F1200
G1 X168.89 Y168.89 V0.593 F1200
G1 X151.11 Y168.89 V0.593 F1200
M73 P85 R9
G1 X151.11 Y151.11 V0.593 F1200
; Cutting completed.
G1 F600 V-1.000 ; Retract
G1 F1200 Z18.00
M1002
M1001 L404
G1 F1200 Z18.60
G1 X151.76 Y152.11 F1200
G1 F1200 U55.000 ; Extrude restart
G1 F1200 Z17.40
G1 F600 V1.000 ; Recover matrix retract
G1 F600 V3.000 ; Matrix prime
G1 X168.24 Y152.11 V0.549 U16.156 P0.034 F1200
G1 X168.24 Y152.81 V0.023 U0.686 P0.034 F1200
G1 X151.76 Y152.81 V0.549 U16.156 P0.034 F1200
G1 X151.76 Y153.51 V0.023 U0.686 P0.034 F1200
G1 X168.24 Y153.51 V0.549 U16.156 P0.034 F1200
G1 X168.24 Y154.21 V0.023 U0.686 P0.034 F1200
G1 X151.76 Y154.21 V0.549 U16.156 P0.034 F1200
G1 X151.76 Y154.91 V0.023 U0.686 P0.034 F1200
G1 X168.24 Y154.91 V0.549 U16.156 P0.034 F1200
G1 X168.24 Y155.61 V0.023 U0.686 P0.034 F1200
G1 X151.76 Y155.61 V0.549 U16.156 P0.034 F1200
G1 X151.76 Y156.31 V0.023 U0.686 P0.034 F1200
G1 X168.24 Y156.31 V0.549 U16.156 P0.034 F1200
G1 X168.24 Y157.01 V0.023 U0.686 P0.034 F1200
G1 X151.76 Y157.01 V0.549 U16.156 P0.034 F1200
G1 X151.76 Y157.71 V0.023 U0.686 P0.034 F1200
G1 X168.24 Y157.71 V0.549 U16.156 P0.034 F1200
G1 X168.24 Y158.41 V0.023 U0.686 P0.034 F1200
G1 X151.76 Y158.41 V0.549 U16.156 P0.034 F1200
G1 X151.76 Y159.11 V0.023 U0.686 P0.034 F1200
G1 X168.24 Y159.11 V0.549 U16.156 P0.034 F1200
G1 X168.24 Y159.81 V0.023 U0.686 P0.034 F1200
G1 X151.76 Y159.81 V0.549 U16.156 P0.034 F1200
G1 X151.76 Y160.51 V0.023 U0.686 P0.034 F1200
G1 X168.24 Y160.51 V0.549 U16.156 P0.034 F1200
G1 X168.24 Y161.21 V0.023 U0.686 P0.034 F1200
G1 X151.76 Y161.21 V0.549 U16.156 P0.034 F1200
G1 X151.76 Y161.91 V0.023 U0.686 P0.034 F1200
G1 X168.24 Y161.91 V0.549 U16.156 P0.034 F1200
G1 X168.24 Y162.61 V0.023 U0.686 P0.034 F1200
G1 X151.76 Y162.61 V0.549 U16.156 P0.034 F1200
G1 X151.76 Y163.31 V0.023 U0.686 P0.034 F1200
M73 P85 R8
G1 X168.24 Y163.31 V0.549 U16.156 P0.034 F1200
G1 X168.24 Y164.01 V0.023 U0.686 P0.034 F1200
G1 X151.76 Y164.01 V0.549 U16.156 P0.034 F1200
G1 X151.76 Y164.71 V0.023 U0.686 P0.034 F1200
G1 X168.24 Y164.71 V0.549 U16.156 P0.034 F1200
G1 X168.24 Y165.41 V0.023 U0.686 P0.034 F1200
G1 X151.76 Y165.41 V0.549 U16.156 P0.034 F1200
G1 X151.76 Y166.11 V0.023 U0.686 P0.034 F1200
G1 X165.00 Y166.11 V0.441 U12.979 P0.034 F1200
; Start to cut
M2800
M400
;CUT DISTANCE 54.8
G1 X168.24 Y166.11 V0.108 F1200
G1 X168.24 Y166.81 V0.023 F1200
G1 X151.76 Y166.81 V0.549 F1200
G1 X151.76 Y167.51 V0.023 F1200
G1 X168.24 Y167.51 V0.549 F1200
G1 X168.24 Y168.21 V0.023 F1200
G1 X151.76 Y168.21 V0.549 F1200
; Cutting completed.
G1 F600 V-1.000 ; Retract
G1 F1200 Z18.00
M1002
M400
G1 F600 V-4.000 ; Toolchange matrix retract
M104 S180 T0 ; standby
M104 S250 T1 ; pre-charge
M109 S250 T1
MOVE_TO_BRUSH_STATION
CLEAN_NOZZLE
MOVE_OUT_BRUSH_STATION
M106 P2 S0 ; fibre-side cooling, fan4
M106 P1 S130 ; part-cooling, fan3
T1 ; switch extruder type to:PLASTIC
G1 Z17.4 F7200
G1 E10 F1800
;LAYER_CHANGE
;Z:17.6
;HEIGHT:0.200001
;_SET_FAN_SPEED_CHANGING_LAYER
SET_VELOCITY_LIMIT ACCEL=1000 ACCEL_TO_DECEL=500
G1 E-.8 F1800
G1 X157.099 Y156.52 Z18 F7200
G1 X169.346 Y169.346 Z18 F7200
G1 Z17.6 F7200
G1 E.8 F1800
;TYPE:Inner wall
;WIDTH:0.449999
G1 F3600
G1 X150.654 Y169.346 E.6327
G1 X150.654 Y150.654 E.6327
G1 X169.346 Y150.654 E.6327
G1 X169.346 Y169.306 E.63135
SET_VELOCITY_LIMIT ACCEL=500 ACCEL_TO_DECEL=250
G1 X169.775 Y169.775 F7200
;TYPE:Outer wall
G1 F3600
G1 X150.225 Y169.775 E.66174
G1 X150.225 Y150.225 E.66174
G1 X169.775 Y150.225 E.66174
G1 X169.775 Y169.735 E.66039
SET_VELOCITY_LIMIT ACCEL=1000 ACCEL_TO_DECEL=500
G1 X169 Y168.172 F7200
SET_VELOCITY_LIMIT ACCEL=500 ACCEL_TO_DECEL=250
;TYPE:Sparse infill
;WIDTH:0.45
G1 F6000
G1 X169 Y166.543 E.05512
G1 X166.543 Y169 E.11762
G1 X163.435 Y169 E.10523
G1 X169 Y163.435 E.26643
G1 X169 Y165.063 E.05512
SET_VELOCITY_LIMIT ACCEL=1000 ACCEL_TO_DECEL=500
G1 E-.8 F1800
G1 X161.871 Y167.788 Z18 F7200
G1 X158.698 Y169 Z18 F7200
G1 Z17.6 F7200
G1 E.8 F1800
SET_VELOCITY_LIMIT ACCEL=500 ACCEL_TO_DECEL=250
G1 F6000
G1 X160.326 Y169 E.05512
G1 X169 Y160.326 E.41525
G1 X169 Y157.217 E.10523
G1 X157.217 Y169 E.56406
G1 X154.108 Y169 E.10523
G1 X169 Y154.108 E.71288
G1 X169 Y151 E.10523
G1 X151 Y169 E.86169
G1 X151 Y165.892 E.10523
G1 X165.892 Y151 E.71288
G1 X162.783 Y151 E.10523
G1 X151 Y162.783 E.56406
G1 X151 Y159.674 E.10523
G1 X159.674 Y151 E.41525
G1 X156.565 Y151 E.10523
G1 X151 Y156.565 E.26643
G1 X151 Y153.457 E.10523
G1 X153.457 Y151 E.11762
G1 X151.828 Y151 E.05512
M400
G1 E-10 F1800
G1 Z18 F7200
M104 S150 T1 ; standby
M104 S270 T0 ; pre-charge
M109 S270 T0
MOVE_TO_BRUSH_STATION
CLEAN_NOZZLE
MOVE_OUT_BRUSH_STATION
M106 P2 S132 ; fibre-side cooling, fan4
M106 P1 S0 ; part-cooling, fan3
T0 ; switch extruder type to:FIBER
; LAYER:88 [17.60]
M1001 L71
G1 F1200 Z18.80
G1 X151.11 Y151.11 F1200
G1 F1200 U55.000 ; Extrude restart
G1 F1200 Z17.60
G1 F600 V1.000 ; Recover matrix retract
G1 F600 V3.000 ; Matrix prime
G1 X167.45 Y151.11 V0.545 U16.017 P0.034 F1200
; Start to cut
M2800
M400
;CUT DISTANCE 54.8
G1 X168.89 Y151.11 V0.048 F1200
G1 X168.89 Y168.89 V0.593 F1200
G1 X151.11 Y168.89 V0.593 F1200
G1 X151.11 Y151.11 V0.593 F1200
; Cutting completed.
G1 F600 V-1.000 ; Retract
G1 F1200 Z18.20
M1002
M1001 L404
G1 F1200 Z18.80
G1 X151.76 Y152.11 F1200
G1 F1200 U55.000 ; Extrude restart
G1 F1200 Z17.60
G1 F600 V1.000 ; Recover matrix retract
G1 F600 V3.000 ; Matrix prime
G1 X168.24 Y152.11 V0.549 U16.156 P0.034 F1200
G1 X168.24 Y152.81 V0.023 U0.686 P0.034 F1200
M73 P86 R8
G1 X151.76 Y152.81 V0.549 U16.156 P0.034 F1200
G1 X151.76 Y153.51 V0.023 U0.686 P0.034 F1200
G1 X168.24 Y153.51 V0.549 U16.156 P0.034 F1200
G1 X168.24 Y154.21 V0.023 U0.686 P0.034 F1200
G1 X151.76 Y154.21 V0.549 U16.156 P0.034 F1200
G1 X151.76 Y154.91 V0.023 U0.686 P0.034 F1200
G1 X168.24 Y154.91 V0.549 U16.156 P0.034 F1200
G1 X168.24 Y155.61 V0.023 U0.686 P0.034 F1200
G1 X151.76 Y155.61 V0.549 U16.156 P0.034 F1200
G1 X151.76 Y156.31 V0.023 U0.686 P0.034 F1200
G1 X168.24 Y156.31 V0.549 U16.156 P0.034 F1200
G1 X168.24 Y157.01 V0.023 U0.686 P0.034 F1200
G1 X151.76 Y157.01 V0.549 U16.156 P0.034 F1200
G1 X151.76 Y157.71 V0.023 U0.686 P0.034 F1200
G1 X168.24 Y157.71 V0.549 U16.156 P0.034 F1200
G1 X168.24 Y158.41 V0.023 U0.686 P0.034 F1200
G1 X151.76 Y158.41 V0.549 U16.156 P0.034 F1200
G1 X151.76 Y159.11 V0.023 U0.686 P0.034 F1200
G1 X168.24 Y159.11 V0.549 U16.156 P0.034 F1200
G1 X168.24 Y159.81 V0.023 U0.686 P0.034 F1200
G1 X151.76 Y159.81 V0.549 U16.156 P0.034 F1200
G1 X151.76 Y160.51 V0.023 U0.686 P0.034 F1200
G1 X168.24 Y160.51 V0.549 U16.156 P0.034 F1200
G1 X168.24 Y161.21 V0.023 U0.686 P0.034 F1200
G1 X151.76 Y161.21 V0.549 U16.156 P0.034 F1200
G1 X151.76 Y161.91 V0.023 U0.686 P0.034 F1200
G1 X168.24 Y161.91 V0.549 U16.156 P0.034 F1200
G1 X168.24 Y162.61 V0.023 U0.686 P0.034 F1200
G1 X151.76 Y162.61 V0.549 U16.156 P0.034 F1200
G1 X151.76 Y163.31 V0.023 U0.686 P0.034 F1200
G1 X168.24 Y163.31 V0.549 U16.156 P0.034 F1200
G1 X168.24 Y164.01 V0.023 U0.686 P0.034 F1200
G1 X151.76 Y164.01 V0.549 U16.156 P0.034 F1200
G1 X151.76 Y164.71 V0.023 U0.686 P0.034 F1200
G1 X168.24 Y164.71 V0.549 U16.156 P0.034 F1200
G1 X168.24 Y165.41 V0.023 U0.686 P0.034 F1200
G1 X151.76 Y165.41 V0.549 U16.156 P0.034 F1200
G1 X151.76 Y166.11 V0.023 U0.686 P0.034 F1200
G1 X165.00 Y166.11 V0.441 U12.979 P0.034 F1200
; Start to cut
M2800
M400
;CUT DISTANCE 54.8
G1 X168.24 Y166.11 V0.108 F1200
G1 X168.24 Y166.81 V0.023 F1200
G1 X151.76 Y166.81 V0.549 F1200
G1 X151.76 Y167.51 V0.023 F1200
G1 X168.24 Y167.51 V0.549 F1200
G1 X168.24 Y168.21 V0.023 F1200
G1 X151.76 Y168.21 V0.549 F1200
; Cutting completed.
G1 F600 V-1.000 ; Retract
G1 F1200 Z18.20
M1002
M400
G1 F600 V-4.000 ; Toolchange matrix retract
M104 S180 T0 ; standby
M104 S250 T1 ; pre-charge
M109 S250 T1
MOVE_TO_BRUSH_STATION
CLEAN_NOZZLE
MOVE_OUT_BRUSH_STATION
M106 P2 S0 ; fibre-side cooling, fan4
M106 P1 S132 ; part-cooling, fan3
T1 ; switch extruder type to:PLASTIC
G1 Z17.6 F7200
G1 E10 F1800
M106 S130
;LAYER_CHANGE
;Z:17.8
;HEIGHT:0.199999
;_SET_FAN_SPEED_CHANGING_LAYER
SET_VELOCITY_LIMIT ACCEL=1000 ACCEL_TO_DECEL=500
G1 E-.8 F1800
G1 X157.099 Y156.52 Z18.2 F7200
G1 X169.346 Y169.346 Z18.2 F7200
G1 Z17.8 F7200
G1 E.8 F1800
;TYPE:Inner wall
;WIDTH:0.449999
G1 F3600
G1 X150.654 Y169.346 E.6327
G1 X150.654 Y150.654 E.6327
G1 X169.346 Y150.654 E.6327
G1 X169.346 Y169.306 E.63135
SET_VELOCITY_LIMIT ACCEL=500 ACCEL_TO_DECEL=250
G1 X169.775 Y169.775 F7200
;TYPE:Outer wall
G1 F3600
G1 X150.225 Y169.775 E.66174
G1 X150.225 Y150.225 E.66174
G1 X169.775 Y150.225 E.66174
G1 X169.775 Y169.735 E.66039
SET_VELOCITY_LIMIT ACCEL=1000 ACCEL_TO_DECEL=500
G1 X169 Y168.172 F7200
SET_VELOCITY_LIMIT ACCEL=500 ACCEL_TO_DECEL=250
;TYPE:Sparse infill
;WIDTH:0.45
G1 F6000
G1 X169 Y166.543 E.05512
G1 X166.543 Y169 E.11762
G1 X163.435 Y169 E.10523
G1 X169 Y163.435 E.26643
G1 X169 Y165.063 E.05512
SET_VELOCITY_LIMIT ACCEL=1000 ACCEL_TO_DECEL=500
G1 E-.8 F1800
G1 X161.871 Y167.788 Z18.2 F7200
G1 X158.698 Y169 Z18.2 F7200
G1 Z17.8 F7200
G1 E.8 F1800
SET_VELOCITY_LIMIT ACCEL=500 ACCEL_TO_DECEL=250
G1 F6000
G1 X160.326 Y169 E.05512
G1 X169 Y160.326 E.41525
G1 X169 Y157.217 E.10523
G1 X157.217 Y169 E.56406
G1 X154.108 Y169 E.10523
G1 X169 Y154.108 E.71288
G1 X169 Y151 E.10523
G1 X151 Y169 E.86169
G1 X151 Y165.892 E.10523
G1 X165.892 Y151 E.71288
G1 X162.783 Y151 E.10523
G1 X151 Y162.783 E.56406
G1 X151 Y159.674 E.10523
G1 X159.674 Y151 E.41525
G1 X156.565 Y151 E.10523
G1 X151 Y156.565 E.26643
G1 X151 Y153.457 E.10523
G1 X153.457 Y151 E.11762
G1 X151.828 Y151 E.05512
M400
G1 E-10 F1800
G1 Z18.2 F7200
M104 S150 T1 ; standby
M104 S270 T0 ; pre-charge
M109 S270 T0
MOVE_TO_BRUSH_STATION
CLEAN_NOZZLE
MOVE_OUT_BRUSH_STATION
M106 P2 S132 ; fibre-side cooling, fan4
M106 P1 S0 ; part-cooling, fan3
T0 ; switch extruder type to:FIBER
; LAYER:89 [17.80]
M1001 L71
G1 F1200 Z19.00
G1 X151.11 Y151.11 F1200
G1 F1200 U55.000 ; Extrude restart
G1 F1200 Z17.80
G1 F600 V1.000 ; Recover matrix retract
G1 F600 V3.000 ; Matrix prime
G1 X167.45 Y151.11 V0.545 U16.017 P0.034 F1200
; Start to cut
M2800
M400
;CUT DISTANCE 54.8
G1 X168.89 Y151.11 V0.048 F1200
G1 X168.89 Y168.89 V0.593 F1200
G1 X151.11 Y168.89 V0.593 F1200
G1 X151.11 Y151.11 V0.593 F1200
; Cutting completed.
G1 F600 V-1.000 ; Retract
G1 F1200 Z18.40
M1002
M1001 L404
G1 F1200 Z19.00
G1 X167.89 Y151.76 F1200
G1 F1200 U55.000 ; Extrude restart
G1 F1200 Z17.80
G1 F600 V1.000 ; Recover matrix retract
G1 F600 V3.000 ; Matrix prime
G1 X167.89 Y168.24 V0.549 U16.156 P0.034 F1200
G1 X167.19 Y168.24 V0.023 U0.686 P0.034 F1200
G1 X167.19 Y151.76 V0.549 U16.156 P0.034 F1200
G1 X166.49 Y151.76 V0.023 U0.686 P0.034 F1200
G1 X166.49 Y168.24 V0.549 U16.156 P0.034 F1200
G1 X165.79 Y168.24 V0.023 U0.686 P0.034 F1200
M73 P87 R8
G1 X165.79 Y151.76 V0.549 U16.156 P0.034 F1200
G1 X165.09 Y151.76 V0.023 U0.686 P0.034 F1200
G1 X165.09 Y168.24 V0.549 U16.156 P0.034 F1200
G1 X164.39 Y168.24 V0.023 U0.686 P0.034 F1200
M73 P87 R7
G1 X164.39 Y151.76 V0.549 U16.156 P0.034 F1200
G1 X163.69 Y151.76 V0.023 U0.686 P0.034 F1200
G1 X163.69 Y168.24 V0.549 U16.156 P0.034 F1200
G1 X162.99 Y168.24 V0.023 U0.686 P0.034 F1200
G1 X162.99 Y151.76 V0.549 U16.156 P0.034 F1200
G1 X162.29 Y151.76 V0.023 U0.686 P0.034 F1200
G1 X162.29 Y168.24 V0.549 U16.156 P0.034 F1200
G1 X161.59 Y168.24 V0.023 U0.686 P0.034 F1200
G1 X161.59 Y151.76 V0.549 U16.156 P0.034 F1200
G1 X160.89 Y151.76 V0.023 U0.686 P0.034 F1200
G1 X160.89 Y168.24 V0.549 U16.156 P0.034 F1200
G1 X160.19 Y168.24 V0.023 U0.686 P0.034 F1200
G1 X160.19 Y151.76 V0.549 U16.156 P0.034 F1200
G1 X159.49 Y151.76 V0.023 U0.686 P0.034 F1200
G1 X159.49 Y168.24 V0.549 U16.156 P0.034 F1200
G1 X158.79 Y168.24 V0.023 U0.686 P0.034 F1200
G1 X158.79 Y151.76 V0.549 U16.156 P0.034 F1200
G1 X158.09 Y151.76 V0.023 U0.686 P0.034 F1200
G1 X158.09 Y168.24 V0.549 U16.156 P0.034 F1200
G1 X157.39 Y168.24 V0.023 U0.686 P0.034 F1200
G1 X157.39 Y151.76 V0.549 U16.156 P0.034 F1200
G1 X156.69 Y151.76 V0.023 U0.686 P0.034 F1200
G1 X156.69 Y168.24 V0.549 U16.156 P0.034 F1200
G1 X155.99 Y168.24 V0.023 U0.686 P0.034 F1200
G1 X155.99 Y151.76 V0.549 U16.156 P0.034 F1200
G1 X155.29 Y151.76 V0.023 U0.686 P0.034 F1200
G1 X155.29 Y168.24 V0.549 U16.156 P0.034 F1200
G1 X154.59 Y168.24 V0.023 U0.686 P0.034 F1200
G1 X154.59 Y151.76 V0.549 U16.156 P0.034 F1200
G1 X153.89 Y151.76 V0.023 U0.686 P0.034 F1200
G1 X153.89 Y165.00 V0.441 U12.979 P0.034 F1200
; Start to cut
M2800
M400
;CUT DISTANCE 54.8
G1 X153.89 Y168.24 V0.108 F1200
G1 X153.19 Y168.24 V0.023 F1200
G1 X153.19 Y151.76 V0.549 F1200
G1 X152.49 Y151.76 V0.023 F1200
G1 X152.49 Y168.24 V0.549 F1200
G1 X151.79 Y168.24 V0.023 F1200
G1 X151.79 Y151.76 V0.549 F1200
; Cutting completed.
G1 F600 V-1.000 ; Retract
G1 F1200 Z18.40
M1002
M400
G1 F600 V-4.000 ; Toolchange matrix retract
M104 S180 T0 ; standby
M104 S250 T1 ; pre-charge
M109 S250 T1
MOVE_TO_BRUSH_STATION
CLEAN_NOZZLE
MOVE_OUT_BRUSH_STATION
M106 P2 S0 ; fibre-side cooling, fan4
M106 P1 S132 ; part-cooling, fan3
T1 ; switch extruder type to:PLASTIC
G1 Z17.8 F7200
G1 E10 F1800
;LAYER_CHANGE
;Z:18
;HEIGHT:0.200001
;_SET_FAN_SPEED_CHANGING_LAYER
SET_VELOCITY_LIMIT ACCEL=1000 ACCEL_TO_DECEL=500
G1 E-.8 F1800
G1 X157.099 Y156.52 Z18.4 F7200
G1 X169.346 Y169.346 Z18.4 F7200
G1 Z18 F7200
G1 E.8 F1800
;TYPE:Inner wall
;WIDTH:0.449999
G1 F3600
G1 X150.654 Y169.346 E.6327
G1 X150.654 Y150.654 E.6327
G1 X169.346 Y150.654 E.6327
G1 X169.346 Y169.306 E.63135
SET_VELOCITY_LIMIT ACCEL=500 ACCEL_TO_DECEL=250
G1 X169.775 Y169.775 F7200
;TYPE:Outer wall
G1 F3600
G1 X150.225 Y169.775 E.66174
G1 X150.225 Y150.225 E.66174
G1 X169.775 Y150.225 E.66174
G1 X169.775 Y169.735 E.66039
SET_VELOCITY_LIMIT ACCEL=1000 ACCEL_TO_DECEL=500
G1 X168.081 Y169 F7200
SET_VELOCITY_LIMIT ACCEL=500 ACCEL_TO_DECEL=250
;TYPE:Sparse infill
;WIDTH:0.45
G1 F6000
G1 X166.453 Y169 E.05512
G1 X166.779 Y168.549 E.01885
G1 X166.995 Y168.334 E.0103
G1 X168.549 Y167.21 E.06493
G1 X168.764 Y166.995 E.0103
G1 X169 Y166.668 E.01364
G1 X169 Y163.559 E.10523
G1 X168.764 Y163.886 E.01364
G1 X168.549 Y164.101 E.0103
G1 X166.995 Y165.225 E.06493
G1 X166.779 Y165.44 E.0103
G1 X165.656 Y166.995 E.06493
G1 X165.44 Y167.21 E.0103
G1 X163.886 Y168.334 E.06493
G1 X163.671 Y168.549 E.0103
G1 X163.344 Y169 E.01885
G1 X160.236 Y169 E.10523
G1 X160.562 Y168.549 E.01885
G1 X160.777 Y168.334 E.0103
G1 X162.332 Y167.21 E.06493
G1 X162.547 Y166.995 E.0103
G1 X163.671 Y165.44 E.06493
G1 X163.886 Y165.225 E.0103
G1 X165.44 Y164.101 E.06493
G1 X165.656 Y163.886 E.0103
G1 X166.779 Y162.332 E.06493
G1 X166.995 Y162.116 E.0103
G1 X168.549 Y160.992 E.06493
G1 X168.764 Y160.777 E.0103
G1 X169 Y160.451 E.01364
G1 X169 Y157.342 E.10523
G1 X168.764 Y157.668 E.01364
G1 X168.549 Y157.884 E.0103
G1 X166.995 Y159.008 E.06493
G1 X166.779 Y159.223 E.0103
G1 X165.656 Y160.777 E.06493
G1 X165.44 Y160.992 E.0103
G1 X163.886 Y162.116 E.06493
G1 X163.671 Y162.332 E.0103
G1 X162.547 Y163.886 E.06493
G1 X162.332 Y164.101 E.0103
G1 X160.777 Y165.225 E.06493
G1 X160.562 Y165.44 E.0103
G1 X159.438 Y166.995 E.06493
G1 X159.223 Y167.21 E.0103
G1 X157.668 Y168.334 E.06493
G1 X157.453 Y168.549 E.0103
G1 X157.127 Y169 E.01885
G1 X154.018 Y169 E.10523
G1 X154.344 Y168.549 E.01885
G1 X154.56 Y168.334 E.0103
G1 X156.114 Y167.21 E.06493
G1 X156.329 Y166.995 E.0103
G1 X157.453 Y165.44 E.06493
G1 X157.668 Y165.225 E.0103
G1 X159.223 Y164.101 E.06493
G1 X159.438 Y163.886 E.0103
G1 X160.562 Y162.332 E.06493
G1 X160.777 Y162.116 E.0103
G1 X162.332 Y160.992 E.06493
G1 X162.547 Y160.777 E.0103
G1 X163.671 Y159.223 E.06493
G1 X163.886 Y159.008 E.0103
G1 X165.44 Y157.884 E.06493
G1 X165.656 Y157.668 E.0103
G1 X166.779 Y156.114 E.06493
G1 X166.995 Y155.899 E.0103
G1 X168.549 Y154.775 E.06493
G1 X168.764 Y154.56 E.0103
G1 X169 Y154.233 E.01364
G1 X169 Y151.124 E.10523
G1 X168.764 Y151.451 E.01364
G1 X168.549 Y151.666 E.0103
G1 X166.995 Y152.79 E.06493
G1 X166.779 Y153.005 E.0103
G1 X165.656 Y154.56 E.06493
G1 X165.44 Y154.775 E.0103
G1 X163.886 Y155.899 E.06493
G1 X163.671 Y156.114 E.0103
G1 X162.547 Y157.668 E.06493
G1 X162.332 Y157.884 E.0103
G1 X160.777 Y159.008 E.06493
G1 X160.562 Y159.223 E.0103
G1 X159.438 Y160.777 E.06493
G1 X159.223 Y160.992 E.0103
G1 X157.668 Y162.116 E.06493
G1 X157.453 Y162.332 E.0103
G1 X156.329 Y163.886 E.06493
G1 X156.114 Y164.101 E.0103
G1 X154.56 Y165.225 E.06493
G1 X154.344 Y165.44 E.0103
G1 X153.221 Y166.995 E.06493
G1 X153.005 Y167.21 E.0103
G1 X151.451 Y168.334 E.06493
G1 X151.236 Y168.549 E.0103
G1 X151 Y168.876 E.01364
G1 X151 Y165.767 E.10523
G1 X151.236 Y165.44 E.01364
G1 X151.451 Y165.225 E.0103
G1 X153.005 Y164.101 E.06493
G1 X153.221 Y163.886 E.0103
G1 X154.344 Y162.332 E.06493
G1 X154.56 Y162.116 E.0103
G1 X156.114 Y160.992 E.06493
G1 X156.329 Y160.777 E.0103
G1 X157.453 Y159.223 E.06493
G1 X157.668 Y159.008 E.0103
G1 X159.223 Y157.884 E.06493
G1 X159.438 Y157.668 E.0103
G1 X160.562 Y156.114 E.06493
G1 X160.777 Y155.899 E.0103
G1 X162.332 Y154.775 E.06493
G1 X162.547 Y154.56 E.0103
G1 X163.671 Y153.005 E.06493
G1 X163.886 Y152.79 E.0103
G1 X165.44 Y151.666 E.06493
G1 X165.656 Y151.451 E.0103
G1 X165.982 Y151 E.01885
G1 X167.61 Y151 E.05512
SET_VELOCITY_LIMIT ACCEL=1000 ACCEL_TO_DECEL=500
G1 E-.8 F1800
G1 X159.985 Y151.323 Z18.4 F7200
G1 X151 Y151.703 Z18.4 F7200
G1 Z18 F7200
G1 E.8 F1800
SET_VELOCITY_LIMIT ACCEL=500 ACCEL_TO_DECEL=250
G1 F6000
G1 X151 Y153.332 E.05512
G1 X151.236 Y153.005 E.01364
G1 X151.451 Y152.79 E.0103
G1 X153.005 Y151.666 E.06493
G1 X153.221 Y151.451 E.0103
G1 X153.547 Y151 E.01885
G1 X156.656 Y151 E.10523
G1 X156.329 Y151.451 E.01885
G1 X156.114 Y151.666 E.0103
G1 X154.56 Y152.79 E.06493
G1 X154.344 Y153.005 E.0103
G1 X153.221 Y154.56 E.06493
G1 X153.005 Y154.775 E.0103
G1 X151.451 Y155.899 E.06493
G1 X151.236 Y156.114 E.0103
G1 X151 Y156.441 E.01364
G1 X151 Y159.549 E.10523
G1 X151.236 Y159.223 E.01364
G1 X151.451 Y159.008 E.0103
G1 X153.005 Y157.884 E.06493
G1 X153.221 Y157.668 E.0103
G1 X154.344 Y156.114 E.06493
G1 X154.56 Y155.899 E.0103
G1 X156.114 Y154.775 E.06493
G1 X156.329 Y154.56 E.0103
G1 X157.453 Y153.005 E.06493
G1 X157.668 Y152.79 E.0103
G1 X159.223 Y151.666 E.06493
G1 X159.438 Y151.451 E.0103
G1 X159.764 Y151 E.01885
G1 X162.873 Y151 E.10523
G1 X162.547 Y151.451 E.01885
G1 X162.332 Y151.666 E.0103
G1 X160.777 Y152.79 E.06493
G1 X160.562 Y153.005 E.0103
G1 X159.438 Y154.56 E.06493
G1 X159.223 Y154.775 E.0103
G1 X157.668 Y155.899 E.06493
G1 X157.453 Y156.114 E.0103
G1 X156.329 Y157.668 E.06493
G1 X156.114 Y157.884 E.0103
G1 X154.56 Y159.008 E.06493
G1 X154.344 Y159.223 E.0103
G1 X153.221 Y160.777 E.06493
G1 X153.005 Y160.992 E.0103
G1 X151.451 Y162.116 E.06493
G1 X151.236 Y162.332 E.0103
G1 X151 Y162.658 E.01364
G1 X151 Y161.03 E.05512
M400
G1 E-10 F1800
G1 Z18.4 F7200
M104 S150 T1 ; standby
M104 S270 T0 ; pre-charge
M109 S270 T0
MOVE_TO_BRUSH_STATION
CLEAN_NOZZLE
MOVE_OUT_BRUSH_STATION
M106 P2 S130 ; fibre-side cooling, fan4
M106 P1 S0 ; part-cooling, fan3
T0 ; switch extruder type to:FIBER
; LAYER:90 [18.00]
M1001 L71
G1 F1200 Z19.20
G1 X151.11 Y151.11 F1200
G1 F1200 U55.000 ; Extrude restart
G1 F1200 Z18.00
G1 F600 V1.000 ; Recover matrix retract
G1 F600 V3.000 ; Matrix prime
G1 X167.45 Y151.11 V0.545 U16.017 P0.034 F1200
; Start to cut
M2800
M400
;CUT DISTANCE 54.8
G1 X168.89 Y151.11 V0.048 F1200
G1 X168.89 Y168.89 V0.593 F1200
G1 X151.11 Y168.89 V0.593 F1200
G1 X151.11 Y151.11 V0.593 F1200
; Cutting completed.
G1 F600 V-1.000 ; Retract
G1 F1200 Z18.60
M1002
M1001 L404
G1 F1200 Z19.20
G1 X151.76 Y152.11 F1200
G1 F1200 U55.000 ; Extrude restart
G1 F1200 Z18.00
G1 F600 V1.000 ; Recover matrix retract
G1 F600 V3.000 ; Matrix prime
G1 X168.24 Y152.11 V0.549 U16.156 P0.034 F1200
G1 X168.24 Y152.81 V0.023 U0.686 P0.034 F1200
G1 X151.76 Y152.81 V0.549 U16.156 P0.034 F1200
G1 X151.76 Y153.51 V0.023 U0.686 P0.034 F1200
G1 X168.24 Y153.51 V0.549 U16.156 P0.034 F1200
G1 X168.24 Y154.21 V0.023 U0.686 P0.034 F1200
G1 X151.76 Y154.21 V0.549 U16.156 P0.034 F1200
G1 X151.76 Y154.91 V0.023 U0.686 P0.034 F1200
M73 P88 R7
G1 X168.24 Y154.91 V0.549 U16.156 P0.034 F1200
G1 X168.24 Y155.61 V0.023 U0.686 P0.034 F1200
G1 X151.76 Y155.61 V0.549 U16.156 P0.034 F1200
G1 X151.76 Y156.31 V0.023 U0.686 P0.034 F1200
G1 X168.24 Y156.31 V0.549 U16.156 P0.034 F1200
G1 X168.24 Y157.01 V0.023 U0.686 P0.034 F1200
G1 X151.76 Y157.01 V0.549 U16.156 P0.034 F1200
G1 X151.76 Y157.71 V0.023 U0.686 P0.034 F1200
G1 X168.24 Y157.71 V0.549 U16.156 P0.034 F1200
G1 X168.24 Y158.41 V0.023 U0.686 P0.034 F1200
G1 X151.76 Y158.41 V0.549 U16.156 P0.034 F1200
G1 X151.76 Y159.11 V0.023 U0.686 P0.034 F1200
G1 X168.24 Y159.11 V0.549 U16.156 P0.034 F1200
G1 X168.24 Y159.81 V0.023 U0.686 P0.034 F1200
G1 X151.76 Y159.81 V0.549 U16.156 P0.034 F1200
G1 X151.76 Y160.51 V0.023 U0.686 P0.034 F1200
G1 X168.24 Y160.51 V0.549 U16.156 P0.034 F1200
G1 X168.24 Y161.21 V0.023 U0.686 P0.034 F1200
G1 X151.76 Y161.21 V0.549 U16.156 P0.034 F1200
G1 X151.76 Y161.91 V0.023 U0.686 P0.034 F1200
G1 X168.24 Y161.91 V0.549 U16.156 P0.034 F1200
G1 X168.24 Y162.61 V0.023 U0.686 P0.034 F1200
G1 X151.76 Y162.61 V0.549 U16.156 P0.034 F1200
G1 X151.76 Y163.31 V0.023 U0.686 P0.034 F1200
G1 X168.24 Y163.31 V0.549 U16.156 P0.034 F1200
G1 X168.24 Y164.01 V0.023 U0.686 P0.034 F1200
G1 X151.76 Y164.01 V0.549 U16.156 P0.034 F1200
G1 X151.76 Y164.71 V0.023 U0.686 P0.034 F1200
G1 X168.24 Y164.71 V0.549 U16.156 P0.034 F1200
G1 X168.24 Y165.41 V0.023 U0.686 P0.034 F1200
G1 X151.76 Y165.41 V0.549 U16.156 P0.034 F1200
G1 X151.76 Y166.11 V0.023 U0.686 P0.034 F1200
G1 X165.00 Y166.11 V0.441 U12.979 P0.034 F1200
; Start to cut
M2800
M400
;CUT DISTANCE 54.8
G1 X168.24 Y166.11 V0.108 F1200
G1 X168.24 Y166.81 V0.023 F1200
G1 X151.76 Y166.81 V0.549 F1200
G1 X151.76 Y167.51 V0.023 F1200
G1 X168.24 Y167.51 V0.549 F1200
G1 X168.24 Y168.21 V0.023 F1200
G1 X151.76 Y168.21 V0.549 F1200
; Cutting completed.
G1 F600 V-1.000 ; Retract
G1 F1200 Z18.60
M1002
M400
G1 F600 V-4.000 ; Toolchange matrix retract
M104 S180 T0 ; standby
M104 S250 T1 ; pre-charge
M109 S250 T1
MOVE_TO_BRUSH_STATION
CLEAN_NOZZLE
MOVE_OUT_BRUSH_STATION
M106 P2 S0 ; fibre-side cooling, fan4
M106 P1 S130 ; part-cooling, fan3
T1 ; switch extruder type to:PLASTIC
G1 Z18 F7200
G1 E10 F1800
M106 S132
;LAYER_CHANGE
;Z:18.2
;HEIGHT:0.200001
;_SET_FAN_SPEED_CHANGING_LAYER
SET_VELOCITY_LIMIT ACCEL=1000 ACCEL_TO_DECEL=500
G1 E-.8 F1800
G1 X157.951 Y164.181 Z18.6 F7200
G1 X169.346 Y169.346 Z18.6 F7200
G1 Z18.2 F7200
G1 E.8 F1800
;TYPE:Inner wall
;WIDTH:0.449999
G1 F3600
G1 X150.654 Y169.346 E.6327
G1 X150.654 Y150.654 E.6327
G1 X169.346 Y150.654 E.6327
G1 X169.346 Y169.306 E.63135
SET_VELOCITY_LIMIT ACCEL=500 ACCEL_TO_DECEL=250
G1 X169.775 Y169.775 F7200
;TYPE:Outer wall
G1 F3600
G1 X150.225 Y169.775 E.66174
G1 X150.225 Y150.225 E.66174
G1 X169.775 Y150.225 E.66174
G1 X169.775 Y169.735 E.66039
SET_VELOCITY_LIMIT ACCEL=1000 ACCEL_TO_DECEL=500
G1 X167.933 Y169 F7200
SET_VELOCITY_LIMIT ACCEL=500 ACCEL_TO_DECEL=250
;TYPE:Sparse infill
;WIDTH:0.45
G1 F6000
G1 X166.305 Y169 E.05512
G1 X166.426 Y168.549 E.01582
G1 X166.995 Y167.98 E.02723
G1 X168.549 Y167.564 E.05447
G1 X169 Y167.112 E.02161
G1 X169 Y164.003 E.10523
G1 X168.549 Y164.455 E.02161
G1 X166.995 Y164.872 E.05447
G1 X166.426 Y165.44 E.02723
G1 X166.009 Y166.995 E.05447
G1 X165.44 Y167.564 E.02723
G1 X163.886 Y167.98 E.05447
G1 X163.317 Y168.549 E.02723
G1 X163.196 Y169 E.01582
G1 X160.087 Y169 E.10523
G1 X160.208 Y168.549 E.01582
G1 X160.777 Y167.98 E.02723
G1 X162.332 Y167.564 E.05447
G1 X162.9 Y166.995 E.02723
G1 X163.317 Y165.44 E.05447
G1 X163.886 Y164.872 E.02723
G1 X165.44 Y164.455 E.05447
G1 X166.009 Y163.886 E.02723
G1 X166.426 Y162.332 E.05447
G1 X166.995 Y161.763 E.02723
G1 X168.549 Y161.346 E.05447
G1 X169 Y160.895 E.02161
G1 X169 Y157.786 E.10523
G1 X168.549 Y158.237 E.02161
G1 X166.995 Y158.654 E.05447
G1 X166.426 Y159.223 E.02723
G1 X166.009 Y160.777 E.05447
G1 X165.44 Y161.346 E.02723
G1 X163.886 Y161.763 E.05447
G1 X163.317 Y162.332 E.02723
G1 X162.9 Y163.886 E.05447
G1 X162.332 Y164.455 E.02723
G1 X160.777 Y164.872 E.05447
G1 X160.208 Y165.44 E.02723
G1 X159.792 Y166.995 E.05447
G1 X159.223 Y167.564 E.02723
G1 X157.668 Y167.98 E.05447
G1 X157.1 Y168.549 E.02723
G1 X156.979 Y169 E.01582
G1 X153.87 Y169 E.10523
G1 X153.991 Y168.549 E.01582
G1 X154.56 Y167.98 E.02723
G1 X156.114 Y167.564 E.05447
G1 X156.683 Y166.995 E.02723
G1 X157.1 Y165.44 E.05447
G1 X157.668 Y164.872 E.02723
G1 X159.223 Y164.455 E.05447
G1 X159.792 Y163.886 E.02723
G1 X160.208 Y162.332 E.05447
G1 X160.777 Y161.763 E.02723
G1 X162.332 Y161.346 E.05447
G1 X162.9 Y160.777 E.02723
G1 X163.317 Y159.223 E.05447
G1 X163.886 Y158.654 E.02723
G1 X165.44 Y158.237 E.05447
G1 X166.009 Y157.668 E.02723
G1 X166.426 Y156.114 E.05447
G1 X166.995 Y155.545 E.02723
G1 X168.549 Y155.128 E.05447
G1 X169 Y154.677 E.02161
G1 X169 Y151.568 E.10523
G1 X168.549 Y152.02 E.02161
G1 X166.995 Y152.437 E.05447
G1 X166.426 Y153.005 E.02723
G1 X166.009 Y154.56 E.05447
G1 X165.44 Y155.128 E.02723
G1 X163.886 Y155.545 E.05447
G1 X163.317 Y156.114 E.02723
G1 X162.9 Y157.668 E.05447
G1 X162.332 Y158.237 E.02723
G1 X160.777 Y158.654 E.05447
G1 X160.208 Y159.223 E.02723
G1 X159.792 Y160.777 E.05447
G1 X159.223 Y161.346 E.02723
G1 X157.668 Y161.763 E.05447
G1 X157.1 Y162.332 E.02723
M73 P88 R6
G1 X156.683 Y163.886 E.05447
G1 X156.114 Y164.455 E.02723
G1 X154.56 Y164.872 E.05447
G1 X153.991 Y165.44 E.02723
G1 X153.574 Y166.995 E.05447
G1 X153.005 Y167.564 E.02723
G1 X151.451 Y167.98 E.05447
G1 X151 Y168.432 E.02161
G1 X151 Y165.323 E.10523
G1 X151.451 Y164.872 E.02161
G1 X153.005 Y164.455 E.05447
G1 X153.574 Y163.886 E.02723
G1 X153.991 Y162.332 E.05447
G1 X154.56 Y161.763 E.02723
G1 X156.114 Y161.346 E.05447
G1 X156.683 Y160.777 E.02723
G1 X157.1 Y159.223 E.05447
G1 X157.668 Y158.654 E.02723
G1 X159.223 Y158.237 E.05447
G1 X159.792 Y157.668 E.02723
G1 X160.208 Y156.114 E.05447
G1 X160.777 Y155.545 E.02723
G1 X162.332 Y155.128 E.05447
G1 X162.9 Y154.56 E.02723
G1 X163.317 Y153.005 E.05447
G1 X163.886 Y152.437 E.02723
G1 X165.44 Y152.02 E.05447
G1 X166.009 Y151.451 E.02723
G1 X166.13 Y151 E.01582
G1 X163.021 Y151 E.10523
G1 X162.9 Y151.451 E.01582
G1 X162.332 Y152.02 E.02723
G1 X160.777 Y152.437 E.05447
G1 X160.208 Y153.005 E.02723
G1 X159.792 Y154.56 E.05447
G1 X159.223 Y155.128 E.02723
G1 X157.668 Y155.545 E.05447
G1 X157.1 Y156.114 E.02723
G1 X156.683 Y157.668 E.05447
G1 X156.114 Y158.237 E.02723
G1 X154.56 Y158.654 E.05447
G1 X153.991 Y159.223 E.02723
G1 X153.574 Y160.777 E.05447
G1 X153.005 Y161.346 E.02723
G1 X151.451 Y161.763 E.05447
G1 X151 Y162.214 E.02161
G1 X151 Y159.105 E.10523
G1 X151.451 Y158.654 E.02161
G1 X153.005 Y158.237 E.05447
G1 X153.574 Y157.668 E.02723
G1 X153.991 Y156.114 E.05447
G1 X154.56 Y155.545 E.02723
G1 X156.114 Y155.128 E.05447
G1 X156.683 Y154.56 E.02723
G1 X157.1 Y153.005 E.05447
G1 X157.668 Y152.437 E.02723
G1 X159.223 Y152.02 E.05447
G1 X159.792 Y151.451 E.02723
G1 X159.913 Y151 E.01582
G1 X156.804 Y151 E.10523
G1 X156.683 Y151.451 E.01582
G1 X156.114 Y152.02 E.02723
G1 X154.56 Y152.437 E.05447
G1 X153.991 Y153.005 E.02723
G1 X153.574 Y154.56 E.05447
G1 X153.005 Y155.128 E.02723
G1 X151.451 Y155.545 E.05447
G1 X151 Y155.997 E.02161
G1 X151 Y152.888 E.10523
G1 X151.451 Y152.437 E.02161
G1 X153.005 Y152.02 E.05447
G1 X153.574 Y151.451 E.02723
G1 X153.695 Y151 E.01582
G1 X152.067 Y151 E.05512
M400
G1 E-10 F1800
G1 Z18.6 F7200
M104 S150 T1 ; standby
M104 S270 T0 ; pre-charge
M109 S270 T0
MOVE_TO_BRUSH_STATION
CLEAN_NOZZLE
MOVE_OUT_BRUSH_STATION
M106 P2 S130 ; fibre-side cooling, fan4
M106 P1 S0 ; part-cooling, fan3
T0 ; switch extruder type to:FIBER
; LAYER:91 [18.20]
M1001 L71
G1 F1200 Z19.40
G1 X151.11 Y151.11 F1200
G1 F1200 U55.000 ; Extrude restart
G1 F1200 Z18.20
G1 F600 V1.000 ; Recover matrix retract
G1 F600 V3.000 ; Matrix prime
G1 X167.45 Y151.11 V0.545 U16.017 P0.034 F1200
; Start to cut
M2800
M400
;CUT DISTANCE 54.8
G1 X168.89 Y151.11 V0.048 F1200
G1 X168.89 Y168.89 V0.593 F1200
G1 X151.11 Y168.89 V0.593 F1200
G1 X151.11 Y151.11 V0.593 F1200
; Cutting completed.
G1 F600 V-1.000 ; Retract
G1 F1200 Z18.80
M1002
M1001 L404
G1 F1200 Z19.40
G1 X151.76 Y152.11 F1200
G1 F1200 U55.000 ; Extrude restart
G1 F1200 Z18.20
G1 F600 V1.000 ; Recover matrix retract
G1 F600 V3.000 ; Matrix prime
G1 X168.24 Y152.11 V0.549 U16.156 P0.034 F1200
G1 X168.24 Y152.81 V0.023 U0.686 P0.034 F1200
G1 X151.76 Y152.81 V0.549 U16.156 P0.034 F1200
G1 X151.76 Y153.51 V0.023 U0.686 P0.034 F1200
G1 X168.24 Y153.51 V0.549 U16.156 P0.034 F1200
G1 X168.24 Y154.21 V0.023 U0.686 P0.034 F1200
G1 X151.76 Y154.21 V0.549 U16.156 P0.034 F1200
G1 X151.76 Y154.91 V0.023 U0.686 P0.034 F1200
G1 X168.24 Y154.91 V0.549 U16.156 P0.034 F1200
G1 X168.24 Y155.61 V0.023 U0.686 P0.034 F1200
G1 X151.76 Y155.61 V0.549 U16.156 P0.034 F1200
G1 X151.76 Y156.31 V0.023 U0.686 P0.034 F1200
M73 P89 R6
G1 X168.24 Y156.31 V0.549 U16.156 P0.034 F1200
G1 X168.24 Y157.01 V0.023 U0.686 P0.034 F1200
G1 X151.76 Y157.01 V0.549 U16.156 P0.034 F1200
G1 X151.76 Y157.71 V0.023 U0.686 P0.034 F1200
G1 X168.24 Y157.71 V0.549 U16.156 P0.034 F1200
G1 X168.24 Y158.41 V0.023 U0.686 P0.034 F1200
G1 X151.76 Y158.41 V0.549 U16.156 P0.034 F1200
G1 X151.76 Y159.11 V0.023 U0.686 P0.034 F1200
G1 X168.24 Y159.11 V0.549 U16.156 P0.034 F1200
G1 X168.24 Y159.81 V0.023 U0.686 P0.034 F1200
G1 X151.76 Y159.81 V0.549 U16.156 P0.034 F1200
G1 X151.76 Y160.51 V0.023 U0.686 P0.034 F1200
G1 X168.24 Y160.51 V0.549 U16.156 P0.034 F1200
G1 X168.24 Y161.21 V0.023 U0.686 P0.034 F1200
G1 X151.76 Y161.21 V0.549 U16.156 P0.034 F1200
G1 X151.76 Y161.91 V0.023 U0.686 P0.034 F1200
G1 X168.24 Y161.91 V0.549 U16.156 P0.034 F1200
G1 X168.24 Y162.61 V0.023 U0.686 P0.034 F1200
G1 X151.76 Y162.61 V0.549 U16.156 P0.034 F1200
G1 X151.76 Y163.31 V0.023 U0.686 P0.034 F1200
G1 X168.24 Y163.31 V0.549 U16.156 P0.034 F1200
G1 X168.24 Y164.01 V0.023 U0.686 P0.034 F1200
G1 X151.76 Y164.01 V0.549 U16.156 P0.034 F1200
G1 X151.76 Y164.71 V0.023 U0.686 P0.034 F1200
G1 X168.24 Y164.71 V0.549 U16.156 P0.034 F1200
G1 X168.24 Y165.41 V0.023 U0.686 P0.034 F1200
G1 X151.76 Y165.41 V0.549 U16.156 P0.034 F1200
G1 X151.76 Y166.11 V0.023 U0.686 P0.034 F1200
G1 X165.00 Y166.11 V0.441 U12.979 P0.034 F1200
; Start to cut
M2800
M400
;CUT DISTANCE 54.8
G1 X168.24 Y166.11 V0.108 F1200
G1 X168.24 Y166.81 V0.023 F1200
G1 X151.76 Y166.81 V0.549 F1200
G1 X151.76 Y167.51 V0.023 F1200
G1 X168.24 Y167.51 V0.549 F1200
G1 X168.24 Y168.21 V0.023 F1200
G1 X151.76 Y168.21 V0.549 F1200
; Cutting completed.
G1 F600 V-1.000 ; Retract
G1 F1200 Z18.80
M1002
M400
G1 F600 V-4.000 ; Toolchange matrix retract
M104 S180 T0 ; standby
M104 S250 T1 ; pre-charge
M109 S250 T1
MOVE_TO_BRUSH_STATION
CLEAN_NOZZLE
MOVE_OUT_BRUSH_STATION
M106 P2 S0 ; fibre-side cooling, fan4
M106 P1 S130 ; part-cooling, fan3
T1 ; switch extruder type to:PLASTIC
G1 Z18.2 F7200
G1 E10 F1800
M106 S127
;LAYER_CHANGE
;Z:18.4
;HEIGHT:0.199999
;_SET_FAN_SPEED_CHANGING_LAYER
SET_VELOCITY_LIMIT ACCEL=1000 ACCEL_TO_DECEL=500
G1 E-.8 F1800
G1 X157.3 Y156.556 Z18.8 F7200
G1 X169.346 Y169.346 Z18.8 F7200
G1 Z18.4 F7200
G1 E.8 F1800
;TYPE:Inner wall
;WIDTH:0.449999
G1 F3600
G1 X150.654 Y169.346 E.6327
G1 X150.654 Y150.654 E.6327
G1 X169.346 Y150.654 E.6327
G1 X169.346 Y169.306 E.63135
SET_VELOCITY_LIMIT ACCEL=500 ACCEL_TO_DECEL=250
G1 X169.775 Y169.775 F7200
;TYPE:Outer wall
G1 F3600
G1 X150.225 Y169.775 E.66174
G1 X150.225 Y150.225 E.66174
G1 X169.775 Y150.225 E.66174
G1 X169.775 Y169.735 E.66039
SET_VELOCITY_LIMIT ACCEL=1000 ACCEL_TO_DECEL=500
G1 E-.8 F1800
G1 X167.785 Y169 Z18.8 F7200
G1 Z18.4 F7200
G1 E.8 F1800
SET_VELOCITY_LIMIT ACCEL=500 ACCEL_TO_DECEL=250
;TYPE:Sparse infill
;WIDTH:0.45
G1 F6000
G1 X166.157 Y169 E.05512
G1 X166.072 Y168.549 E.01554
G1 X166.995 Y167.627 E.04415
G1 X168.549 Y167.917 E.05352
G1 X169 Y167.466 E.02161
G1 X169 Y164.357 E.10523
G1 X168.549 Y164.808 E.02161
G1 X166.995 Y164.518 E.05352
G1 X166.072 Y165.44 E.04415
G1 X166.363 Y166.995 E.05352
G1 X165.44 Y167.917 E.04415
G1 X163.886 Y167.627 E.05352
G1 X162.964 Y168.549 E.04415
G1 X163.048 Y169 E.01554
G1 X159.939 Y169 E.10523
G1 X159.855 Y168.549 E.01554
G1 X160.777 Y167.627 E.04415
G1 X162.332 Y167.917 E.05352
G1 X163.254 Y166.995 E.04415
G1 X162.964 Y165.44 E.05352
G1 X163.886 Y164.518 E.04415
G1 X165.44 Y164.808 E.05352
G1 X166.363 Y163.886 E.04415
G1 X166.072 Y162.332 E.05352
G1 X166.995 Y161.409 E.04415
G1 X168.549 Y161.7 E.05352
G1 X169 Y161.248 E.02161
G1 X169 Y158.139 E.10523
G1 X168.549 Y158.591 E.02161
G1 X166.995 Y158.3 E.05352
G1 X166.072 Y159.223 E.04415
G1 X166.363 Y160.777 E.05352
G1 X165.44 Y161.7 E.04415
G1 X163.886 Y161.409 E.05352
G1 X162.964 Y162.332 E.04415
G1 X163.254 Y163.886 E.05352
G1 X162.332 Y164.808 E.04415
G1 X160.777 Y164.518 E.05352
G1 X159.855 Y165.44 E.04415
G1 X160.145 Y166.995 E.05352
G1 X159.223 Y167.917 E.04415
G1 X157.668 Y167.627 E.05352
G1 X156.746 Y168.549 E.04415
G1 X156.83 Y169 E.01554
G1 X153.722 Y169 E.10523
G1 X153.637 Y168.549 E.01554
G1 X154.56 Y167.627 E.04415
G1 X156.114 Y167.917 E.05352
G1 X157.036 Y166.995 E.04415
G1 X156.746 Y165.44 E.05352
G1 X157.668 Y164.518 E.04415
G1 X159.223 Y164.808 E.05352
G1 X160.145 Y163.886 E.04415
G1 X159.855 Y162.332 E.05352
G1 X160.777 Y161.409 E.04415
G1 X162.332 Y161.7 E.05352
G1 X163.254 Y160.777 E.04415
G1 X162.964 Y159.223 E.05352
G1 X163.886 Y158.3 E.04415
G1 X165.44 Y158.591 E.05352
G1 X166.363 Y157.668 E.04415
G1 X166.072 Y156.114 E.05352
G1 X166.995 Y155.192 E.04415
G1 X168.549 Y155.482 E.05352
G1 X169 Y155.031 E.02161
G1 X169 Y151.922 E.10523
G1 X168.549 Y152.373 E.02161
G1 X166.995 Y152.083 E.05352
G1 X166.072 Y153.005 E.04415
G1 X166.363 Y154.56 E.05352
G1 X165.44 Y155.482 E.04415
G1 X163.886 Y155.192 E.05352
G1 X162.964 Y156.114 E.04415
G1 X163.254 Y157.668 E.05352
G1 X162.332 Y158.591 E.04415
G1 X160.777 Y158.3 E.05352
G1 X159.855 Y159.223 E.04415
G1 X160.145 Y160.777 E.05352
G1 X159.223 Y161.7 E.04415
G1 X157.668 Y161.409 E.05352
G1 X156.746 Y162.332 E.04415
G1 X157.036 Y163.886 E.05352
G1 X156.114 Y164.808 E.04415
G1 X154.56 Y164.518 E.05352
G1 X153.637 Y165.44 E.04415
G1 X153.928 Y166.995 E.05352
G1 X153.005 Y167.917 E.04415
G1 X151.451 Y167.627 E.05352
G1 X151 Y168.078 E.02161
G1 X151 Y164.969 E.10523
G1 X151.451 Y164.518 E.02161
G1 X153.005 Y164.808 E.05352
G1 X153.928 Y163.886 E.04415
G1 X153.637 Y162.332 E.05352
G1 X154.56 Y161.409 E.04415
G1 X156.114 Y161.7 E.05352
G1 X157.036 Y160.777 E.04415
G1 X156.746 Y159.223 E.05352
G1 X157.668 Y158.3 E.04415
G1 X159.223 Y158.591 E.05352
G1 X160.145 Y157.668 E.04415
G1 X159.855 Y156.114 E.05352
G1 X160.777 Y155.192 E.04415
G1 X162.332 Y155.482 E.05352
G1 X163.254 Y154.56 E.04415
G1 X162.964 Y153.005 E.05352
G1 X163.886 Y152.083 E.04415
G1 X165.44 Y152.373 E.05352
G1 X166.363 Y151.451 E.04415
G1 X166.278 Y151 E.01554
G1 X163.17 Y151 E.10523
G1 X163.254 Y151.451 E.01554
G1 X162.332 Y152.373 E.04415
G1 X160.777 Y152.083 E.05352
G1 X159.855 Y153.005 E.04415
G1 X160.145 Y154.56 E.05352
G1 X159.223 Y155.482 E.04415
G1 X157.668 Y155.192 E.05352
G1 X156.746 Y156.114 E.04415
G1 X157.036 Y157.668 E.05352
G1 X156.114 Y158.591 E.04415
G1 X154.56 Y158.3 E.05352
G1 X153.637 Y159.223 E.04415
G1 X153.928 Y160.777 E.05352
G1 X153.005 Y161.7 E.04415
G1 X151.451 Y161.409 E.05352
G1 X151 Y161.861 E.02161
G1 X151 Y158.752 E.10523
G1 X151.451 Y158.3 E.02161
G1 X153.005 Y158.591 E.05352
G1 X153.928 Y157.668 E.04415
G1 X153.637 Y156.114 E.05352
G1 X154.56 Y155.192 E.04415
G1 X156.114 Y155.482 E.05352
G1 X157.036 Y154.56 E.04415
G1 X156.746 Y153.005 E.05352
G1 X157.668 Y152.083 E.04415
G1 X159.223 Y152.373 E.05352
G1 X160.145 Y151.451 E.04415
G1 X160.061 Y151 E.01554
G1 X156.952 Y151 E.10523
G1 X157.036 Y151.451 E.01554
G1 X156.114 Y152.373 E.04415
G1 X154.56 Y152.083 E.05352
G1 X153.637 Y153.005 E.04415
G1 X153.928 Y154.56 E.05352
G1 X153.005 Y155.482 E.04415
G1 X151.451 Y155.192 E.05352
G1 X151 Y155.643 E.02161
G1 X151 Y152.534 E.10523
G1 X151.451 Y152.083 E.02161
G1 X153.005 Y152.373 E.05352
G1 X153.928 Y151.451 E.04415
G1 X153.843 Y151 E.01554
G1 X152.215 Y151 E.05512
M400
G1 E-10 F1800
G1 Z18.8 F7200
M104 S150 T1 ; standby
M104 S270 T0 ; pre-charge
M109 S270 T0
MOVE_TO_BRUSH_STATION
CLEAN_NOZZLE
MOVE_OUT_BRUSH_STATION
M106 P2 S132 ; fibre-side cooling, fan4
M106 P1 S0 ; part-cooling, fan3
T0 ; switch extruder type to:FIBER
; LAYER:92 [18.40]
M1001 L71
G1 F1200 Z19.60
G1 X151.11 Y151.11 F1200
G1 F1200 U55.000 ; Extrude restart
G1 F1200 Z18.40
G1 F600 V1.000 ; Recover matrix retract
G1 F600 V3.000 ; Matrix prime
G1 X167.45 Y151.11 V0.545 U16.017 P0.034 F1200
; Start to cut
M2800
M400
;CUT DISTANCE 54.8
G1 X168.89 Y151.11 V0.048 F1200
G1 X168.89 Y168.89 V0.593 F1200
G1 X151.11 Y168.89 V0.593 F1200
G1 X151.11 Y151.11 V0.593 F1200
; Cutting completed.
G1 F600 V-1.000 ; Retract
G1 F1200 Z19.00
M1002
M1001 L404
G1 F1200 Z19.60
G1 X167.89 Y151.76 F1200
G1 F1200 U55.000 ; Extrude restart
G1 F1200 Z18.40
G1 F600 V1.000 ; Recover matrix retract
G1 F600 V3.000 ; Matrix prime
G1 X167.89 Y168.24 V0.549 U16.156 P0.034 F1200
G1 X167.19 Y168.24 V0.023 U0.686 P0.034 F1200
G1 X167.19 Y151.76 V0.549 U16.156 P0.034 F1200
G1 X166.49 Y151.76 V0.023 U0.686 P0.034 F1200
G1 X166.49 Y168.24 V0.549 U16.156 P0.034 F1200
G1 X165.79 Y168.24 V0.023 U0.686 P0.034 F1200
M73 P90 R6
G1 X165.79 Y151.76 V0.549 U16.156 P0.034 F1200
G1 X165.09 Y151.76 V0.023 U0.686 P0.034 F1200
G1 X165.09 Y168.24 V0.549 U16.156 P0.034 F1200
G1 X164.39 Y168.24 V0.023 U0.686 P0.034 F1200
G1 X164.39 Y151.76 V0.549 U16.156 P0.034 F1200
G1 X163.69 Y151.76 V0.023 U0.686 P0.034 F1200
G1 X163.69 Y168.24 V0.549 U16.156 P0.034 F1200
G1 X162.99 Y168.24 V0.023 U0.686 P0.034 F1200
G1 X162.99 Y151.76 V0.549 U16.156 P0.034 F1200
G1 X162.29 Y151.76 V0.023 U0.686 P0.034 F1200
G1 X162.29 Y168.24 V0.549 U16.156 P0.034 F1200
G1 X161.59 Y168.24 V0.023 U0.686 P0.034 F1200
G1 X161.59 Y151.76 V0.549 U16.156 P0.034 F1200
G1 X160.89 Y151.76 V0.023 U0.686 P0.034 F1200
G1 X160.89 Y168.24 V0.549 U16.156 P0.034 F1200
G1 X160.19 Y168.24 V0.023 U0.686 P0.034 F1200
G1 X160.19 Y151.76 V0.549 U16.156 P0.034 F1200
G1 X159.49 Y151.76 V0.023 U0.686 P0.034 F1200
G1 X159.49 Y168.24 V0.549 U16.156 P0.034 F1200
G1 X158.79 Y168.24 V0.023 U0.686 P0.034 F1200
G1 X158.79 Y151.76 V0.549 U16.156 P0.034 F1200
G1 X158.09 Y151.76 V0.023 U0.686 P0.034 F1200
G1 X158.09 Y168.24 V0.549 U16.156 P0.034 F1200
G1 X157.39 Y168.24 V0.023 U0.686 P0.034 F1200
M73 P90 R5
G1 X157.39 Y151.76 V0.549 U16.156 P0.034 F1200
G1 X156.69 Y151.76 V0.023 U0.686 P0.034 F1200
G1 X156.69 Y168.24 V0.549 U16.156 P0.034 F1200
G1 X155.99 Y168.24 V0.023 U0.686 P0.034 F1200
G1 X155.99 Y151.76 V0.549 U16.156 P0.034 F1200
G1 X155.29 Y151.76 V0.023 U0.686 P0.034 F1200
G1 X155.29 Y168.24 V0.549 U16.156 P0.034 F1200
G1 X154.59 Y168.24 V0.023 U0.686 P0.034 F1200
G1 X154.59 Y151.76 V0.549 U16.156 P0.034 F1200
G1 X153.89 Y151.76 V0.023 U0.686 P0.034 F1200
G1 X153.89 Y165.00 V0.441 U12.979 P0.034 F1200
; Start to cut
M2800
M400
;CUT DISTANCE 54.8
G1 X153.89 Y168.24 V0.108 F1200
G1 X153.19 Y168.24 V0.023 F1200
G1 X153.19 Y151.76 V0.549 F1200
G1 X152.49 Y151.76 V0.023 F1200
G1 X152.49 Y168.24 V0.549 F1200
G1 X151.79 Y168.24 V0.023 F1200
G1 X151.79 Y151.76 V0.549 F1200
; Cutting completed.
G1 F600 V-1.000 ; Retract
G1 F1200 Z19.00
M1002
M400
G1 F600 V-4.000 ; Toolchange matrix retract
M104 S180 T0 ; standby
M104 S250 T1 ; pre-charge
M109 S250 T1
MOVE_TO_BRUSH_STATION
CLEAN_NOZZLE
MOVE_OUT_BRUSH_STATION
M106 P2 S0 ; fibre-side cooling, fan4
M106 P1 S132 ; part-cooling, fan3
T1 ; switch extruder type to:PLASTIC
G1 Z18.4 F7200
G1 E10 F1800
;LAYER_CHANGE
;Z:18.6
;HEIGHT:0.200001
;_SET_FAN_SPEED_CHANGING_LAYER
SET_VELOCITY_LIMIT ACCEL=1000 ACCEL_TO_DECEL=500
G1 E-.8 F1800
G1 X157.424 Y156.578 Z19 F7200
G1 X169.346 Y169.346 Z19 F7200
G1 Z18.6 F7200
G1 E.8 F1800
;TYPE:Inner wall
;WIDTH:0.449999
G1 F3600
G1 X150.654 Y169.346 E.6327
G1 X150.654 Y150.654 E.6327
G1 X169.346 Y150.654 E.6327
G1 X169.346 Y169.306 E.63135
SET_VELOCITY_LIMIT ACCEL=500 ACCEL_TO_DECEL=250
G1 X169.775 Y169.775 F7200
;TYPE:Outer wall
G1 F3600
G1 X150.225 Y169.775 E.66174
G1 X150.225 Y150.225 E.66174
G1 X169.775 Y150.225 E.66174
G1 X169.775 Y169.735 E.66039
SET_VELOCITY_LIMIT ACCEL=1000 ACCEL_TO_DECEL=500
G1 X167.962 Y169 F7200
SET_VELOCITY_LIMIT ACCEL=500 ACCEL_TO_DECEL=250
;TYPE:Sparse infill
;WIDTH:0.45
G1 F6000
G1 X169 Y169 E.03517
G1 X169 Y168.411 E.01995
G1 X168.549 Y167.96 E.02161
G1 X166.995 Y167.584 E.05413
G1 X166.405 Y166.995 E.02821
G1 X166.03 Y165.44 E.05413
G1 X165.44 Y164.851 E.02821
G1 X163.886 Y164.475 E.05413
G1 X163.297 Y163.886 E.02821
G1 X162.921 Y162.332 E.05413
G1 X162.332 Y161.742 E.02821
G1 X160.777 Y161.367 E.05413
G1 X160.188 Y160.777 E.02821
G1 X159.812 Y159.223 E.05413
G1 X159.223 Y158.633 E.02821
G1 X157.668 Y158.258 E.05413
G1 X157.079 Y157.668 E.02821
G1 X156.703 Y156.114 E.05413
G1 X156.114 Y155.525 E.02821
G1 X154.56 Y155.149 E.05413
G1 X153.97 Y154.56 E.02821
G1 X153.595 Y153.005 E.05413
G1 X153.005 Y152.416 E.02821
G1 X151.451 Y152.04 E.05413
G1 X151 Y151.589 E.02161
G1 X151 Y154.698 E.10523
G1 X151.451 Y155.149 E.02161
G1 X153.005 Y155.525 E.05413
G1 X153.595 Y156.114 E.02821
G1 X153.97 Y157.668 E.05413
G1 X154.56 Y158.258 E.02821
G1 X156.114 Y158.633 E.05413
G1 X156.703 Y159.223 E.02821
G1 X157.079 Y160.777 E.05413
G1 X157.668 Y161.367 E.02821
G1 X159.223 Y161.742 E.05413
G1 X159.812 Y162.332 E.02821
G1 X160.188 Y163.886 E.05413
G1 X160.777 Y164.475 E.02821
G1 X162.332 Y164.851 E.05413
G1 X162.921 Y165.44 E.02821
G1 X163.297 Y166.995 E.05413
G1 X163.886 Y167.584 E.02821
G1 X165.44 Y167.96 E.05413
G1 X166.03 Y168.549 E.02821
G1 X166.139 Y169 E.01572
G1 X163.03 Y169 E.10523
G1 X162.921 Y168.549 E.01572
G1 X162.332 Y167.96 E.02821
G1 X160.777 Y167.584 E.05413
G1 X160.188 Y166.995 E.02821
G1 X159.812 Y165.44 E.05413
G1 X159.223 Y164.851 E.02821
G1 X157.668 Y164.475 E.05413
G1 X157.079 Y163.886 E.02821
G1 X156.703 Y162.332 E.05413
G1 X156.114 Y161.742 E.02821
G1 X154.56 Y161.367 E.05413
G1 X153.97 Y160.777 E.02821
G1 X153.595 Y159.223 E.05413
G1 X153.005 Y158.633 E.02821
G1 X151.451 Y158.258 E.05413
G1 X151 Y157.806 E.02161
G1 X151 Y160.915 E.10523
G1 X151.451 Y161.367 E.02161
G1 X153.005 Y161.742 E.05413
G1 X153.595 Y162.332 E.02821
G1 X153.97 Y163.886 E.05413
G1 X154.56 Y164.475 E.02821
G1 X156.114 Y164.851 E.05413
G1 X156.703 Y165.44 E.02821
G1 X157.079 Y166.995 E.05413
G1 X157.668 Y167.584 E.02821
G1 X159.223 Y167.96 E.05413
G1 X159.812 Y168.549 E.02821
G1 X159.921 Y169 E.01572
G1 X156.812 Y169 E.10523
G1 X156.703 Y168.549 E.01572
G1 X156.114 Y167.96 E.02821
G1 X154.56 Y167.584 E.05413
G1 X153.97 Y166.995 E.02821
G1 X153.595 Y165.44 E.05413
G1 X153.005 Y164.851 E.02821
G1 X151.451 Y164.475 E.05413
G1 X151 Y164.024 E.02161
G1 X151 Y167.133 E.10523
G1 X151.451 Y167.584 E.02161
G1 X153.005 Y167.96 E.05413
G1 X153.595 Y168.549 E.02821
G1 X153.704 Y169 E.01572
G1 X152.075 Y169 E.05512
SET_VELOCITY_LIMIT ACCEL=1000 ACCEL_TO_DECEL=500
G1 E-.8 F1800
G1 X152.142 Y161.368 Z19 F7200
G1 X152.233 Y151 Z19 F7200
G1 Z18.6 F7200
G1 E.8 F1800
SET_VELOCITY_LIMIT ACCEL=500 ACCEL_TO_DECEL=250
G1 F6000
G1 X153.861 Y151 E.05512
G1 X153.97 Y151.451 E.01572
G1 X154.56 Y152.04 E.02821
G1 X156.114 Y152.416 E.05413
G1 X156.703 Y153.005 E.02821
G1 X157.079 Y154.56 E.05413
G1 X157.668 Y155.149 E.02821
G1 X159.223 Y155.525 E.05413
G1 X159.812 Y156.114 E.02821
G1 X160.188 Y157.668 E.05413
G1 X160.777 Y158.258 E.02821
G1 X162.332 Y158.633 E.05413
G1 X162.921 Y159.223 E.02821
G1 X163.297 Y160.777 E.05413
G1 X163.886 Y161.367 E.02821
G1 X165.44 Y161.742 E.05413
G1 X166.03 Y162.332 E.02821
G1 X166.405 Y163.886 E.05413
G1 X166.995 Y164.475 E.02821
G1 X168.549 Y164.851 E.05413
G1 X169 Y165.302 E.02161
G1 X169 Y162.194 E.10523
G1 X168.549 Y161.742 E.02161
G1 X166.995 Y161.367 E.05413
G1 X166.405 Y160.777 E.02821
G1 X166.03 Y159.223 E.05413
G1 X165.44 Y158.633 E.02821
G1 X163.886 Y158.258 E.05413
G1 X163.297 Y157.668 E.02821
G1 X162.921 Y156.114 E.05413
G1 X162.332 Y155.525 E.02821
G1 X160.777 Y155.149 E.05413
G1 X160.188 Y154.56 E.02821
G1 X159.812 Y153.005 E.05413
G1 X159.223 Y152.416 E.02821
G1 X157.668 Y152.04 E.05413
G1 X157.079 Y151.451 E.02821
G1 X156.97 Y151 E.01572
G1 X160.079 Y151 E.10523
G1 X160.188 Y151.451 E.01572
G1 X160.777 Y152.04 E.02821
G1 X162.332 Y152.416 E.05413
G1 X162.921 Y153.005 E.02821
G1 X163.297 Y154.56 E.05413
G1 X163.886 Y155.149 E.02821
G1 X165.44 Y155.525 E.05413
G1 X166.03 Y156.114 E.02821
G1 X166.405 Y157.668 E.05413
G1 X166.995 Y158.258 E.02821
G1 X168.549 Y158.633 E.05413
G1 X169 Y159.085 E.02161
G1 X169 Y155.976 E.10523
G1 X168.549 Y155.525 E.02161
G1 X166.995 Y155.149 E.05413
G1 X166.405 Y154.56 E.02821
G1 X166.03 Y153.005 E.05413
G1 X165.44 Y152.416 E.02821
G1 X163.886 Y152.04 E.05413
G1 X163.297 Y151.451 E.02821
G1 X163.188 Y151 E.01572
G1 X166.296 Y151 E.10523
G1 X166.405 Y151.451 E.01572
G1 X166.995 Y152.04 E.02821
G1 X168.549 Y152.416 E.05413
G1 X169 Y152.867 E.02161
G1 X169 Y151.239 E.05512
M400
G1 E-10 F1800
G1 Z19 F7200
M104 S150 T1 ; standby
M104 S270 T0 ; pre-charge
M109 S270 T0
MOVE_TO_BRUSH_STATION
CLEAN_NOZZLE
MOVE_OUT_BRUSH_STATION
M106 P2 S127 ; fibre-side cooling, fan4
M106 P1 S0 ; part-cooling, fan3
T0 ; switch extruder type to:FIBER
; LAYER:93 [18.60]
M1001 L71
G1 F1200 Z19.80
G1 X151.11 Y151.11 F1200
G1 F1200 U55.000 ; Extrude restart
G1 F1200 Z18.60
G1 F600 V1.000 ; Recover matrix retract
G1 F600 V3.000 ; Matrix prime
G1 X167.45 Y151.11 V0.545 U16.017 P0.034 F1200
; Start to cut
M2800
M400
;CUT DISTANCE 54.8
G1 X168.89 Y151.11 V0.048 F1200
G1 X168.89 Y168.89 V0.593 F1200
G1 X151.11 Y168.89 V0.593 F1200
G1 X151.11 Y151.11 V0.593 F1200
; Cutting completed.
G1 F600 V-1.000 ; Retract
G1 F1200 Z19.20
M1002
M1001 L404
G1 F1200 Z19.80
G1 X151.76 Y152.11 F1200
G1 F1200 U55.000 ; Extrude restart
G1 F1200 Z18.60
G1 F600 V1.000 ; Recover matrix retract
G1 F600 V3.000 ; Matrix prime
G1 X168.24 Y152.11 V0.549 U16.156 P0.034 F1200
G1 X168.24 Y152.81 V0.023 U0.686 P0.034 F1200
G1 X151.76 Y152.81 V0.549 U16.156 P0.034 F1200
G1 X151.76 Y153.51 V0.023 U0.686 P0.034 F1200
G1 X168.24 Y153.51 V0.549 U16.156 P0.034 F1200
G1 X168.24 Y154.21 V0.023 U0.686 P0.034 F1200
M73 P91 R5
G1 X151.76 Y154.21 V0.549 U16.156 P0.034 F1200
G1 X151.76 Y154.91 V0.023 U0.686 P0.034 F1200
G1 X168.24 Y154.91 V0.549 U16.156 P0.034 F1200
G1 X168.24 Y155.61 V0.023 U0.686 P0.034 F1200
G1 X151.76 Y155.61 V0.549 U16.156 P0.034 F1200
G1 X151.76 Y156.31 V0.023 U0.686 P0.034 F1200
G1 X168.24 Y156.31 V0.549 U16.156 P0.034 F1200
G1 X168.24 Y157.01 V0.023 U0.686 P0.034 F1200
G1 X151.76 Y157.01 V0.549 U16.156 P0.034 F1200
G1 X151.76 Y157.71 V0.023 U0.686 P0.034 F1200
G1 X168.24 Y157.71 V0.549 U16.156 P0.034 F1200
G1 X168.24 Y158.41 V0.023 U0.686 P0.034 F1200
G1 X151.76 Y158.41 V0.549 U16.156 P0.034 F1200
G1 X151.76 Y159.11 V0.023 U0.686 P0.034 F1200
G1 X168.24 Y159.11 V0.549 U16.156 P0.034 F1200
G1 X168.24 Y159.81 V0.023 U0.686 P0.034 F1200
G1 X151.76 Y159.81 V0.549 U16.156 P0.034 F1200
G1 X151.76 Y160.51 V0.023 U0.686 P0.034 F1200
G1 X168.24 Y160.51 V0.549 U16.156 P0.034 F1200
G1 X168.24 Y161.21 V0.023 U0.686 P0.034 F1200
G1 X151.76 Y161.21 V0.549 U16.156 P0.034 F1200
G1 X151.76 Y161.91 V0.023 U0.686 P0.034 F1200
G1 X168.24 Y161.91 V0.549 U16.156 P0.034 F1200
G1 X168.24 Y162.61 V0.023 U0.686 P0.034 F1200
G1 X151.76 Y162.61 V0.549 U16.156 P0.034 F1200
G1 X151.76 Y163.31 V0.023 U0.686 P0.034 F1200
G1 X168.24 Y163.31 V0.549 U16.156 P0.034 F1200
G1 X168.24 Y164.01 V0.023 U0.686 P0.034 F1200
G1 X151.76 Y164.01 V0.549 U16.156 P0.034 F1200
G1 X151.76 Y164.71 V0.023 U0.686 P0.034 F1200
G1 X168.24 Y164.71 V0.549 U16.156 P0.034 F1200
G1 X168.24 Y165.41 V0.023 U0.686 P0.034 F1200
G1 X151.76 Y165.41 V0.549 U16.156 P0.034 F1200
G1 X151.76 Y166.11 V0.023 U0.686 P0.034 F1200
G1 X165.00 Y166.11 V0.441 U12.979 P0.034 F1200
; Start to cut
M2800
M400
;CUT DISTANCE 54.8
G1 X168.24 Y166.11 V0.108 F1200
G1 X168.24 Y166.81 V0.023 F1200
G1 X151.76 Y166.81 V0.549 F1200
G1 X151.76 Y167.51 V0.023 F1200
G1 X168.24 Y167.51 V0.549 F1200
G1 X168.24 Y168.21 V0.023 F1200
G1 X151.76 Y168.21 V0.549 F1200
; Cutting completed.
G1 F600 V-1.000 ; Retract
G1 F1200 Z19.20
M1002
M400
G1 F600 V-4.000 ; Toolchange matrix retract
M104 S180 T0 ; standby
M104 S250 T1 ; pre-charge
M109 S250 T1
MOVE_TO_BRUSH_STATION
CLEAN_NOZZLE
MOVE_OUT_BRUSH_STATION
M106 P2 S0 ; fibre-side cooling, fan4
M106 P1 S127 ; part-cooling, fan3
T1 ; switch extruder type to:PLASTIC
G1 Z18.6 F7200
G1 E10 F1800
;LAYER_CHANGE
;Z:18.8
;HEIGHT:0.199999
;_SET_FAN_SPEED_CHANGING_LAYER
SET_VELOCITY_LIMIT ACCEL=1000 ACCEL_TO_DECEL=500
G1 E-.8 F1800
G1 X169.146 Y158.87 Z19.2 F7200
G1 X169.346 Y169.346 Z19.2 F7200
G1 Z18.8 F7200
G1 E.8 F1800
;TYPE:Inner wall
;WIDTH:0.449999
G1 F3600
G1 X150.654 Y169.346 E.6327
G1 X150.654 Y150.654 E.6327
G1 X169.346 Y150.654 E.6327
G1 X169.346 Y169.306 E.63135
SET_VELOCITY_LIMIT ACCEL=500 ACCEL_TO_DECEL=250
G1 X169.775 Y169.775 F7200
;TYPE:Outer wall
G1 F3600
G1 X150.225 Y169.775 E.66174
G1 X150.225 Y150.225 E.66174
G1 X169.775 Y150.225 E.66174
G1 X169.775 Y169.735 E.66039
SET_VELOCITY_LIMIT ACCEL=1000 ACCEL_TO_DECEL=500
G1 E-.8 F1800
G1 X167.619 Y169 Z19.2 F7200
G1 Z18.8 F7200
G1 E.8 F1800
SET_VELOCITY_LIMIT ACCEL=500 ACCEL_TO_DECEL=250
;TYPE:Sparse infill
;WIDTH:0.45
G1 F6000
G1 X165.991 Y169 E.05512
G1 X165.676 Y168.549 E.01862
G1 X165.44 Y168.313 E.01129
G1 X163.886 Y167.231 E.06412
G1 X163.65 Y166.995 E.01129
G1 X162.567 Y165.44 E.06412
G1 X162.332 Y165.205 E.01129
G1 X160.777 Y164.122 E.06412
G1 X160.541 Y163.886 E.01129
G1 X159.459 Y162.332 E.06412
G1 X159.223 Y162.096 E.01129
G1 X157.668 Y161.013 E.06412
G1 X157.433 Y160.777 E.01129
G1 X156.35 Y159.223 E.06412
G1 X156.114 Y158.987 E.01129
G1 X154.56 Y157.904 E.06412
G1 X154.324 Y157.668 E.01129
G1 X153.241 Y156.114 E.06412
G1 X153.005 Y155.878 E.01129
G1 X151.451 Y154.795 E.06412
G1 X151.215 Y154.56 E.01129
G1 X151 Y154.25 E.01276
G1 X151 Y157.359 E.10523
G1 X151.215 Y157.668 E.01276
G1 X151.451 Y157.904 E.01129
G1 X153.005 Y158.987 E.06412
G1 X153.241 Y159.223 E.01129
G1 X154.324 Y160.777 E.06412
G1 X154.56 Y161.013 E.01129
G1 X156.114 Y162.096 E.06412
G1 X156.35 Y162.332 E.01129
G1 X157.433 Y163.886 E.06412
G1 X157.668 Y164.122 E.01129
G1 X159.223 Y165.205 E.06412
G1 X159.459 Y165.44 E.01129
G1 X160.541 Y166.995 E.06412
G1 X160.777 Y167.231 E.01129
G1 X162.332 Y168.313 E.06412
G1 X162.567 Y168.549 E.01129
G1 X162.882 Y169 E.01862
G1 X159.773 Y169 E.10523
G1 X159.459 Y168.549 E.01862
G1 X159.223 Y168.313 E.01129
G1 X157.668 Y167.231 E.06412
G1 X157.433 Y166.995 E.01129
G1 X156.35 Y165.44 E.06412
G1 X156.114 Y165.205 E.01129
G1 X154.56 Y164.122 E.06412
G1 X154.324 Y163.886 E.01129
G1 X153.241 Y162.332 E.06412
G1 X153.005 Y162.096 E.01129
G1 X151.451 Y161.013 E.06412
G1 X151.215 Y160.777 E.01129
G1 X151 Y160.468 E.01276
G1 X151 Y163.577 E.10523
G1 X151.215 Y163.886 E.01276
G1 X151.451 Y164.122 E.01129
G1 X153.005 Y165.205 E.06412
G1 X153.241 Y165.44 E.01129
G1 X154.324 Y166.995 E.06412
G1 X154.56 Y167.231 E.01129
G1 X156.114 Y168.313 E.06412
G1 X156.35 Y168.549 E.01129
G1 X156.664 Y169 E.01862
G1 X153.555 Y169 E.10523
G1 X153.241 Y168.549 E.01862
G1 X153.005 Y168.313 E.01129
G1 X151.451 Y167.231 E.06412
G1 X151.215 Y166.995 E.01129
G1 X151 Y166.685 E.01276
G1 X151 Y168.314 E.05512
SET_VELOCITY_LIMIT ACCEL=1000 ACCEL_TO_DECEL=500
G1 E-.8 F1800
G1 X151.652 Y160.709 Z19.2 F7200
G1 X152.486 Y151 Z19.2 F7200
G1 Z18.8 F7200
G1 E.8 F1800
SET_VELOCITY_LIMIT ACCEL=500 ACCEL_TO_DECEL=250
G1 F6000
G1 X151 Y151 E.05031
G1 X151 Y151.142 E.0048
G1 X151.215 Y151.451 E.01276
G1 X151.451 Y151.687 E.01129
G1 X153.005 Y152.769 E.06412
G1 X153.241 Y153.005 E.01129
G1 X154.324 Y154.56 E.06412
G1 X154.56 Y154.795 E.01129
G1 X156.114 Y155.878 E.06412
G1 X156.35 Y156.114 E.01129
G1 X157.433 Y157.668 E.06412
G1 X157.668 Y157.904 E.01129
G1 X159.223 Y158.987 E.06412
G1 X159.459 Y159.223 E.01129
G1 X160.541 Y160.777 E.06412
G1 X160.777 Y161.013 E.01129
G1 X162.332 Y162.096 E.06412
G1 X162.567 Y162.332 E.01129
G1 X163.65 Y163.886 E.06412
G1 X163.886 Y164.122 E.01129
G1 X165.44 Y165.205 E.06412
G1 X165.676 Y165.44 E.01129
G1 X166.759 Y166.995 E.06412
G1 X166.995 Y167.231 E.01129
G1 X168.549 Y168.313 E.06412
G1 X168.785 Y168.549 E.01129
G1 X169 Y168.859 E.01276
G1 X169 Y165.75 E.10523
G1 X168.785 Y165.44 E.01276
G1 X168.549 Y165.205 E.01129
G1 X166.995 Y164.122 E.06412
G1 X166.759 Y163.886 E.01129
G1 X165.676 Y162.332 E.06412
G1 X165.44 Y162.096 E.01129
G1 X163.886 Y161.013 E.06412
G1 X163.65 Y160.777 E.01129
G1 X162.567 Y159.223 E.06412
G1 X162.332 Y158.987 E.01129
G1 X160.777 Y157.904 E.06412
G1 X160.541 Y157.668 E.01129
G1 X159.459 Y156.114 E.06412
G1 X159.223 Y155.878 E.01129
G1 X157.668 Y154.795 E.06412
G1 X157.433 Y154.56 E.01129
G1 X156.35 Y153.005 E.06412
G1 X156.114 Y152.769 E.01129
G1 X154.56 Y151.687 E.06412
G1 X154.324 Y151.451 E.01129
G1 X154.009 Y151 E.01862
G1 X157.118 Y151 E.10523
G1 X157.433 Y151.451 E.01862
G1 X157.668 Y151.687 E.01129
G1 X159.223 Y152.769 E.06412
G1 X159.459 Y153.005 E.01129
G1 X160.541 Y154.56 E.06412
G1 X160.777 Y154.795 E.01129
G1 X162.332 Y155.878 E.06412
G1 X162.567 Y156.114 E.01129
G1 X163.65 Y157.668 E.06412
G1 X163.886 Y157.904 E.01129
G1 X165.44 Y158.987 E.06412
G1 X165.676 Y159.223 E.01129
G1 X166.759 Y160.777 E.06412
G1 X166.995 Y161.013 E.01129
G1 X168.549 Y162.096 E.06412
G1 X168.785 Y162.332 E.01129
G1 X169 Y162.641 E.01276
G1 X169 Y159.532 E.10523
G1 X168.785 Y159.223 E.01276
G1 X168.549 Y158.987 E.01129
G1 X166.995 Y157.904 E.06412
G1 X166.759 Y157.668 E.01129
G1 X165.676 Y156.114 E.06412
G1 X165.44 Y155.878 E.01129
G1 X163.886 Y154.795 E.06412
G1 X163.65 Y154.56 E.01129
G1 X162.567 Y153.005 E.06412
G1 X162.332 Y152.769 E.01129
G1 X160.777 Y151.687 E.06412
G1 X160.541 Y151.451 E.01129
G1 X160.227 Y151 E.01862
G1 X161.855 Y151 E.05512
SET_VELOCITY_LIMIT ACCEL=1000 ACCEL_TO_DECEL=500
G1 E-.8 F1800
G1 X169 Y151.686 Z19.2 F7200
G1 Z18.8 F7200
G1 E.8 F1800
SET_VELOCITY_LIMIT ACCEL=500 ACCEL_TO_DECEL=250
G1 F6000
G1 X169 Y153.315 E.05512
G1 X168.785 Y153.005 E.01276
G1 X168.549 Y152.769 E.01129
G1 X166.995 Y151.687 E.06412
G1 X166.759 Y151.451 E.01129
G1 X166.445 Y151 E.01862
G1 X163.336 Y151 E.10523
G1 X163.65 Y151.451 E.01862
G1 X163.886 Y151.687 E.01129
G1 X165.44 Y152.769 E.06412
G1 X165.676 Y153.005 E.01129
G1 X166.759 Y154.56 E.06412
G1 X166.995 Y154.795 E.01129
G1 X168.549 Y155.878 E.06412
G1 X168.785 Y156.114 E.01129
G1 X169 Y156.423 E.01276
G1 X169 Y158.052 E.05512
M400
G1 E-10 F1800
G1 Z19.2 F7200
M104 S150 T1 ; standby
M104 S270 T0 ; pre-charge
M109 S270 T0
MOVE_TO_BRUSH_STATION
CLEAN_NOZZLE
MOVE_OUT_BRUSH_STATION
M106 P2 S127 ; fibre-side cooling, fan4
M106 P1 S0 ; part-cooling, fan3
T0 ; switch extruder type to:FIBER
; LAYER:94 [18.80]
M1001 L71
G1 F1200 Z20.00
G1 X151.11 Y151.11 F1200
G1 F1200 U55.000 ; Extrude restart
G1 F1200 Z18.80
G1 F600 V1.000 ; Recover matrix retract
G1 F600 V3.000 ; Matrix prime
G1 X167.45 Y151.11 V0.545 U16.017 P0.034 F1200
; Start to cut
M2800
M400
;CUT DISTANCE 54.8
G1 X168.89 Y151.11 V0.048 F1200
G1 X168.89 Y168.89 V0.593 F1200
G1 X151.11 Y168.89 V0.593 F1200
G1 X151.11 Y151.11 V0.593 F1200
; Cutting completed.
G1 F600 V-1.000 ; Retract
M73 P91 R4
G1 F1200 Z19.40
M1002
M1001 L404
G1 F1200 Z20.00
G1 X151.76 Y152.11 F1200
G1 F1200 U55.000 ; Extrude restart
G1 F1200 Z18.80
G1 F600 V1.000 ; Recover matrix retract
G1 F600 V3.000 ; Matrix prime
G1 X168.24 Y152.11 V0.549 U16.156 P0.034 F1200
G1 X168.24 Y152.81 V0.023 U0.686 P0.034 F1200
G1 X151.76 Y152.81 V0.549 U16.156 P0.034 F1200
G1 X151.76 Y153.51 V0.023 U0.686 P0.034 F1200
G1 X168.24 Y153.51 V0.549 U16.156 P0.034 F1200
G1 X168.24 Y154.21 V0.023 U0.686 P0.034 F1200
M73 P92 R4
G1 X151.76 Y154.21 V0.549 U16.156 P0.034 F1200
G1 X151.76 Y154.91 V0.023 U0.686 P0.034 F1200
G1 X168.24 Y154.91 V0.549 U16.156 P0.034 F1200
G1 X168.24 Y155.61 V0.023 U0.686 P0.034 F1200
G1 X151.76 Y155.61 V0.549 U16.156 P0.034 F1200
G1 X151.76 Y156.31 V0.023 U0.686 P0.034 F1200
G1 X168.24 Y156.31 V0.549 U16.156 P0.034 F1200
G1 X168.24 Y157.01 V0.023 U0.686 P0.034 F1200
G1 X151.76 Y157.01 V0.549 U16.156 P0.034 F1200
G1 X151.76 Y157.71 V0.023 U0.686 P0.034 F1200
G1 X168.24 Y157.71 V0.549 U16.156 P0.034 F1200
G1 X168.24 Y158.41 V0.023 U0.686 P0.034 F1200
G1 X151.76 Y158.41 V0.549 U16.156 P0.034 F1200
G1 X151.76 Y159.11 V0.023 U0.686 P0.034 F1200
G1 X168.24 Y159.11 V0.549 U16.156 P0.034 F1200
G1 X168.24 Y159.81 V0.023 U0.686 P0.034 F1200
G1 X151.76 Y159.81 V0.549 U16.156 P0.034 F1200
G1 X151.76 Y160.51 V0.023 U0.686 P0.034 F1200
G1 X168.24 Y160.51 V0.549 U16.156 P0.034 F1200
G1 X168.24 Y161.21 V0.023 U0.686 P0.034 F1200
G1 X151.76 Y161.21 V0.549 U16.156 P0.034 F1200
G1 X151.76 Y161.91 V0.023 U0.686 P0.034 F1200
G1 X168.24 Y161.91 V0.549 U16.156 P0.034 F1200
G1 X168.24 Y162.61 V0.023 U0.686 P0.034 F1200
G1 X151.76 Y162.61 V0.549 U16.156 P0.034 F1200
G1 X151.76 Y163.31 V0.023 U0.686 P0.034 F1200
G1 X168.24 Y163.31 V0.549 U16.156 P0.034 F1200
G1 X168.24 Y164.01 V0.023 U0.686 P0.034 F1200
G1 X151.76 Y164.01 V0.549 U16.156 P0.034 F1200
G1 X151.76 Y164.71 V0.023 U0.686 P0.034 F1200
G1 X168.24 Y164.71 V0.549 U16.156 P0.034 F1200
G1 X168.24 Y165.41 V0.023 U0.686 P0.034 F1200
G1 X151.76 Y165.41 V0.549 U16.156 P0.034 F1200
G1 X151.76 Y166.11 V0.023 U0.686 P0.034 F1200
G1 X165.00 Y166.11 V0.441 U12.979 P0.034 F1200
; Start to cut
M2800
M400
;CUT DISTANCE 54.8
G1 X168.24 Y166.11 V0.108 F1200
G1 X168.24 Y166.81 V0.023 F1200
G1 X151.76 Y166.81 V0.549 F1200
G1 X151.76 Y167.51 V0.023 F1200
G1 X168.24 Y167.51 V0.549 F1200
G1 X168.24 Y168.21 V0.023 F1200
G1 X151.76 Y168.21 V0.549 F1200
; Cutting completed.
G1 F600 V-1.000 ; Retract
G1 F1200 Z19.40
M1002
M400
G1 F600 V-4.000 ; Toolchange matrix retract
M104 S180 T0 ; standby
M104 S250 T1 ; pre-charge
M109 S250 T1
MOVE_TO_BRUSH_STATION
CLEAN_NOZZLE
MOVE_OUT_BRUSH_STATION
M106 P2 S0 ; fibre-side cooling, fan4
M106 P1 S127 ; part-cooling, fan3
T1 ; switch extruder type to:PLASTIC
G1 Z18.8 F7200
G1 E10 F1800
M106 S125
;LAYER_CHANGE
;Z:19
;HEIGHT:0.200001
;_SET_FAN_SPEED_CHANGING_LAYER
SET_VELOCITY_LIMIT ACCEL=1000 ACCEL_TO_DECEL=500
G1 E-.8 F1800
G1 X169.234 Y165.681 Z19.4 F7200
G1 X169.346 Y169.346 Z19.4 F7200
G1 Z19 F7200
G1 E.8 F1800
;TYPE:Inner wall
;WIDTH:0.449999
G1 F3600
G1 X150.654 Y169.346 E.6327
G1 X150.654 Y150.654 E.6327
G1 X169.346 Y150.654 E.6327
G1 X169.346 Y169.306 E.63135
SET_VELOCITY_LIMIT ACCEL=500 ACCEL_TO_DECEL=250
G1 X169.775 Y169.775 F7200
;TYPE:Outer wall
G1 F3600
G1 X150.225 Y169.775 E.66174
G1 X150.225 Y150.225 E.66174
G1 X169.775 Y150.225 E.66174
G1 X169.775 Y169.735 E.66039
SET_VELOCITY_LIMIT ACCEL=1000 ACCEL_TO_DECEL=500
G1 E-.8 F1800
G1 X169.445 Y162.11 Z19.4 F7200
G1 X169 Y151.828 Z19.4 F7200
G1 Z19 F7200
G1 E.8 F1800
SET_VELOCITY_LIMIT ACCEL=500 ACCEL_TO_DECEL=250
;TYPE:Sparse infill
;WIDTH:0.45
G1 F6000
G1 X169 Y153.457 E.05512
G1 X166.543 Y151 E.11762
G1 X163.435 Y151 E.10523
G1 X169 Y156.565 E.26643
G1 X169 Y159.674 E.10523
G1 X160.326 Y151 E.41525
G1 X157.217 Y151 E.10523
G1 X169 Y162.783 E.56406
G1 X169 Y165.892 E.10523
G1 X154.108 Y151 E.71288
G1 X151 Y151 E.10523
G1 X169 Y169 E.86169
G1 X165.892 Y169 E.10523
G1 X151 Y154.108 E.71288
G1 X151 Y157.217 E.10523
G1 X162.783 Y169 E.56406
G1 X159.674 Y169 E.10523
G1 X151 Y160.326 E.41525
G1 X151 Y163.435 E.10523
G1 X156.565 Y169 E.26643
G1 X153.457 Y169 E.10523
G1 X151 Y166.543 E.11762
G1 X151 Y168.172 E.05512
M400
G1 E-10 F1800
G1 Z19.4 F7200
M104 S150 T1 ; standby
M104 S270 T0 ; pre-charge
M109 S270 T0
MOVE_TO_BRUSH_STATION
CLEAN_NOZZLE
MOVE_OUT_BRUSH_STATION
M106 P2 S127 ; fibre-side cooling, fan4
M106 P1 S0 ; part-cooling, fan3
T0 ; switch extruder type to:FIBER
; LAYER:95 [19.00]
M1001 L71
G1 F1200 Z20.20
G1 X151.11 Y151.11 F1200
G1 F1200 U55.000 ; Extrude restart
G1 F1200 Z19.00
G1 F600 V1.000 ; Recover matrix retract
G1 F600 V3.000 ; Matrix prime
G1 X167.45 Y151.11 V0.545 U16.017 P0.034 F1200
; Start to cut
M2800
M400
;CUT DISTANCE 54.8
G1 X168.89 Y151.11 V0.048 F1200
G1 X168.89 Y168.89 V0.593 F1200
G1 X151.11 Y168.89 V0.593 F1200
G1 X151.11 Y151.11 V0.593 F1200
; Cutting completed.
G1 F600 V-1.000 ; Retract
G1 F1200 Z19.60
M1002
M1001 L404
G1 F1200 Z20.20
G1 X167.89 Y151.76 F1200
G1 F1200 U55.000 ; Extrude restart
G1 F1200 Z19.00
G1 F600 V1.000 ; Recover matrix retract
G1 F600 V3.000 ; Matrix prime
G1 X167.89 Y168.24 V0.549 U16.156 P0.034 F1200
G1 X167.19 Y168.24 V0.023 U0.686 P0.034 F1200
G1 X167.19 Y151.76 V0.549 U16.156 P0.034 F1200
G1 X166.49 Y151.76 V0.023 U0.686 P0.034 F1200
G1 X166.49 Y168.24 V0.549 U16.156 P0.034 F1200
G1 X165.79 Y168.24 V0.023 U0.686 P0.034 F1200
G1 X165.79 Y151.76 V0.549 U16.156 P0.034 F1200
G1 X165.09 Y151.76 V0.023 U0.686 P0.034 F1200
M73 P93 R4
G1 X165.09 Y168.24 V0.549 U16.156 P0.034 F1200
G1 X164.39 Y168.24 V0.023 U0.686 P0.034 F1200
G1 X164.39 Y151.76 V0.549 U16.156 P0.034 F1200
G1 X163.69 Y151.76 V0.023 U0.686 P0.034 F1200
G1 X163.69 Y168.24 V0.549 U16.156 P0.034 F1200
G1 X162.99 Y168.24 V0.023 U0.686 P0.034 F1200
G1 X162.99 Y151.76 V0.549 U16.156 P0.034 F1200
G1 X162.29 Y151.76 V0.023 U0.686 P0.034 F1200
G1 X162.29 Y168.24 V0.549 U16.156 P0.034 F1200
G1 X161.59 Y168.24 V0.023 U0.686 P0.034 F1200
G1 X161.59 Y151.76 V0.549 U16.156 P0.034 F1200
G1 X160.89 Y151.76 V0.023 U0.686 P0.034 F1200
G1 X160.89 Y168.24 V0.549 U16.156 P0.034 F1200
G1 X160.19 Y168.24 V0.023 U0.686 P0.034 F1200
G1 X160.19 Y151.76 V0.549 U16.156 P0.034 F1200
G1 X159.49 Y151.76 V0.023 U0.686 P0.034 F1200
G1 X159.49 Y168.24 V0.549 U16.156 P0.034 F1200
G1 X158.79 Y168.24 V0.023 U0.686 P0.034 F1200
G1 X158.79 Y151.76 V0.549 U16.156 P0.034 F1200
G1 X158.09 Y151.76 V0.023 U0.686 P0.034 F1200
G1 X158.09 Y168.24 V0.549 U16.156 P0.034 F1200
G1 X157.39 Y168.24 V0.023 U0.686 P0.034 F1200
G1 X157.39 Y151.76 V0.549 U16.156 P0.034 F1200
G1 X156.69 Y151.76 V0.023 U0.686 P0.034 F1200
G1 X156.69 Y168.24 V0.549 U16.156 P0.034 F1200
G1 X155.99 Y168.24 V0.023 U0.686 P0.034 F1200
G1 X155.99 Y151.76 V0.549 U16.156 P0.034 F1200
G1 X155.29 Y151.76 V0.023 U0.686 P0.034 F1200
G1 X155.29 Y168.24 V0.549 U16.156 P0.034 F1200
G1 X154.59 Y168.24 V0.023 U0.686 P0.034 F1200
G1 X154.59 Y151.76 V0.549 U16.156 P0.034 F1200
G1 X153.89 Y151.76 V0.023 U0.686 P0.034 F1200
G1 X153.89 Y165.00 V0.441 U12.979 P0.034 F1200
; Start to cut
M2800
M400
;CUT DISTANCE 54.8
G1 X153.89 Y168.24 V0.108 F1200
G1 X153.19 Y168.24 V0.023 F1200
G1 X153.19 Y151.76 V0.549 F1200
G1 X152.49 Y151.76 V0.023 F1200
G1 X152.49 Y168.24 V0.549 F1200
G1 X151.79 Y168.24 V0.023 F1200
G1 X151.79 Y151.76 V0.549 F1200
; Cutting completed.
G1 F600 V-1.000 ; Retract
G1 F1200 Z19.60
M1002
M400
G1 F600 V-4.000 ; Toolchange matrix retract
M104 S180 T0 ; standby
M104 S250 T1 ; pre-charge
M109 S250 T1
MOVE_TO_BRUSH_STATION
CLEAN_NOZZLE
MOVE_OUT_BRUSH_STATION
M106 P2 S0 ; fibre-side cooling, fan4
M106 P1 S127 ; part-cooling, fan3
T1 ; switch extruder type to:PLASTIC
G1 Z19 F7200
G1 E10 F1800
M106 S130
;LAYER_CHANGE
;Z:19.2
;HEIGHT:0.200001
;_SET_FAN_SPEED_CHANGING_LAYER
SET_VELOCITY_LIMIT ACCEL=1000 ACCEL_TO_DECEL=500
G1 E-.8 F1800
G1 X158.616 Y168.659 Z19.6 F7200
G1 X169.346 Y169.346 Z19.6 F7200
G1 Z19.2 F7200
G1 E.8 F1800
;TYPE:Inner wall
;WIDTH:0.449999
G1 F3600
G1 X150.654 Y169.346 E.6327
G1 X150.654 Y150.654 E.6327
G1 X169.346 Y150.654 E.6327
G1 X169.346 Y169.306 E.63135
M73 P93 R3
SET_VELOCITY_LIMIT ACCEL=500 ACCEL_TO_DECEL=250
G1 X169.775 Y169.775 F7200
;TYPE:Outer wall
G1 F3600
G1 X150.225 Y169.775 E.66174
G1 X150.225 Y150.225 E.66174
G1 X169.775 Y150.225 E.66174
G1 X169.775 Y169.735 E.66039
SET_VELOCITY_LIMIT ACCEL=1000 ACCEL_TO_DECEL=500
G1 E-.8 F1800
G1 X169.284 Y162.118 Z19.6 F7200
G1 X168.593 Y151.421 Z19.6 F7200
G1 Z19.2 F7200
G1 E.8 F1800
SET_VELOCITY_LIMIT ACCEL=500 ACCEL_TO_DECEL=250
;TYPE:Sparse infill
;WIDTH:0.45
G1 F6000
G1 X168.593 Y153.05 E.05512
G1 X166.95 Y151.407 E.07864
G1 X163.842 Y151.407 E.10523
G1 X168.593 Y156.158 E.22746
G1 X168.593 Y159.267 E.10523
G1 X160.733 Y151.407 E.37627
G1 X157.624 Y151.407 E.10523
G1 X168.593 Y162.376 E.52509
G1 X168.593 Y165.485 E.10523
G1 X154.515 Y151.407 E.6739
G1 X151.407 Y151.407 E.10523
G1 X168.593 Y168.593 E.82272
G1 X165.485 Y168.593 E.10523
G1 X151.407 Y154.515 E.6739
G1 X151.407 Y157.624 E.10523
G1 X162.376 Y168.593 E.52509
G1 X159.267 Y168.593 E.10523
G1 X151.407 Y160.733 E.37627
G1 X151.407 Y163.842 E.10523
G1 X156.158 Y168.593 E.22746
G1 X153.05 Y168.593 E.10523
G1 X151.407 Y166.95 E.07864
G1 X151.407 Y168.579 E.05512
SET_VELOCITY_LIMIT ACCEL=1000 ACCEL_TO_DECEL=500
G1 E-.8 F1800
G1 X151.241 Y160.948 Z19.6 F7200
G1 X151.03 Y151.203 Z19.6 F7200
G1 Z19.2 F7200
G1 E.8 F1800
SET_VELOCITY_LIMIT ACCEL=500 ACCEL_TO_DECEL=250
;TYPE:Internal solid infill
;WIDTH:0.388948
G1 F6000
G1 X151.03 Y168.797 E.50621
;WIDTH:0.40379
G1 X151.045 Y168.869 E.0022
;WIDTH:0.423579
G1 X151.06 Y168.94 E.00232
G1 X151.203 Y168.97 E.00463
;WIDTH:0.388948
G1 X168.797 Y168.97 E.50621
;WIDTH:0.403791
G1 X168.869 Y168.955 E.0022
;WIDTH:0.423581
G1 X168.94 Y168.94 E.00232
G1 X168.97 Y168.797 E.00463
;WIDTH:0.388948
G1 X168.97 Y151.203 E.50621
;WIDTH:0.403791
G1 X168.955 Y151.131 E.0022
;WIDTH:0.423581
G1 X168.94 Y151.06 E.00232
G1 X168.797 Y151.03 E.00463
;WIDTH:0.388948
G1 X151.203 Y151.03 E.50621
;WIDTH:0.40379
G1 X151.131 Y151.045 E.0022
;WIDTH:0.436216
G1 X151.06 Y151.06 E.00239
G1 X151.038 Y151.164 E.00348
M400
G1 E-10 F1800
G1 Z19.6 F7200
M104 S150 T1 ; standby
M104 S270 T0 ; pre-charge
M109 S270 T0
MOVE_TO_BRUSH_STATION
CLEAN_NOZZLE
MOVE_OUT_BRUSH_STATION
M106 P2 S124 ; fibre-side cooling, fan4
M106 P1 S0 ; part-cooling, fan3
T0 ; switch extruder type to:FIBER
; LAYER:96 [19.20]
M1001 L71
G1 F1200 Z20.40
G1 X151.11 Y151.11 F1200
G1 F1200 U55.000 ; Extrude restart
G1 F1200 Z19.20
G1 F600 V1.000 ; Recover matrix retract
G1 F600 V3.000 ; Matrix prime
G1 X167.45 Y151.11 V0.545 U16.017 P0.034 F1200
; Start to cut
M2800
M400
;CUT DISTANCE 54.8
G1 X168.89 Y151.11 V0.048 F1200
G1 X168.89 Y168.89 V0.593 F1200
G1 X151.11 Y168.89 V0.593 F1200
G1 X151.11 Y151.11 V0.593 F1200
; Cutting completed.
G1 F600 V-1.000 ; Retract
G1 F1200 Z19.80
M1002
M1001 L404
G1 F1200 Z20.40
G1 X151.76 Y152.11 F1200
G1 F1200 U55.000 ; Extrude restart
G1 F1200 Z19.20
G1 F600 V1.000 ; Recover matrix retract
G1 F600 V3.000 ; Matrix prime
G1 X168.24 Y152.11 V0.549 U16.156 P0.034 F1200
G1 X168.24 Y152.81 V0.023 U0.686 P0.034 F1200
G1 X151.76 Y152.81 V0.549 U16.156 P0.034 F1200
G1 X151.76 Y153.51 V0.023 U0.686 P0.034 F1200
G1 X168.24 Y153.51 V0.549 U16.156 P0.034 F1200
G1 X168.24 Y154.21 V0.023 U0.686 P0.034 F1200
G1 X151.76 Y154.21 V0.549 U16.156 P0.034 F1200
G1 X151.76 Y154.91 V0.023 U0.686 P0.034 F1200
G1 X168.24 Y154.91 V0.549 U16.156 P0.034 F1200
G1 X168.24 Y155.61 V0.023 U0.686 P0.034 F1200
G1 X151.76 Y155.61 V0.549 U16.156 P0.034 F1200
M73 P94 R3
G1 X151.76 Y156.31 V0.023 U0.686 P0.034 F1200
G1 X168.24 Y156.31 V0.549 U16.156 P0.034 F1200
G1 X168.24 Y157.01 V0.023 U0.686 P0.034 F1200
G1 X151.76 Y157.01 V0.549 U16.156 P0.034 F1200
G1 X151.76 Y157.71 V0.023 U0.686 P0.034 F1200
G1 X168.24 Y157.71 V0.549 U16.156 P0.034 F1200
G1 X168.24 Y158.41 V0.023 U0.686 P0.034 F1200
G1 X151.76 Y158.41 V0.549 U16.156 P0.034 F1200
G1 X151.76 Y159.11 V0.023 U0.686 P0.034 F1200
G1 X168.24 Y159.11 V0.549 U16.156 P0.034 F1200
G1 X168.24 Y159.81 V0.023 U0.686 P0.034 F1200
G1 X151.76 Y159.81 V0.549 U16.156 P0.034 F1200
G1 X151.76 Y160.51 V0.023 U0.686 P0.034 F1200
G1 X168.24 Y160.51 V0.549 U16.156 P0.034 F1200
G1 X168.24 Y161.21 V0.023 U0.686 P0.034 F1200
G1 X151.76 Y161.21 V0.549 U16.156 P0.034 F1200
G1 X151.76 Y161.91 V0.023 U0.686 P0.034 F1200
G1 X168.24 Y161.91 V0.549 U16.156 P0.034 F1200
G1 X168.24 Y162.61 V0.023 U0.686 P0.034 F1200
G1 X151.76 Y162.61 V0.549 U16.156 P0.034 F1200
G1 X151.76 Y163.31 V0.023 U0.686 P0.034 F1200
G1 X168.24 Y163.31 V0.549 U16.156 P0.034 F1200
G1 X168.24 Y164.01 V0.023 U0.686 P0.034 F1200
G1 X151.76 Y164.01 V0.549 U16.156 P0.034 F1200
G1 X151.76 Y164.71 V0.023 U0.686 P0.034 F1200
G1 X168.24 Y164.71 V0.549 U16.156 P0.034 F1200
G1 X168.24 Y165.41 V0.023 U0.686 P0.034 F1200
G1 X151.76 Y165.41 V0.549 U16.156 P0.034 F1200
G1 X151.76 Y166.11 V0.023 U0.686 P0.034 F1200
G1 X165.00 Y166.11 V0.441 U12.979 P0.034 F1200
; Start to cut
M2800
M400
;CUT DISTANCE 54.8
G1 X168.24 Y166.11 V0.108 F1200
G1 X168.24 Y166.81 V0.023 F1200
G1 X151.76 Y166.81 V0.549 F1200
G1 X151.76 Y167.51 V0.023 F1200
G1 X168.24 Y167.51 V0.549 F1200
G1 X168.24 Y168.21 V0.023 F1200
G1 X151.76 Y168.21 V0.549 F1200
; Cutting completed.
G1 F600 V-1.000 ; Retract
G1 F1200 Z19.80
M1002
M400
G1 F600 V-4.000 ; Toolchange matrix retract
M104 S180 T0 ; standby
M104 S250 T1 ; pre-charge
M109 S250 T1
MOVE_TO_BRUSH_STATION
CLEAN_NOZZLE
MOVE_OUT_BRUSH_STATION
M106 P2 S0 ; fibre-side cooling, fan4
M106 P1 S124 ; part-cooling, fan3
T1 ; switch extruder type to:PLASTIC
G1 Z19.2 F7200
G1 E10 F1800
M106 S61
;LAYER_CHANGE
;Z:19.4
;HEIGHT:0.199999
;_SET_FAN_SPEED_CHANGING_LAYER
SET_VELOCITY_LIMIT ACCEL=1000 ACCEL_TO_DECEL=500
G1 E-.8 F1800
G1 X156.454 Y156.542 Z19.8 F7200
G1 X169.346 Y169.346 Z19.8 F7200
G1 Z19.4 F7200
G1 E.8 F1800
;TYPE:Inner wall
;WIDTH:0.449999
G1 F3600
G1 X150.654 Y169.346 E.6327
G1 X150.654 Y150.654 E.6327
G1 X169.346 Y150.654 E.6327
G1 X169.346 Y169.306 E.63135
SET_VELOCITY_LIMIT ACCEL=500 ACCEL_TO_DECEL=250
G1 X169.775 Y169.775 F7200
;TYPE:Outer wall
G1 F3600
G1 X150.225 Y169.775 E.66174
G1 X150.225 Y150.225 E.66174
G1 X169.775 Y150.225 E.66174
G1 X169.775 Y169.735 E.66039
SET_VELOCITY_LIMIT ACCEL=1000 ACCEL_TO_DECEL=500
G1 X169.181 Y168.319 F7200
SET_VELOCITY_LIMIT ACCEL=250 ACCEL_TO_DECEL=125
;TYPE:Internal Bridge
;WIDTH:0.4
;HEIGHT:0.4
G1 F2250
M106 S255
G1 X168.522 Y168.979 E.04873
G1 X167.885 Y168.979 E.03328
G1 X168.979 Y167.885 E.08083
G1 X168.979 Y167.249 E.03323
G1 X167.249 Y168.979 E.12782
G1 X166.613 Y168.979 E.03323
G1 X168.979 Y166.613 E.17481
G1 X168.979 Y165.976 E.03328
G1 X165.976 Y168.979 E.22188
G1 X165.34 Y168.979 E.03323
G1 X168.979 Y165.34 E.26887
G1 X168.979 Y164.703 E.03328
G1 X164.703 Y168.979 E.31593
G1 X164.067 Y168.979 E.03323
G1 X168.979 Y164.067 E.36293
G1 X168.979 Y163.431 E.03323
G1 X163.431 Y168.979 E.40992
G1 X162.794 Y168.979 E.03328
G1 X168.979 Y162.794 E.45698
G1 X168.979 Y162.158 E.03323
G1 X162.158 Y168.979 E.50397
G1 X161.521 Y168.979 E.03328
G1 X168.979 Y161.521 E.55104
G1 X168.979 Y160.885 E.03323
G1 X160.885 Y168.979 E.59803
G1 X160.249 Y168.979 E.03323
G1 X168.979 Y160.249 E.64502
G1 X168.979 Y159.612 E.03328
G1 X159.612 Y168.979 E.69208
G1 X158.976 Y168.979 E.03323
G1 X168.979 Y158.976 E.73908
G1 X168.979 Y158.34 E.03323
G1 X158.339 Y168.979 E.7861
G1 X157.703 Y168.979 E.03323
G1 X168.979 Y157.703 E.83313
G1 X168.979 Y157.067 E.03323
G1 X157.067 Y168.979 E.88012
G1 X156.43 Y168.979 E.03328
G1 X168.979 Y156.43 E.92719
G1 X168.979 Y155.794 E.03323
G1 X155.794 Y168.979 E.97418
G1 X155.158 Y168.979 E.03323
G1 X168.979 Y155.158 E1.02117
G1 X168.979 Y154.521 E.03328
G1 X154.521 Y168.979 E1.06824
G1 X153.885 Y168.979 E.03323
G1 X168.979 Y153.885 E1.11523
G1 X168.979 Y153.248 E.03328
G1 X153.248 Y168.979 E1.16229
G1 X152.612 Y168.979 E.03323
G1 X168.979 Y152.612 E1.20928
G1 X168.979 Y151.976 E.03323
G1 X151.976 Y168.979 E1.25627
G1 X151.339 Y168.979 E.03328
G1 X168.979 Y151.339 E1.30334
G1 X168.979 Y151.021 E.01661
G1 X168.661 Y151.021 E.01661
G1 X151.021 Y168.661 E1.30334
G1 X151.021 Y168.024 E.03328
G1 X168.024 Y151.021 E1.25627
G1 X167.388 Y151.021 E.03323
G1 X151.021 Y167.388 E1.20928
G1 X151.021 Y166.752 E.03323
G1 X166.752 Y151.021 E1.16229
G1 X166.115 Y151.021 E.03328
G1 X151.021 Y166.115 E1.11523
G1 X151.021 Y165.479 E.03323
M73 P95 R3
G1 X165.479 Y151.021 E1.06824
G1 X164.842 Y151.021 E.03328
G1 X151.021 Y164.842 E1.02117
G1 X151.021 Y164.206 E.03323
G1 X164.206 Y151.021 E.97418
G1 X163.57 Y151.021 E.03323
G1 X151.021 Y163.57 E.92719
G1 X151.021 Y162.933 E.03328
G1 X162.933 Y151.021 E.88012
G1 X162.297 Y151.021 E.03323
G1 X151.021 Y162.297 E.83313
G1 X151.021 Y161.66 E.03328
G1 X161.66 Y151.021 E.78607
G1 X161.024 Y151.021 E.03323
G1 X151.021 Y161.024 E.73908
G1 X151.021 Y160.388 E.03323
G1 X160.388 Y151.021 E.69208
G1 X159.751 Y151.021 E.03328
M73 P95 R2
G1 X151.021 Y159.751 E.64502
G1 X151.021 Y159.115 E.03323
G1 X159.115 Y151.021 E.59803
G1 X158.478 Y151.021 E.03328
G1 X151.021 Y158.478 E.55096
G1 X151.021 Y157.842 E.03323
G1 X157.842 Y151.021 E.50397
G1 X157.206 Y151.021 E.03323
G1 X151.021 Y157.206 E.45698
G1 X151.021 Y156.569 E.03328
G1 X156.569 Y151.021 E.40992
G1 X155.933 Y151.021 E.03323
G1 X151.021 Y155.933 E.36293
G1 X151.021 Y155.296 E.03328
G1 X155.296 Y151.021 E.31586
G1 X154.66 Y151.021 E.03323
G1 X151.021 Y154.66 E.26887
G1 X151.021 Y154.024 E.03323
G1 X154.024 Y151.021 E.22188
G1 X153.387 Y151.021 E.03328
G1 X151.021 Y153.387 E.17481
G1 X151.021 Y152.751 E.03323
G1 X152.751 Y151.021 E.12782
G1 X152.114 Y151.021 E.03328
G1 X151.021 Y152.114 E.08076
G1 X151.021 Y151.478 E.03323
G1 X151.681 Y150.819 E.04873
M400
G1 E-10 F1800
G1 Z19.8 F7200
M104 S150 T1 ; standby
M104 S270 T0 ; pre-charge
M109 S270 T0
MOVE_TO_BRUSH_STATION
CLEAN_NOZZLE
MOVE_OUT_BRUSH_STATION
M106 P2 S130 ; fibre-side cooling, fan4
M106 P1 S0 ; part-cooling, fan3
T0 ; switch extruder type to:FIBER
; LAYER:97 [19.40]
M1001 L71
G1 F1200 Z20.60
G1 X151.11 Y151.11 F1200
G1 F1200 U55.000 ; Extrude restart
G1 F1200 Z19.40
G1 F600 V1.000 ; Recover matrix retract
G1 F600 V3.000 ; Matrix prime
G1 X167.45 Y151.11 V0.545 U16.017 P0.034 F1200
; Start to cut
M2800
M400
;CUT DISTANCE 54.8
G1 X168.89 Y151.11 V0.048 F1200
G1 X168.89 Y168.89 V0.593 F1200
G1 X151.11 Y168.89 V0.593 F1200
G1 X151.11 Y151.11 V0.593 F1200
; Cutting completed.
G1 F600 V-1.000 ; Retract
G1 F1200 Z20.00
M1002
M1001 L404
G1 F1200 Z20.60
G1 X151.76 Y152.11 F1200
G1 F1200 U55.000 ; Extrude restart
G1 F1200 Z19.40
G1 F600 V1.000 ; Recover matrix retract
G1 F600 V3.000 ; Matrix prime
G1 X168.24 Y152.11 V0.549 U16.156 P0.034 F1200
G1 X168.24 Y152.81 V0.023 U0.686 P0.034 F1200
G1 X151.76 Y152.81 V0.549 U16.156 P0.034 F1200
G1 X151.76 Y153.51 V0.023 U0.686 P0.034 F1200
G1 X168.24 Y153.51 V0.549 U16.156 P0.034 F1200
G1 X168.24 Y154.21 V0.023 U0.686 P0.034 F1200
G1 X151.76 Y154.21 V0.549 U16.156 P0.034 F1200
G1 X151.76 Y154.91 V0.023 U0.686 P0.034 F1200
G1 X168.24 Y154.91 V0.549 U16.156 P0.034 F1200
G1 X168.24 Y155.61 V0.023 U0.686 P0.034 F1200
G1 X151.76 Y155.61 V0.549 U16.156 P0.034 F1200
G1 X151.76 Y156.31 V0.023 U0.686 P0.034 F1200
G1 X168.24 Y156.31 V0.549 U16.156 P0.034 F1200
G1 X168.24 Y157.01 V0.023 U0.686 P0.034 F1200
G1 X151.76 Y157.01 V0.549 U16.156 P0.034 F1200
G1 X151.76 Y157.71 V0.023 U0.686 P0.034 F1200
G1 X168.24 Y157.71 V0.549 U16.156 P0.034 F1200
G1 X168.24 Y158.41 V0.023 U0.686 P0.034 F1200
G1 X151.76 Y158.41 V0.549 U16.156 P0.034 F1200
G1 X151.76 Y159.11 V0.023 U0.686 P0.034 F1200
G1 X168.24 Y159.11 V0.549 U16.156 P0.034 F1200
G1 X168.24 Y159.81 V0.023 U0.686 P0.034 F1200
G1 X151.76 Y159.81 V0.549 U16.156 P0.034 F1200
G1 X151.76 Y160.51 V0.023 U0.686 P0.034 F1200
G1 X168.24 Y160.51 V0.549 U16.156 P0.034 F1200
G1 X168.24 Y161.21 V0.023 U0.686 P0.034 F1200
G1 X151.76 Y161.21 V0.549 U16.156 P0.034 F1200
G1 X151.76 Y161.91 V0.023 U0.686 P0.034 F1200
G1 X168.24 Y161.91 V0.549 U16.156 P0.034 F1200
G1 X168.24 Y162.61 V0.023 U0.686 P0.034 F1200
G1 X151.76 Y162.61 V0.549 U16.156 P0.034 F1200
G1 X151.76 Y163.31 V0.023 U0.686 P0.034 F1200
G1 X168.24 Y163.31 V0.549 U16.156 P0.034 F1200
G1 X168.24 Y164.01 V0.023 U0.686 P0.034 F1200
G1 X151.76 Y164.01 V0.549 U16.156 P0.034 F1200
G1 X151.76 Y164.71 V0.023 U0.686 P0.034 F1200
G1 X168.24 Y164.71 V0.549 U16.156 P0.034 F1200
G1 X168.24 Y165.41 V0.023 U0.686 P0.034 F1200
G1 X151.76 Y165.41 V0.549 U16.156 P0.034 F1200
G1 X151.76 Y166.11 V0.023 U0.686 P0.034 F1200
G1 X165.00 Y166.11 V0.441 U12.979 P0.034 F1200
; Start to cut
M2800
M400
;CUT DISTANCE 54.8
G1 X168.24 Y166.11 V0.108 F1200
G1 X168.24 Y166.81 V0.023 F1200
G1 X151.76 Y166.81 V0.549 F1200
G1 X151.76 Y167.51 V0.023 F1200
G1 X168.24 Y167.51 V0.549 F1200
G1 X168.24 Y168.21 V0.023 F1200
G1 X151.76 Y168.21 V0.549 F1200
; Cutting completed.
G1 F600 V-1.000 ; Retract
G1 F1200 Z20.00
M1002
M400
G1 F600 V-4.000 ; Toolchange matrix retract
M104 S180 T0 ; standby
M104 S250 T1 ; pre-charge
M109 S250 T1
MOVE_TO_BRUSH_STATION
CLEAN_NOZZLE
MOVE_OUT_BRUSH_STATION
M106 P2 S0 ; fibre-side cooling, fan4
M106 P1 S130 ; part-cooling, fan3
T1 ; switch extruder type to:PLASTIC
G1 Z19.4 F7200
G1 E10 F1800
M106 S104
;LAYER_CHANGE
;Z:19.6
;HEIGHT:0.200001
;_SET_FAN_SPEED_CHANGING_LAYER
SET_VELOCITY_LIMIT ACCEL=1000 ACCEL_TO_DECEL=500
G1 E-.8 F1800
G1 X156.948 Y156.343 Z20 F7200
G1 X169.346 Y169.346 Z20 F7200
G1 Z19.6 F7200
G1 E.8 F1800
;TYPE:Inner wall
;WIDTH:0.449999
G1 F3600
G1 X150.654 Y169.346 E.6327
G1 X150.654 Y150.654 E.6327
M73 P96 R2
G1 X169.346 Y150.654 E.6327
G1 X169.346 Y169.306 E.63135
SET_VELOCITY_LIMIT ACCEL=500 ACCEL_TO_DECEL=250
G1 X169.775 Y169.775 F7200
;TYPE:Outer wall
G1 F3600
G1 X150.225 Y169.775 E.66174
G1 X150.225 Y150.225 E.66174
G1 X169.775 Y150.225 E.66174
G1 X169.775 Y169.735 E.66039
SET_VELOCITY_LIMIT ACCEL=1000 ACCEL_TO_DECEL=500
G1 E-.8 F1800
G1 X167.938 Y168.87 Z20 F7200
G1 Z19.6 F7200
G1 E.8 F1800
SET_VELOCITY_LIMIT ACCEL=500 ACCEL_TO_DECEL=250
;TYPE:Internal solid infill
;WIDTH:0.588921
G1 F6000
G1 X168.87 Y168.87 E.04232
G1 X168.87 Y167.938 E.04232
G1 X167.966 Y168.842 E.05803
SET_VELOCITY_LIMIT ACCEL=1000 ACCEL_TO_DECEL=500
G1 X167.238 Y169.184 F7200
SET_VELOCITY_LIMIT ACCEL=500 ACCEL_TO_DECEL=250
;WIDTH:0.449999
G1 F6000
G1 X169 Y167.421 E.08437
G1 X169 Y166.845 E.01949
G1 X166.845 Y169 E.10316
G1 X166.27 Y169 E.01949
G1 X169 Y166.27 E.13071
G1 X169 Y165.694 E.01949
G1 X165.694 Y169 E.15827
G1 X165.118 Y169 E.01949
G1 X169 Y165.118 E.18583
G1 X169 Y164.543 E.01949
G1 X164.543 Y169 E.21339
G1 X163.967 Y169 E.01949
G1 X169 Y163.967 E.24095
G1 X169 Y163.391 E.01949
G1 X163.391 Y169 E.26851
G1 X162.816 Y169 E.01949
G1 X169 Y162.816 E.29606
G1 X169 Y162.24 E.01949
G1 X162.24 Y169 E.32362
G1 X161.664 Y169 E.01949
G1 X169 Y161.664 E.35118
G1 X169 Y161.089 E.01949
G1 X161.089 Y169 E.37874
G1 X160.513 Y169 E.01949
G1 X169 Y160.513 E.4063
G1 X169 Y159.937 E.01949
G1 X159.937 Y169 E.43386
G1 X159.361 Y169 E.01949
G1 X169 Y159.361 E.46141
G1 X169 Y158.786 E.01949
G1 X158.786 Y169 E.48897
G1 X158.21 Y169 E.01949
G1 X169 Y158.21 E.51653
G1 X169 Y157.634 E.01949
G1 X157.634 Y169 E.54409
G1 X157.059 Y169 E.01949
G1 X169 Y157.059 E.57165
G1 X169 Y156.483 E.01949
G1 X156.483 Y169 E.5992
G1 X155.907 Y169 E.01949
G1 X169 Y155.907 E.62676
G1 X169 Y155.332 E.01949
G1 X155.332 Y169 E.65432
G1 X154.756 Y169 E.01949
G1 X169 Y154.756 E.68188
G1 X169 Y154.18 E.01949
G1 X154.18 Y169 E.70944
G1 X153.604 Y169 E.01949
G1 X169 Y153.604 E.737
G1 X169 Y153.029 E.01949
G1 X153.029 Y169 E.76455
G1 X152.453 Y169 E.01949
G1 X169 Y152.453 E.79211
G1 X169 Y151.877 E.01949
G1 X151.877 Y169 E.81967
G1 X151.302 Y169 E.01949
G1 X169 Y151.302 E.84723
G1 X169 Y151 E.01023
G1 X168.727 Y151 E.00926
G1 X151 Y168.727 E.8486
G1 X151 Y168.151 E.01949
G1 X168.151 Y151 E.82104
G1 X167.575 Y151 E.01949
G1 X151 Y167.575 E.79348
G1 X151 Y167 E.01949
G1 X167 Y151 E.76592
G1 X166.424 Y151 E.01949
G1 X151 Y166.424 E.73836
G1 X151 Y165.848 E.01949
G1 X165.848 Y151 E.7108
G1 X165.273 Y151 E.01949
G1 X151 Y165.273 E.68325
G1 X151 Y164.697 E.01949
G1 X164.697 Y151 E.65569
G1 X164.121 Y151 E.01949
G1 X151 Y164.121 E.62813
G1 X151 Y163.546 E.01949
G1 X163.546 Y151 E.60057
G1 X162.97 Y151 E.01949
G1 X151 Y162.97 E.57301
G1 X151 Y162.394 E.01949
G1 X162.394 Y151 E.54545
G1 X161.819 Y151 E.01949
G1 X151 Y161.819 E.5179
G1 X151 Y161.243 E.01949
G1 X161.243 Y151 E.49034
G1 X160.667 Y151 E.01949
G1 X151 Y160.667 E.46278
G1 X151 Y160.091 E.01949
G1 X160.091 Y151 E.43522
G1 X159.516 Y151 E.01949
G1 X151 Y159.516 E.40766
G1 X151 Y158.94 E.01949
G1 X158.94 Y151 E.38011
G1 X158.364 Y151 E.01949
G1 X151 Y158.364 E.35255
G1 X151 Y157.789 E.01949
G1 X157.789 Y151 E.32499
G1 X157.213 Y151 E.01949
G1 X151 Y157.213 E.29743
G1 X151 Y156.637 E.01949
G1 X156.637 Y151 E.26987
G1 X156.062 Y151 E.01949
G1 X151 Y156.062 E.24231
G1 X151 Y155.486 E.01949
G1 X155.486 Y151 E.21476
G1 X154.91 Y151 E.01949
G1 X151 Y154.91 E.1872
G1 X151 Y154.334 E.01949
G1 X154.334 Y151 E.15964
G1 X153.759 Y151 E.01949
G1 X151 Y153.759 E.13208
G1 X151 Y153.183 E.01949
G1 X153.183 Y151 E.10452
G1 X152.607 Y151 E.01949
G1 X151 Y152.607 E.07696
G1 X151 Y152.032 E.01949
G1 X152.215 Y150.816 E.05818
SET_VELOCITY_LIMIT ACCEL=1000 ACCEL_TO_DECEL=500
G1 X151.101 Y151.027 F7200
SET_VELOCITY_LIMIT ACCEL=500 ACCEL_TO_DECEL=250
;WIDTH:0.477236
G1 F6000
G1 X151.047 Y151.027 E.00196
G1 X151.02 Y151.074 E.00196
G1 X151.047 Y151.121 E.00196
G1 X151.101 Y151.121 E.00196
G1 X151.109 Y151.109 E.00052
M400
G1 E-10 F1800
G1 Z20 F7200
M104 S150 T1 ; standby
M104 S270 T0 ; pre-charge
M109 S270 T0
MOVE_TO_BRUSH_STATION
CLEAN_NOZZLE
MOVE_OUT_BRUSH_STATION
M106 P2 S255 ; fibre-side cooling, fan4
M106 P1 S0 ; part-cooling, fan3
T0 ; switch extruder type to:FIBER
; LAYER:98 [19.60]
M1001 L71
G1 F1200 Z20.80
G1 X151.11 Y151.11 F1200
G1 F1200 U55.000 ; Extrude restart
G1 F1200 Z19.60
G1 F600 V1.000 ; Recover matrix retract
G1 F600 V3.000 ; Matrix prime
G1 X167.45 Y151.11 V0.545 U16.017 P0.034 F1200
; Start to cut
M2800
M400
;CUT DISTANCE 54.8
G1 X168.89 Y151.11 V0.048 F1200
G1 X168.89 Y168.89 V0.593 F1200
G1 X151.11 Y168.89 V0.593 F1200
G1 X151.11 Y151.11 V0.593 F1200
; Cutting completed.
G1 F600 V-1.000 ; Retract
G1 F1200 Z20.20
M1002
M1001 L404
G1 F1200 Z20.80
G1 X167.89 Y151.76 F1200
G1 F1200 U55.000 ; Extrude restart
G1 F1200 Z19.60
G1 F600 V1.000 ; Recover matrix retract
G1 F600 V3.000 ; Matrix prime
G1 X167.89 Y168.24 V0.549 U16.156 P0.034 F1200
G1 X167.19 Y168.24 V0.023 U0.686 P0.034 F1200
G1 X167.19 Y151.76 V0.549 U16.156 P0.034 F1200
G1 X166.49 Y151.76 V0.023 U0.686 P0.034 F1200
G1 X166.49 Y168.24 V0.549 U16.156 P0.034 F1200
G1 X165.79 Y168.24 V0.023 U0.686 P0.034 F1200
M73 P96 R1
G1 X165.79 Y151.76 V0.549 U16.156 P0.034 F1200
G1 X165.09 Y151.76 V0.023 U0.686 P0.034 F1200
G1 X165.09 Y168.24 V0.549 U16.156 P0.034 F1200
G1 X164.39 Y168.24 V0.023 U0.686 P0.034 F1200
G1 X164.39 Y151.76 V0.549 U16.156 P0.034 F1200
G1 X163.69 Y151.76 V0.023 U0.686 P0.034 F1200
G1 X163.69 Y168.24 V0.549 U16.156 P0.034 F1200
G1 X162.99 Y168.24 V0.023 U0.686 P0.034 F1200
G1 X162.99 Y151.76 V0.549 U16.156 P0.034 F1200
G1 X162.29 Y151.76 V0.023 U0.686 P0.034 F1200
G1 X162.29 Y168.24 V0.549 U16.156 P0.034 F1200
G1 X161.59 Y168.24 V0.023 U0.686 P0.034 F1200
G1 X161.59 Y151.76 V0.549 U16.156 P0.034 F1200
G1 X160.89 Y151.76 V0.023 U0.686 P0.034 F1200
G1 X160.89 Y168.24 V0.549 U16.156 P0.034 F1200
G1 X160.19 Y168.24 V0.023 U0.686 P0.034 F1200
G1 X160.19 Y151.76 V0.549 U16.156 P0.034 F1200
G1 X159.49 Y151.76 V0.023 U0.686 P0.034 F1200
M73 P97 R1
G1 X159.49 Y168.24 V0.549 U16.156 P0.034 F1200
G1 X158.79 Y168.24 V0.023 U0.686 P0.034 F1200
G1 X158.79 Y151.76 V0.549 U16.156 P0.034 F1200
G1 X158.09 Y151.76 V0.023 U0.686 P0.034 F1200
G1 X158.09 Y168.24 V0.549 U16.156 P0.034 F1200
G1 X157.39 Y168.24 V0.023 U0.686 P0.034 F1200
G1 X157.39 Y151.76 V0.549 U16.156 P0.034 F1200
G1 X156.69 Y151.76 V0.023 U0.686 P0.034 F1200
G1 X156.69 Y168.24 V0.549 U16.156 P0.034 F1200
G1 X155.99 Y168.24 V0.023 U0.686 P0.034 F1200
G1 X155.99 Y151.76 V0.549 U16.156 P0.034 F1200
G1 X155.29 Y151.76 V0.023 U0.686 P0.034 F1200
G1 X155.29 Y168.24 V0.549 U16.156 P0.034 F1200
G1 X154.59 Y168.24 V0.023 U0.686 P0.034 F1200
G1 X154.59 Y151.76 V0.549 U16.156 P0.034 F1200
G1 X153.89 Y151.76 V0.023 U0.686 P0.034 F1200
G1 X153.89 Y165.00 V0.441 U12.979 P0.034 F1200
; Start to cut
M2800
M400
;CUT DISTANCE 54.8
G1 X153.89 Y168.24 V0.108 F1200
G1 X153.19 Y168.24 V0.023 F1200
G1 X153.19 Y151.76 V0.549 F1200
G1 X152.49 Y151.76 V0.023 F1200
G1 X152.49 Y168.24 V0.549 F1200
G1 X151.79 Y168.24 V0.023 F1200
G1 X151.79 Y151.76 V0.549 F1200
; Cutting completed.
G1 F600 V-1.000 ; Retract
G1 F1200 Z20.20
M1002
M400
G1 F600 V-4.000 ; Toolchange matrix retract
M104 S180 T0 ; standby
M104 S250 T1 ; pre-charge
M109 S250 T1
MOVE_TO_BRUSH_STATION
CLEAN_NOZZLE
MOVE_OUT_BRUSH_STATION
M106 P2 S0 ; fibre-side cooling, fan4
M106 P1 S255 ; part-cooling, fan3
T1 ; switch extruder type to:PLASTIC
G1 Z19.6 F7200
G1 E10 F1800
;LAYER_CHANGE
;Z:19.8
;HEIGHT:0.199999
;_SET_FAN_SPEED_CHANGING_LAYER
SET_VELOCITY_LIMIT ACCEL=1000 ACCEL_TO_DECEL=500
G1 E-.8 F1800
G1 X156.506 Y156.506 Z20.2 F7200
G1 X169.346 Y169.346 Z20.2 F7200
G1 Z19.8 F7200
G1 E.8 F1800
;TYPE:Inner wall
;WIDTH:0.449999
G1 F3600
G1 X150.654 Y169.346 E.6327
G1 X150.654 Y150.654 E.6327
G1 X169.346 Y150.654 E.6327
G1 X169.346 Y169.306 E.63135
SET_VELOCITY_LIMIT ACCEL=500 ACCEL_TO_DECEL=250
G1 X169.775 Y169.775 F7200
;TYPE:Outer wall
G1 F3600
G1 X150.225 Y169.775 E.66174
G1 X150.225 Y150.225 E.66174
G1 X169.775 Y150.225 E.66174
G1 X169.775 Y169.735 E.66039
SET_VELOCITY_LIMIT ACCEL=1000 ACCEL_TO_DECEL=500
G1 E-.8 F1800
G1 X169.509 Y162.107 Z20.2 F7200
G1 X169.184 Y152.762 Z20.2 F7200
G1 Z19.8 F7200
G1 E.8 F1800
SET_VELOCITY_LIMIT ACCEL=500 ACCEL_TO_DECEL=250
;TYPE:Internal solid infill
G1 F6000
G1 X167.421 Y151 E.08437
G1 X166.845 Y151 E.01949
G1 X169 Y153.155 E.10316
G1 X169 Y153.73 E.01949
G1 X166.27 Y151 E.13071
G1 X165.694 Y151 E.01949
G1 X169 Y154.306 E.15827
G1 X169 Y154.882 E.01949
G1 X165.118 Y151 E.18583
G1 X164.543 Y151 E.01949
G1 X169 Y155.457 E.21339
G1 X169 Y156.033 E.01949
G1 X163.967 Y151 E.24095
G1 X163.391 Y151 E.01949
G1 X169 Y156.609 E.26851
G1 X169 Y157.184 E.01949
G1 X162.816 Y151 E.29606
G1 X162.24 Y151 E.01949
G1 X169 Y157.76 E.32362
G1 X169 Y158.336 E.01949
G1 X161.664 Y151 E.35118
G1 X161.089 Y151 E.01949
G1 X169 Y158.911 E.37874
G1 X169 Y159.487 E.01949
G1 X160.513 Y151 E.4063
G1 X159.937 Y151 E.01949
G1 X169 Y160.063 E.43386
G1 X169 Y160.639 E.01949
G1 X159.361 Y151 E.46141
G1 X158.786 Y151 E.01949
G1 X169 Y161.214 E.48897
G1 X169 Y161.79 E.01949
G1 X158.21 Y151 E.51653
G1 X157.634 Y151 E.01949
G1 X169 Y162.366 E.54409
G1 X169 Y162.941 E.01949
G1 X157.059 Y151 E.57165
G1 X156.483 Y151 E.01949
G1 X169 Y163.517 E.5992
G1 X169 Y164.093 E.01949
G1 X155.907 Y151 E.62676
G1 X155.332 Y151 E.01949
G1 X169 Y164.668 E.65432
G1 X169 Y165.244 E.01949
G1 X154.756 Y151 E.68188
G1 X154.18 Y151 E.01949
G1 X169 Y165.82 E.70944
G1 X169 Y166.396 E.01949
G1 X153.604 Y151 E.737
G1 X153.029 Y151 E.01949
G1 X169 Y166.971 E.76455
G1 X169 Y167.547 E.01949
G1 X152.453 Y151 E.79211
G1 X151.877 Y151 E.01949
G1 X169 Y168.123 E.81967
G1 X169 Y168.698 E.01949
G1 X151.302 Y151 E.84723
G1 X151 Y151 E.01023
G1 X151 Y151.273 E.00926
G1 X168.727 Y169 E.8486
G1 X168.151 Y169 E.01949
G1 X151 Y151.849 E.82104
G1 X151 Y152.425 E.01949
G1 X167.575 Y169 E.79348
G1 X167 Y169 E.01949
G1 X151 Y153 E.76592
G1 X151 Y153.576 E.01949
G1 X166.424 Y169 E.73836
G1 X165.848 Y169 E.01949
G1 X151 Y154.152 E.7108
G1 X151 Y154.727 E.01949
G1 X165.273 Y169 E.68325
G1 X164.697 Y169 E.01949
G1 X151 Y155.303 E.65569
G1 X151 Y155.879 E.01949
G1 X164.121 Y169 E.62813
G1 X163.546 Y169 E.01949
G1 X151 Y156.454 E.60057
G1 X151 Y157.03 E.01949
G1 X162.97 Y169 E.57301
G1 X162.394 Y169 E.01949
G1 X151 Y157.606 E.54545
G1 X151 Y158.181 E.01949
G1 X161.819 Y169 E.5179
G1 X161.243 Y169 E.01949
G1 X151 Y158.757 E.49034
G1 X151 Y159.333 E.01949
G1 X160.667 Y169 E.46278
G1 X160.091 Y169 E.01949
G1 X151 Y159.909 E.43522
G1 X151 Y160.484 E.01949
G1 X159.516 Y169 E.40766
G1 X158.94 Y169 E.01949
G1 X151 Y161.06 E.38011
G1 X151 Y161.636 E.01949
G1 X158.364 Y169 E.35255
G1 X157.789 Y169 E.01949
G1 X151 Y162.211 E.32499
G1 X151 Y162.787 E.01949
G1 X157.213 Y169 E.29743
G1 X156.637 Y169 E.01949
G1 X151 Y163.363 E.26987
G1 X151 Y163.938 E.01949
G1 X156.062 Y169 E.24231
G1 X155.486 Y169 E.01949
G1 X151 Y164.514 E.21476
G1 X151 Y165.09 E.01949
G1 X154.91 Y169 E.1872
G1 X154.334 Y169 E.01949
G1 X151 Y165.666 E.15964
G1 X151 Y166.241 E.01949
G1 X153.759 Y169 E.13208
G1 X153.183 Y169 E.01949
G1 X151 Y166.817 E.10452
G1 X151 Y167.393 E.01949
G1 X152.607 Y169 E.07696
G1 X152.032 Y169 E.01949
G1 X150.816 Y167.785 E.05818
SET_VELOCITY_LIMIT ACCEL=1000 ACCEL_TO_DECEL=500
G1 X151.101 Y168.879 F7200
SET_VELOCITY_LIMIT ACCEL=500 ACCEL_TO_DECEL=250
;WIDTH:0.477236
G1 F6000
G1 X151.047 Y168.879 E.00196
G1 X151.02 Y168.926 E.00196
G1 X151.047 Y168.973 E.00196
G1 X151.101 Y168.973 E.00196
G1 X151.109 Y168.96 E.00052
SET_VELOCITY_LIMIT ACCEL=1000 ACCEL_TO_DECEL=500
G1 E-.8 F1800
G1 X156.638 Y163.699 Z20.2 F7200
G1 X168.87 Y152.062 Z20.2 F7200
G1 Z19.8 F7200
G1 E.8 F1800
SET_VELOCITY_LIMIT ACCEL=500 ACCEL_TO_DECEL=250
;WIDTH:0.588921
G1 F6000
G1 X168.87 Y151.13 E.04232
G1 X167.938 Y151.13 E.04232
G1 X168.842 Y152.034 E.05803
M400
G1 E-10 F1800
G1 Z20.2 F7200
M104 S150 T1 ; standby
M104 S270 T0 ; pre-charge
M109 S270 T0
MOVE_TO_BRUSH_STATION
CLEAN_NOZZLE
MOVE_OUT_BRUSH_STATION
M106 P2 S104 ; fibre-side cooling, fan4
M106 P1 S0 ; part-cooling, fan3
T0 ; switch extruder type to:FIBER
; LAYER:99 [19.80]
M1001 L71
G1 F1200 Z21.00
G1 X151.11 Y151.11 F1200
G1 F1200 U55.000 ; Extrude restart
G1 F1200 Z19.80
G1 F600 V1.000 ; Recover matrix retract
G1 F600 V3.000 ; Matrix prime
G1 X167.45 Y151.11 V0.545 U16.017 P0.034 F1200
; Start to cut
M2800
M400
;CUT DISTANCE 54.8
G1 X168.89 Y151.11 V0.048 F1200
G1 X168.89 Y168.89 V0.593 F1200
G1 X151.11 Y168.89 V0.593 F1200
M73 P98 R1
G1 X151.11 Y151.11 V0.593 F1200
; Cutting completed.
G1 F600 V-1.000 ; Retract
G1 F1200 Z20.40
M1002
M1001 L404
G1 F1200 Z21.00
G1 X151.76 Y152.11 F1200
G1 F1200 U55.000 ; Extrude restart
G1 F1200 Z19.80
G1 F600 V1.000 ; Recover matrix retract
G1 F600 V3.000 ; Matrix prime
G1 X168.24 Y152.11 V0.549 U16.156 P0.034 F1200
G1 X168.24 Y152.81 V0.023 U0.686 P0.034 F1200
G1 X151.76 Y152.81 V0.549 U16.156 P0.034 F1200
G1 X151.76 Y153.51 V0.023 U0.686 P0.034 F1200
G1 X168.24 Y153.51 V0.549 U16.156 P0.034 F1200
G1 X168.24 Y154.21 V0.023 U0.686 P0.034 F1200
G1 X151.76 Y154.21 V0.549 U16.156 P0.034 F1200
G1 X151.76 Y154.91 V0.023 U0.686 P0.034 F1200
G1 X168.24 Y154.91 V0.549 U16.156 P0.034 F1200
G1 X168.24 Y155.61 V0.023 U0.686 P0.034 F1200
G1 X151.76 Y155.61 V0.549 U16.156 P0.034 F1200
G1 X151.76 Y156.31 V0.023 U0.686 P0.034 F1200
G1 X168.24 Y156.31 V0.549 U16.156 P0.034 F1200
G1 X168.24 Y157.01 V0.023 U0.686 P0.034 F1200
G1 X151.76 Y157.01 V0.549 U16.156 P0.034 F1200
G1 X151.76 Y157.71 V0.023 U0.686 P0.034 F1200
G1 X168.24 Y157.71 V0.549 U16.156 P0.034 F1200
G1 X168.24 Y158.41 V0.023 U0.686 P0.034 F1200
G1 X151.76 Y158.41 V0.549 U16.156 P0.034 F1200
G1 X151.76 Y159.11 V0.023 U0.686 P0.034 F1200
G1 X168.24 Y159.11 V0.549 U16.156 P0.034 F1200
G1 X168.24 Y159.81 V0.023 U0.686 P0.034 F1200
G1 X151.76 Y159.81 V0.549 U16.156 P0.034 F1200
G1 X151.76 Y160.51 V0.023 U0.686 P0.034 F1200
G1 X168.24 Y160.51 V0.549 U16.156 P0.034 F1200
G1 X168.24 Y161.21 V0.023 U0.686 P0.034 F1200
G1 X151.76 Y161.21 V0.549 U16.156 P0.034 F1200
G1 X151.76 Y161.91 V0.023 U0.686 P0.034 F1200
G1 X168.24 Y161.91 V0.549 U16.156 P0.034 F1200
G1 X168.24 Y162.61 V0.023 U0.686 P0.034 F1200
M73 P98 R0
G1 X151.76 Y162.61 V0.549 U16.156 P0.034 F1200
G1 X151.76 Y163.31 V0.023 U0.686 P0.034 F1200
G1 X168.24 Y163.31 V0.549 U16.156 P0.034 F1200
G1 X168.24 Y164.01 V0.023 U0.686 P0.034 F1200
G1 X151.76 Y164.01 V0.549 U16.156 P0.034 F1200
G1 X151.76 Y164.71 V0.023 U0.686 P0.034 F1200
G1 X168.24 Y164.71 V0.549 U16.156 P0.034 F1200
G1 X168.24 Y165.41 V0.023 U0.686 P0.034 F1200
G1 X151.76 Y165.41 V0.549 U16.156 P0.034 F1200
G1 X151.76 Y166.11 V0.023 U0.686 P0.034 F1200
G1 X165.00 Y166.11 V0.441 U12.979 P0.034 F1200
; Start to cut
M2800
M400
;CUT DISTANCE 54.8
G1 X168.24 Y166.11 V0.108 F1200
G1 X168.24 Y166.81 V0.023 F1200
G1 X151.76 Y166.81 V0.549 F1200
G1 X151.76 Y167.51 V0.023 F1200
G1 X168.24 Y167.51 V0.549 F1200
G1 X168.24 Y168.21 V0.023 F1200
G1 X151.76 Y168.21 V0.549 F1200
; Cutting completed.
G1 F600 V-1.000 ; Retract
G1 F1200 Z20.40
M1002
M400
G1 F600 V-4.000 ; Toolchange matrix retract
M104 S180 T0 ; standby
M104 S250 T1 ; pre-charge
M109 S250 T1
MOVE_TO_BRUSH_STATION
CLEAN_NOZZLE
MOVE_OUT_BRUSH_STATION
M106 P2 S0 ; fibre-side cooling, fan4
M106 P1 S104 ; part-cooling, fan3
T1 ; switch extruder type to:PLASTIC
G1 Z19.8 F7200
G1 E10 F1800
M106 S102
;LAYER_CHANGE
;Z:20
;HEIGHT:0.200001
;_SET_FAN_SPEED_CHANGING_LAYER
SET_VELOCITY_LIMIT ACCEL=1000 ACCEL_TO_DECEL=500
G1 E-.8 F1800
G1 X169.064 Y159.663 Z20.4 F7200
G1 X169.346 Y169.346 Z20.4 F7200
G1 Z20 F7200
G1 E.8 F1800
;TYPE:Inner wall
;WIDTH:0.449999
G1 F3600
G1 X150.654 Y169.346 E.6327
G1 X150.654 Y150.654 E.6327
G1 X169.346 Y150.654 E.6327
G1 X169.346 Y169.306 E.63135
SET_VELOCITY_LIMIT ACCEL=500 ACCEL_TO_DECEL=250
G1 X169.775 Y169.775 F7200
;TYPE:Outer wall
G1 F3600
G1 X150.225 Y169.775 E.66174
G1 X150.225 Y150.225 E.66174
G1 X169.775 Y150.225 E.66174
G1 X169.775 Y169.735 E.66039
SET_VELOCITY_LIMIT ACCEL=1000 ACCEL_TO_DECEL=500
G1 X169.227 Y168.503 F7200
SET_VELOCITY_LIMIT ACCEL=500 ACCEL_TO_DECEL=250
;TYPE:Top surface
;WIDTH:0.40111
G1 F6000
G1 X168.503 Y169.227 E.0305
SET_VELOCITY_LIMIT ACCEL=1000 ACCEL_TO_DECEL=500
G1 X167.996 Y169.227 F7200
SET_VELOCITY_LIMIT ACCEL=500 ACCEL_TO_DECEL=250
G1 F6000
G1 X169.227 Y167.996 E.05184
SET_VELOCITY_LIMIT ACCEL=1000 ACCEL_TO_DECEL=500
G1 X169.227 Y167.49 F7200
SET_VELOCITY_LIMIT ACCEL=500 ACCEL_TO_DECEL=250
G1 F6000
G1 X167.49 Y169.227 E.07318
SET_VELOCITY_LIMIT ACCEL=1000 ACCEL_TO_DECEL=500
G1 X166.983 Y169.227 F7200
SET_VELOCITY_LIMIT ACCEL=500 ACCEL_TO_DECEL=250
G1 F6000
G1 X169.227 Y166.983 E.09451
SET_VELOCITY_LIMIT ACCEL=1000 ACCEL_TO_DECEL=500
G1 X169.227 Y166.476 F7200
SET_VELOCITY_LIMIT ACCEL=500 ACCEL_TO_DECEL=250
G1 F6000
G1 X166.476 Y169.227 E.11585
SET_VELOCITY_LIMIT ACCEL=1000 ACCEL_TO_DECEL=500
G1 X165.97 Y169.227 F7200
SET_VELOCITY_LIMIT ACCEL=500 ACCEL_TO_DECEL=250
G1 F6000
G1 X169.227 Y165.97 E.13719
SET_VELOCITY_LIMIT ACCEL=1000 ACCEL_TO_DECEL=500
G1 X169.227 Y165.463 F7200
SET_VELOCITY_LIMIT ACCEL=500 ACCEL_TO_DECEL=250
G1 F6000
G1 X165.463 Y169.227 E.15852
SET_VELOCITY_LIMIT ACCEL=1000 ACCEL_TO_DECEL=500
G1 X164.957 Y169.227 F7200
SET_VELOCITY_LIMIT ACCEL=500 ACCEL_TO_DECEL=250
G1 F6000
G1 X169.227 Y164.957 E.17986
SET_VELOCITY_LIMIT ACCEL=1000 ACCEL_TO_DECEL=500
G1 X169.227 Y164.45 F7200
SET_VELOCITY_LIMIT ACCEL=500 ACCEL_TO_DECEL=250
G1 F6000
G1 X164.45 Y169.227 E.20119
SET_VELOCITY_LIMIT ACCEL=1000 ACCEL_TO_DECEL=500
G1 X163.944 Y169.227 F7200
SET_VELOCITY_LIMIT ACCEL=500 ACCEL_TO_DECEL=250
G1 F6000
G1 X169.227 Y163.944 E.22253
SET_VELOCITY_LIMIT ACCEL=1000 ACCEL_TO_DECEL=500
G1 X169.227 Y163.437 F7200
SET_VELOCITY_LIMIT ACCEL=500 ACCEL_TO_DECEL=250
G1 F6000
G1 X163.437 Y169.227 E.24387
SET_VELOCITY_LIMIT ACCEL=1000 ACCEL_TO_DECEL=500
G1 X162.931 Y169.227 F7200
SET_VELOCITY_LIMIT ACCEL=500 ACCEL_TO_DECEL=250
G1 F6000
G1 X169.227 Y162.931 E.2652
SET_VELOCITY_LIMIT ACCEL=1000 ACCEL_TO_DECEL=500
G1 X169.227 Y162.424 F7200
SET_VELOCITY_LIMIT ACCEL=500 ACCEL_TO_DECEL=250
G1 F6000
G1 X162.424 Y169.227 E.28654
SET_VELOCITY_LIMIT ACCEL=1000 ACCEL_TO_DECEL=500
G1 X161.917 Y169.227 F7200
SET_VELOCITY_LIMIT ACCEL=500 ACCEL_TO_DECEL=250
G1 F6000
G1 X169.227 Y161.917 E.30788
SET_VELOCITY_LIMIT ACCEL=1000 ACCEL_TO_DECEL=500
G1 X169.227 Y161.411 F7200
SET_VELOCITY_LIMIT ACCEL=500 ACCEL_TO_DECEL=250
G1 F6000
G1 X161.411 Y169.227 E.32921
SET_VELOCITY_LIMIT ACCEL=1000 ACCEL_TO_DECEL=500
G1 X160.904 Y169.227 F7200
SET_VELOCITY_LIMIT ACCEL=500 ACCEL_TO_DECEL=250
G1 F6000
G1 X169.227 Y160.904 E.35055
SET_VELOCITY_LIMIT ACCEL=1000 ACCEL_TO_DECEL=500
G1 X169.227 Y160.398 F7200
SET_VELOCITY_LIMIT ACCEL=500 ACCEL_TO_DECEL=250
G1 F6000
G1 X160.398 Y169.227 E.37189
SET_VELOCITY_LIMIT ACCEL=1000 ACCEL_TO_DECEL=500
G1 X159.891 Y169.227 F7200
SET_VELOCITY_LIMIT ACCEL=500 ACCEL_TO_DECEL=250
G1 F6000
G1 X169.227 Y159.891 E.39322
SET_VELOCITY_LIMIT ACCEL=1000 ACCEL_TO_DECEL=500
G1 X169.227 Y159.385 F7200
SET_VELOCITY_LIMIT ACCEL=500 ACCEL_TO_DECEL=250
G1 F6000
G1 X159.385 Y169.227 E.41456
SET_VELOCITY_LIMIT ACCEL=1000 ACCEL_TO_DECEL=500
G1 X158.878 Y169.227 F7200
SET_VELOCITY_LIMIT ACCEL=500 ACCEL_TO_DECEL=250
G1 F6000
G1 X169.227 Y158.878 E.4359
SET_VELOCITY_LIMIT ACCEL=1000 ACCEL_TO_DECEL=500
G1 X169.227 Y158.371 F7200
SET_VELOCITY_LIMIT ACCEL=500 ACCEL_TO_DECEL=250
G1 F6000
G1 X158.371 Y169.227 E.45723
SET_VELOCITY_LIMIT ACCEL=1000 ACCEL_TO_DECEL=500
G1 X157.865 Y169.227 F7200
SET_VELOCITY_LIMIT ACCEL=500 ACCEL_TO_DECEL=250
G1 F6000
G1 X169.227 Y157.865 E.47857
SET_VELOCITY_LIMIT ACCEL=1000 ACCEL_TO_DECEL=500
G1 X169.227 Y157.358 F7200
SET_VELOCITY_LIMIT ACCEL=500 ACCEL_TO_DECEL=250
G1 F6000
G1 X157.358 Y169.227 E.4999
SET_VELOCITY_LIMIT ACCEL=1000 ACCEL_TO_DECEL=500
G1 X156.852 Y169.227 F7200
SET_VELOCITY_LIMIT ACCEL=500 ACCEL_TO_DECEL=250
G1 F6000
G1 X169.227 Y156.852 E.52124
SET_VELOCITY_LIMIT ACCEL=1000 ACCEL_TO_DECEL=500
G1 X169.227 Y156.345 F7200
SET_VELOCITY_LIMIT ACCEL=500 ACCEL_TO_DECEL=250
G1 F6000
G1 X156.345 Y169.227 E.54258
SET_VELOCITY_LIMIT ACCEL=1000 ACCEL_TO_DECEL=500
G1 X155.839 Y169.227 F7200
SET_VELOCITY_LIMIT ACCEL=500 ACCEL_TO_DECEL=250
G1 F6000
G1 X169.227 Y155.839 E.56391
SET_VELOCITY_LIMIT ACCEL=1000 ACCEL_TO_DECEL=500
G1 X169.227 Y155.332 F7200
SET_VELOCITY_LIMIT ACCEL=500 ACCEL_TO_DECEL=250
G1 F6000
G1 X155.332 Y169.227 E.58525
SET_VELOCITY_LIMIT ACCEL=1000 ACCEL_TO_DECEL=500
G1 X154.826 Y169.227 F7200
SET_VELOCITY_LIMIT ACCEL=500 ACCEL_TO_DECEL=250
G1 F6000
G1 X169.227 Y154.826 E.60659
SET_VELOCITY_LIMIT ACCEL=1000 ACCEL_TO_DECEL=500
G1 X169.227 Y154.319 F7200
SET_VELOCITY_LIMIT ACCEL=500 ACCEL_TO_DECEL=250
G1 F6000
G1 X154.319 Y169.227 E.62792
SET_VELOCITY_LIMIT ACCEL=1000 ACCEL_TO_DECEL=500
G1 X153.812 Y169.227 F7200
SET_VELOCITY_LIMIT ACCEL=500 ACCEL_TO_DECEL=250
G1 F6000
G1 X169.227 Y153.812 E.64926
SET_VELOCITY_LIMIT ACCEL=1000 ACCEL_TO_DECEL=500
G1 X169.227 Y153.306 F7200
SET_VELOCITY_LIMIT ACCEL=500 ACCEL_TO_DECEL=250
G1 F6000
G1 X153.306 Y169.227 E.6706
SET_VELOCITY_LIMIT ACCEL=1000 ACCEL_TO_DECEL=500
G1 X152.799 Y169.227 F7200
SET_VELOCITY_LIMIT ACCEL=500 ACCEL_TO_DECEL=250
G1 F6000
G1 X169.227 Y152.799 E.69193
SET_VELOCITY_LIMIT ACCEL=1000 ACCEL_TO_DECEL=500
G1 X169.227 Y152.293 F7200
SET_VELOCITY_LIMIT ACCEL=500 ACCEL_TO_DECEL=250
G1 F6000
G1 X152.293 Y169.227 E.71327
SET_VELOCITY_LIMIT ACCEL=1000 ACCEL_TO_DECEL=500
G1 X151.786 Y169.227 F7200
SET_VELOCITY_LIMIT ACCEL=500 ACCEL_TO_DECEL=250
G1 F6000
G1 X169.227 Y151.786 E.7346
SET_VELOCITY_LIMIT ACCEL=1000 ACCEL_TO_DECEL=500
G1 X169.227 Y151.28 F7200
SET_VELOCITY_LIMIT ACCEL=500 ACCEL_TO_DECEL=250
G1 F6000
M73 P99 R0
G1 X151.28 Y169.227 E.75594
SET_VELOCITY_LIMIT ACCEL=1000 ACCEL_TO_DECEL=500
G1 X150.773 Y169.227 F7200
SET_VELOCITY_LIMIT ACCEL=500 ACCEL_TO_DECEL=250
G1 F6000
G1 X169.227 Y150.773 E.77728
SET_VELOCITY_LIMIT ACCEL=1000 ACCEL_TO_DECEL=500
G1 X168.72 Y150.773 F7200
SET_VELOCITY_LIMIT ACCEL=500 ACCEL_TO_DECEL=250
G1 F6000
G1 X150.773 Y168.72 E.75594
SET_VELOCITY_LIMIT ACCEL=1000 ACCEL_TO_DECEL=500
G1 X150.773 Y168.214 F7200
SET_VELOCITY_LIMIT ACCEL=500 ACCEL_TO_DECEL=250
G1 F6000
G1 X168.214 Y150.773 E.7346
SET_VELOCITY_LIMIT ACCEL=1000 ACCEL_TO_DECEL=500
G1 X167.707 Y150.773 F7200
SET_VELOCITY_LIMIT ACCEL=500 ACCEL_TO_DECEL=250
G1 F6000
G1 X150.773 Y167.707 E.71327
SET_VELOCITY_LIMIT ACCEL=1000 ACCEL_TO_DECEL=500
G1 X150.773 Y167.201 F7200
SET_VELOCITY_LIMIT ACCEL=500 ACCEL_TO_DECEL=250
G1 F6000
G1 X167.201 Y150.773 E.69193
SET_VELOCITY_LIMIT ACCEL=1000 ACCEL_TO_DECEL=500
G1 X166.694 Y150.773 F7200
SET_VELOCITY_LIMIT ACCEL=500 ACCEL_TO_DECEL=250
G1 F6000
G1 X150.773 Y166.694 E.67059
SET_VELOCITY_LIMIT ACCEL=1000 ACCEL_TO_DECEL=500
G1 X150.773 Y166.187 F7200
SET_VELOCITY_LIMIT ACCEL=500 ACCEL_TO_DECEL=250
G1 F6000
G1 X166.187 Y150.773 E.64926
SET_VELOCITY_LIMIT ACCEL=1000 ACCEL_TO_DECEL=500
G1 X165.681 Y150.773 F7200
SET_VELOCITY_LIMIT ACCEL=500 ACCEL_TO_DECEL=250
G1 F6000
G1 X150.773 Y165.681 E.62792
SET_VELOCITY_LIMIT ACCEL=1000 ACCEL_TO_DECEL=500
G1 X150.773 Y165.174 F7200
SET_VELOCITY_LIMIT ACCEL=500 ACCEL_TO_DECEL=250
G1 F6000
G1 X165.174 Y150.773 E.60658
SET_VELOCITY_LIMIT ACCEL=1000 ACCEL_TO_DECEL=500
G1 X164.668 Y150.773 F7200
SET_VELOCITY_LIMIT ACCEL=500 ACCEL_TO_DECEL=250
G1 F6000
G1 X150.773 Y164.668 E.58525
SET_VELOCITY_LIMIT ACCEL=1000 ACCEL_TO_DECEL=500
G1 X150.773 Y164.161 F7200
SET_VELOCITY_LIMIT ACCEL=500 ACCEL_TO_DECEL=250
G1 F6000
G1 X164.161 Y150.773 E.56391
SET_VELOCITY_LIMIT ACCEL=1000 ACCEL_TO_DECEL=500
G1 X163.655 Y150.773 F7200
SET_VELOCITY_LIMIT ACCEL=500 ACCEL_TO_DECEL=250
G1 F6000
G1 X150.773 Y163.655 E.54257
SET_VELOCITY_LIMIT ACCEL=1000 ACCEL_TO_DECEL=500
G1 X150.773 Y163.148 F7200
SET_VELOCITY_LIMIT ACCEL=500 ACCEL_TO_DECEL=250
G1 F6000
G1 X163.148 Y150.773 E.52124
SET_VELOCITY_LIMIT ACCEL=1000 ACCEL_TO_DECEL=500
G1 X162.642 Y150.773 F7200
SET_VELOCITY_LIMIT ACCEL=500 ACCEL_TO_DECEL=250
G1 F6000
G1 X150.773 Y162.642 E.4999
SET_VELOCITY_LIMIT ACCEL=1000 ACCEL_TO_DECEL=500
G1 X150.773 Y162.135 F7200
SET_VELOCITY_LIMIT ACCEL=500 ACCEL_TO_DECEL=250
G1 F6000
G1 X162.135 Y150.773 E.47857
SET_VELOCITY_LIMIT ACCEL=1000 ACCEL_TO_DECEL=500
G1 X161.628 Y150.773 F7200
SET_VELOCITY_LIMIT ACCEL=500 ACCEL_TO_DECEL=250
G1 F6000
G1 X150.773 Y161.628 E.45723
SET_VELOCITY_LIMIT ACCEL=1000 ACCEL_TO_DECEL=500
G1 X150.773 Y161.122 F7200
SET_VELOCITY_LIMIT ACCEL=500 ACCEL_TO_DECEL=250
G1 F6000
G1 X161.122 Y150.773 E.43589
SET_VELOCITY_LIMIT ACCEL=1000 ACCEL_TO_DECEL=500
G1 X160.615 Y150.773 F7200
SET_VELOCITY_LIMIT ACCEL=500 ACCEL_TO_DECEL=250
G1 F6000
G1 X150.773 Y160.615 E.41456
SET_VELOCITY_LIMIT ACCEL=1000 ACCEL_TO_DECEL=500
G1 X150.773 Y160.109 F7200
SET_VELOCITY_LIMIT ACCEL=500 ACCEL_TO_DECEL=250
G1 F6000
G1 X160.109 Y150.773 E.39322
SET_VELOCITY_LIMIT ACCEL=1000 ACCEL_TO_DECEL=500
G1 X159.602 Y150.773 F7200
SET_VELOCITY_LIMIT ACCEL=500 ACCEL_TO_DECEL=250
G1 F6000
G1 X150.773 Y159.602 E.37188
SET_VELOCITY_LIMIT ACCEL=1000 ACCEL_TO_DECEL=500
G1 X150.773 Y159.096 F7200
SET_VELOCITY_LIMIT ACCEL=500 ACCEL_TO_DECEL=250
G1 F6000
G1 X159.096 Y150.773 E.35055
SET_VELOCITY_LIMIT ACCEL=1000 ACCEL_TO_DECEL=500
G1 X158.589 Y150.773 F7200
SET_VELOCITY_LIMIT ACCEL=500 ACCEL_TO_DECEL=250
G1 F6000
G1 X150.773 Y158.589 E.32921
SET_VELOCITY_LIMIT ACCEL=1000 ACCEL_TO_DECEL=500
G1 X150.773 Y158.083 F7200
SET_VELOCITY_LIMIT ACCEL=500 ACCEL_TO_DECEL=250
G1 F6000
G1 X158.083 Y150.773 E.30787
SET_VELOCITY_LIMIT ACCEL=1000 ACCEL_TO_DECEL=500
G1 X157.576 Y150.773 F7200
SET_VELOCITY_LIMIT ACCEL=500 ACCEL_TO_DECEL=250
G1 F6000
G1 X150.773 Y157.576 E.28654
SET_VELOCITY_LIMIT ACCEL=1000 ACCEL_TO_DECEL=500
G1 X150.773 Y157.069 F7200
SET_VELOCITY_LIMIT ACCEL=500 ACCEL_TO_DECEL=250
G1 F6000
G1 X157.069 Y150.773 E.2652
SET_VELOCITY_LIMIT ACCEL=1000 ACCEL_TO_DECEL=500
G1 X156.563 Y150.773 F7200
SET_VELOCITY_LIMIT ACCEL=500 ACCEL_TO_DECEL=250
G1 F6000
G1 X150.773 Y156.563 E.24387
SET_VELOCITY_LIMIT ACCEL=1000 ACCEL_TO_DECEL=500
G1 X150.773 Y156.056 F7200
SET_VELOCITY_LIMIT ACCEL=500 ACCEL_TO_DECEL=250
G1 F6000
G1 X156.056 Y150.773 E.22253
SET_VELOCITY_LIMIT ACCEL=1000 ACCEL_TO_DECEL=500
G1 X155.55 Y150.773 F7200
SET_VELOCITY_LIMIT ACCEL=500 ACCEL_TO_DECEL=250
G1 F6000
G1 X150.773 Y155.55 E.20119
SET_VELOCITY_LIMIT ACCEL=1000 ACCEL_TO_DECEL=500
G1 X150.773 Y155.043 F7200
SET_VELOCITY_LIMIT ACCEL=500 ACCEL_TO_DECEL=250
G1 F6000
G1 X155.043 Y150.773 E.17986
SET_VELOCITY_LIMIT ACCEL=1000 ACCEL_TO_DECEL=500
G1 X154.537 Y150.773 F7200
SET_VELOCITY_LIMIT ACCEL=500 ACCEL_TO_DECEL=250
G1 F6000
G1 X150.773 Y154.537 E.15852
SET_VELOCITY_LIMIT ACCEL=1000 ACCEL_TO_DECEL=500
G1 X150.773 Y154.03 F7200
SET_VELOCITY_LIMIT ACCEL=500 ACCEL_TO_DECEL=250
G1 F6000
G1 X154.03 Y150.773 E.13718
SET_VELOCITY_LIMIT ACCEL=1000 ACCEL_TO_DECEL=500
G1 X153.524 Y150.773 F7200
SET_VELOCITY_LIMIT ACCEL=500 ACCEL_TO_DECEL=250
G1 F6000
G1 X150.773 Y153.524 E.11585
SET_VELOCITY_LIMIT ACCEL=1000 ACCEL_TO_DECEL=500
G1 X150.773 Y153.017 F7200
SET_VELOCITY_LIMIT ACCEL=500 ACCEL_TO_DECEL=250
G1 F6000
G1 X153.017 Y150.773 E.09451
SET_VELOCITY_LIMIT ACCEL=1000 ACCEL_TO_DECEL=500
G1 X152.51 Y150.773 F7200
SET_VELOCITY_LIMIT ACCEL=500 ACCEL_TO_DECEL=250
G1 F6000
G1 X150.773 Y152.51 E.07317
SET_VELOCITY_LIMIT ACCEL=1000 ACCEL_TO_DECEL=500
G1 X150.773 Y152.004 F7200
SET_VELOCITY_LIMIT ACCEL=500 ACCEL_TO_DECEL=250
G1 F6000
G1 X152.004 Y150.773 E.05184
SET_VELOCITY_LIMIT ACCEL=1000 ACCEL_TO_DECEL=500
G1 X151.497 Y150.773 F7200
SET_VELOCITY_LIMIT ACCEL=500 ACCEL_TO_DECEL=250
G1 F6000
G1 X150.773 Y151.497 E.0305
M400
G1 E-10 F1800
G1 Z20.4 F7200
M104 S150 T1 ; standby
M104 S270 T0 ; pre-charge
M109 S270 T0
MOVE_TO_BRUSH_STATION
CLEAN_NOZZLE
MOVE_OUT_BRUSH_STATION
M106 P2 S104 ; fibre-side cooling, fan4
M106 P1 S0 ; part-cooling, fan3
T0 ; switch extruder type to:FIBER
; LAYER:100 [20.00]
M1001 L71
G1 F1200 Z21.20
G1 X151.11 Y151.11 F1200
G1 F1200 U55.000 ; Extrude restart
G1 F1200 Z20.00
G1 F600 V1.000 ; Recover matrix retract
G1 F600 V3.000 ; Matrix prime
G1 X167.45 Y151.11 V0.545 U16.017 P0.034 F1200
; Start to cut
M2800
M400
;CUT DISTANCE 54.8
G1 X168.89 Y151.11 V0.048 F1200
G1 X168.89 Y168.89 V0.593 F1200
G1 X151.11 Y168.89 V0.593 F1200
G1 X151.11 Y151.11 V0.593 F1200
; Cutting completed.
G1 F600 V-1.000 ; Retract
G1 F1200 Z20.60
M1002
M1001 L404
G1 F1200 Z21.20
G1 X151.76 Y152.11 F1200
G1 F1200 U55.000 ; Extrude restart
G1 F1200 Z20.00
G1 F600 V1.000 ; Recover matrix retract
G1 F600 V3.000 ; Matrix prime
G1 X168.24 Y152.11 V0.549 U16.156 P0.034 F1200
G1 X168.24 Y152.81 V0.023 U0.686 P0.034 F1200
G1 X151.76 Y152.81 V0.549 U16.156 P0.034 F1200
G1 X151.76 Y153.51 V0.023 U0.686 P0.034 F1200
G1 X168.24 Y153.51 V0.549 U16.156 P0.034 F1200
G1 X168.24 Y154.21 V0.023 U0.686 P0.034 F1200
G1 X151.76 Y154.21 V0.549 U16.156 P0.034 F1200
G1 X151.76 Y154.91 V0.023 U0.686 P0.034 F1200
G1 X168.24 Y154.91 V0.549 U16.156 P0.034 F1200
G1 X168.24 Y155.61 V0.023 U0.686 P0.034 F1200
G1 X151.76 Y155.61 V0.549 U16.156 P0.034 F1200
G1 X151.76 Y156.31 V0.023 U0.686 P0.034 F1200
G1 X168.24 Y156.31 V0.549 U16.156 P0.034 F1200
G1 X168.24 Y157.01 V0.023 U0.686 P0.034 F1200
G1 X151.76 Y157.01 V0.549 U16.156 P0.034 F1200
G1 X151.76 Y157.71 V0.023 U0.686 P0.034 F1200
G1 X168.24 Y157.71 V0.549 U16.156 P0.034 F1200
G1 X168.24 Y158.41 V0.023 U0.686 P0.034 F1200
G1 X151.76 Y158.41 V0.549 U16.156 P0.034 F1200
G1 X151.76 Y159.11 V0.023 U0.686 P0.034 F1200
G1 X168.24 Y159.11 V0.549 U16.156 P0.034 F1200
G1 X168.24 Y159.81 V0.023 U0.686 P0.034 F1200
G1 X151.76 Y159.81 V0.549 U16.156 P0.034 F1200
G1 X151.76 Y160.51 V0.023 U0.686 P0.034 F1200
G1 X168.24 Y160.51 V0.549 U16.156 P0.034 F1200
G1 X168.24 Y161.21 V0.023 U0.686 P0.034 F1200
G1 X151.76 Y161.21 V0.549 U16.156 P0.034 F1200
G1 X151.76 Y161.91 V0.023 U0.686 P0.034 F1200
G1 X168.24 Y161.91 V0.549 U16.156 P0.034 F1200
G1 X168.24 Y162.61 V0.023 U0.686 P0.034 F1200
G1 X151.76 Y162.61 V0.549 U16.156 P0.034 F1200
G1 X151.76 Y163.31 V0.023 U0.686 P0.034 F1200
G1 X168.24 Y163.31 V0.549 U16.156 P0.034 F1200
G1 X168.24 Y164.01 V0.023 U0.686 P0.034 F1200
G1 X151.76 Y164.01 V0.549 U16.156 P0.034 F1200
G1 X151.76 Y164.71 V0.023 U0.686 P0.034 F1200
G1 X168.24 Y164.71 V0.549 U16.156 P0.034 F1200
G1 X168.24 Y165.41 V0.023 U0.686 P0.034 F1200
G1 X151.76 Y165.41 V0.549 U16.156 P0.034 F1200
G1 X151.76 Y166.11 V0.023 U0.686 P0.034 F1200
G1 X165.00 Y166.11 V0.441 U12.979 P0.034 F1200
; Start to cut
M2800
M400
;CUT DISTANCE 54.8
G1 X168.24 Y166.11 V0.108 F1200
G1 X168.24 Y166.81 V0.023 F1200
G1 X151.76 Y166.81 V0.549 F1200
G1 X151.76 Y167.51 V0.023 F1200
G1 X168.24 Y167.51 V0.549 F1200
G1 X168.24 Y168.21 V0.023 F1200
G1 X151.76 Y168.21 V0.549 F1200
; Cutting completed.
G1 F600 V-1.000 ; Retract
G1 F1200 Z20.60
M1002
M400
G1 F600 V-4.000 ; Toolchange matrix retract
M104 S180 T0 ; standby
M104 S250 T1 ; pre-charge
M109 S250 T1
MOVE_TO_BRUSH_STATION
CLEAN_NOZZLE
MOVE_OUT_BRUSH_STATION
M106 P2 S0 ; fibre-side cooling, fan4
M106 P1 S104 ; part-cooling, fan3
T1 ; switch extruder type to:PLASTIC
G1 Z20 F7200
G1 E10 F1800
G1 E-.8 F1800
M106 S0
;TYPE:Custom
M104 S0 T0
M400
M104 S0 T1
M106 P1 S0
M140 S0
M141 S0
M191 S0
G90
M73 P100 R0
; EXECUTABLE_BLOCK_END

; filament used [mm] = 1321.61
; filament used [cm3] = 3.18
; total filament used [g] = 0.00
; total filament cost = 0.00
; total layers count = 100
; estimated printing time (normal mode) = 1h 1m 45s
; estimated first layer printing time (normal mode) = 3s

; CONFIG_BLOCK_START
; accel_to_decel_enable = 1
; accel_to_decel_factor = 50%
; activate_air_filtration = 0
; activate_air_filtration_during_print = 1
; activate_air_filtration_on_completion = 1
; activate_chamber_temp_control = 0
; adaptive_bed_mesh_margin = 0
; adaptive_pressure_advance = 0
; adaptive_pressure_advance_bridges = 0
; adaptive_pressure_advance_model = "0,0,0\n0,0,0"
; adaptive_pressure_advance_overhangs = 0
; additional_cooling_fan_speed = 0
; additional_fan_full_speed_layer = 0
; align_infill_direction_to_model = 0
; alternate_extra_wall = 0
; auxiliary_fan = 0
; bbl_calib_mark_logo = 1
; bed_custom_model = 
; bed_custom_texture = 
; bed_exclude_area = 0x0
; bed_mesh_max = 99999,99999
; bed_mesh_min = -99999,-99999
; bed_mesh_probe_distance = 50,50
; bed_temperature_formula = by_highest_temp
; before_layer_change_gcode = 
; best_object_pos = 0.5,0.5
; bottom_layer_direction = -1
; bottom_shell_layers = 3
; bottom_shell_thickness = 0
; bottom_solid_infill_flow_ratio = 1
; bottom_surface_density = 100%
; bottom_surface_filament_id = 1
; bottom_surface_fill_order = default
; bottom_surface_pattern = monotonic
; bridge_acceleration = 50%
; bridge_angle = 0
; bridge_density = 100%
; bridge_flow = 1
; bridge_line_width = 100%
; bridge_no_support = 0
; bridge_speed = 25
; brim_ears_detection_length = 1
; brim_ears_max_angle = 125
; brim_ears_outer_only = 0
; brim_flow_ratio = 1
; brim_object_gap = 0
; brim_type = auto_brim
; brim_use_efc_outline = 0
; brim_width = 0
; calib_flowrate_topinfill_special_order = 0
; center_of_surface_pattern = each_surface
; chamber_minimal_temperature = 0
; chamber_temperature = 0
; change_extrusion_role_gcode = 
; change_filament_gcode = 
; close_additional_fan_first_x_layers = 1
; close_fan_the_first_x_layers = 1
; combine_brims = 0
; complete_print_exhaust_fan_speed = 80
; cool_plate_temp = 75
; cool_plate_temp_initial_layer = 75
; cooling_filter_enabled = 0
; cooling_tube_length = 5
; cooling_tube_retraction = 91.5
; counterbore_hole_bridging = none
; curr_bed_type = Cool Plate
; default_acceleration = 500
; default_filament_colour = ""
; default_jerk = 0
; default_junction_deviation = 0
; deretraction_speed = 0
; detect_narrow_internal_solid_infill = 1
; detect_overhang_wall = 1
; detect_thin_wall = 0
; disable_m73 = 0
; dont_filter_internal_bridges = disabled
; dont_slow_down_outer_wall = 0
; draft_shield = disabled
; during_print_exhaust_fan_speed = 60
; elefant_foot_compensation = 0
; elefant_foot_compensation_layers = 1
; elefant_foot_layers_density = 100%
; emit_machine_limits_to_gcode = 1
; enable_arc_fitting = 0
; enable_extra_bridge_layer = disabled
; enable_filament_ramming = 1
; enable_long_retraction_when_cut = 0
; enable_mixed_color_sublayer = 0
; enable_overhang_bridge_fan = 1
; enable_overhang_speed = 1
; enable_power_loss_recovery = printer_configuration
; enable_pre_heating = 0
; enable_pressure_advance = 0
; enable_prime_tower = 0
; enable_support = 0
; enable_tower_interface_cooldown_during_tower = 0
; enable_tower_interface_features = 0
; enable_wrapping_detection = 0
; enforce_support_layers = 0
; eng_plate_temp = 75
; eng_plate_temp_initial_layer = 75
; ensure_vertical_shell_thickness = ensure_all
; exclude_object = 0
; extra_loading_move = -2
; extra_perimeters_on_overhangs = 0
; extra_solid_infills = 
; extruder_ams_count = 
; extruder_clearance_dist_to_rod = 40
; extruder_clearance_height_to_lid = 120
; extruder_clearance_height_to_rod = 40
; extruder_clearance_radius = 40
; extruder_colour = #F2754E
; extruder_max_nozzle_count = 1
; extruder_nozzle_stats = 
; extruder_offset = 0x0
; extruder_printable_area = 
; extruder_printable_height = 0
; extruder_type = 
; extrusion_rate_smoothing_external_perimeter_only = 0
; fan_cooling_layer_time = 60
; fan_direction = undefine
; fan_kickstart = 0
; fan_max_speed = 100
; fan_min_speed = 20
; fan_speedup_overhangs = 1
; fan_speedup_time = 0
; filament_adaptive_volumetric_speed = 0
; filament_adhesiveness_category = 0
; filament_change_extrusion_role_gcode = ""
; filament_change_length = 10
; filament_change_length_nc = 10
; filament_colour = #F2754E
; filament_cooling_before_tower = 10
; filament_cooling_final_speed = 3.4
; filament_cooling_initial_speed = 2.2
; filament_cooling_moves = 4
; filament_cost = 0
; filament_density = 0
; filament_dev_ams_drying_ams_limitations = ""
; filament_dev_ams_drying_heat_distortion_temperature = 0
; filament_dev_ams_drying_temperature = 0
; filament_dev_ams_drying_time = 0
; filament_dev_chamber_drying_bed_temperature = 0
; filament_dev_chamber_drying_time = 0
; filament_dev_drying_cooling_temperature = 0
; filament_dev_drying_softening_temperature = 0
; filament_diameter = 1.75
; filament_end_gcode = " "
; filament_extruder_variant = "Direct Drive Standard"
; filament_flow_ratio = 1
; filament_flush_temp = 0
; filament_flush_volumetric_speed = 0
; filament_ids = 
; filament_is_mixed = 0
; filament_is_support = 0
; filament_loading_speed = 28
; filament_loading_speed_start = 3
; filament_map = 1
; filament_map_2 = 0
; filament_map_mode = Auto For Flush
; filament_max_volumetric_speed = 12
; filament_minimal_purge_on_wipe_tower = 15
; filament_mixed_components = ""
; filament_mixed_gradient = 0
; filament_mixed_gradient_curve = ""
; filament_mixed_gradient_per_part = 0
; filament_mixed_gradient_range = ""
; filament_mixed_sublayer_ratios = ""
; filament_multitool_ramming = 0
; filament_multitool_ramming_flow = 10
; filament_multitool_ramming_volume = 10
; filament_notes = ""
; filament_nozzle_map = 0
; filament_pre_cooling_temperature = 0
; filament_pre_cooling_temperature_nc = 0
; filament_preheat_temperature_delta = 0
; filament_prime_volume = 45
; filament_prime_volume_nc = 60
; filament_printable = 3
; filament_ramming_parameters = "120 100 6 | 120 1.0 5 6 8 | .3 120 .4 160 .4 200 .4 240 | . 200 0 0 0 0 0"
; filament_ramming_travel_time = 0
; filament_ramming_travel_time_nc = 0
; filament_ramming_volumetric_speed = -1
; filament_ramming_volumetric_speed_nc = -1
; filament_retract_length_nc = 10
; filament_self_index = 1
; filament_settings_id = ""
; filament_shrink = 100%
; filament_shrinkage_compensation_z = 100%
; filament_soluble = 0
; filament_stamping_distance = 0
; filament_stamping_loading_speed = 0
; filament_start_gcode = " "
; filament_toolchange_delay = 0
; filament_tower_interface_pre_extrusion_dist = 10
; filament_tower_interface_pre_extrusion_length = 0
; filament_tower_interface_print_temp = -1
; filament_tower_interface_purge_volume = 20
; filament_tower_ironing_area = 4
; filament_type = PETG
; filament_unloading_speed = 90
; filament_unloading_speed_start = 100
; filament_vendor = FibreSeeker
; filament_volume_map = 0
; file_start_gcode = 
; filename_format = {input_filename_base}_{filament_type[initial_tool]}_{print_time}.gcode
; fill_multiline = 1
; filter_out_gap_fill = 0
; first_layer_flow_ratio = 1
; first_layer_print_sequence = 0
; first_x_layer_fan_speed = 0
; flush_into_infill = 0
; flush_into_objects = 0
; flush_into_support = 1
; flush_multiplier = 0.3
; flush_volumes_matrix = 0,280,280,280,280,0,280,280,280,280,0,280,280,280,280,0
; flush_volumes_vector = 140,140,140,140,140,140,140,140
; full_fan_speed_layer = 0
; fuzzy_skin = disabled_fuzzy
; fuzzy_skin_first_layer = 0
; fuzzy_skin_layers_between_ripple_offset = 1
; fuzzy_skin_mode = displacement
; fuzzy_skin_noise_type = classic
; fuzzy_skin_octaves = 4
; fuzzy_skin_persistence = 0.5
; fuzzy_skin_point_distance = 0.3
; fuzzy_skin_ripple_offset = 50%
; fuzzy_skin_ripples_per_layer = 15
; fuzzy_skin_scale = 1
; fuzzy_skin_thickness = 0.2
; gap_fill_flow_ratio = 1
; gap_fill_target = nowhere
; gap_infill_speed = 30
; gcode_add_line_number = 0
; gcode_comments = 0
; gcode_flavor = klipper
; gcode_label_objects = 0
; gcode_skip_config_block = 0
; grab_length = 0
; gyroid_optimized = 0
; has_scarf_joint_seam = 0
; head_wrap_detect_zone = 
; high_current_on_filament_swap = 0
; hole_to_polyhole = 0
; hole_to_polyhole_max_edges = 50
; hole_to_polyhole_threshold = 0.01
; hole_to_polyhole_twisted = 1
; hot_plate_temp = 75
; hot_plate_temp_initial_layer = 75
; hotend_cooling_rate = 2
; hotend_heating_rate = 2
; idle_temperature = 0
; independent_support_layer_height = 1
; infill_anchor = 400%
; infill_anchor_max = 20
; infill_combination = 0
; infill_combination_max_layer_height = 100%
; infill_direction = 45
; infill_jerk = 9
; infill_lock_depth = 1
; infill_overhang_angle = 60
; infill_shift_step = 0.4
; infill_wall_overlap = 15%
; initial_layer_acceleration = 300
; initial_layer_fan_speed = -1
; initial_layer_infill_speed = 60
; initial_layer_jerk = 9
; initial_layer_line_width = 0
; initial_layer_min_bead_width = 85%
; initial_layer_print_height = 0.2
; initial_layer_speed = 30
; initial_layer_travel_acceleration = 100%
; initial_layer_travel_jerk = 100%
; initial_layer_travel_speed = 100%
; inner_wall_acceleration = 10000
; inner_wall_filament_id = 1
; inner_wall_flow_ratio = 1
; inner_wall_jerk = 9
; inner_wall_line_width = 0
; inner_wall_speed = 60
; input_shaping_damp_x = 0.1
; input_shaping_damp_y = 0.1
; input_shaping_emit = 0
; input_shaping_freq_x = 0
; input_shaping_freq_y = 0
; input_shaping_type = Default
; interface_shells = 0
; interlocking_beam = 0
; interlocking_beam_layer_count = 2
; interlocking_beam_width = 0.8
; interlocking_boundary_avoidance = 2
; interlocking_depth = 2
; interlocking_orientation = 22.5
; internal_bridge_angle = 0
; internal_bridge_density = 100%
; internal_bridge_fan_speed = -1
; internal_bridge_flow = 1
; internal_bridge_speed = 150%
; internal_solid_filament_id = 1
; internal_solid_infill_acceleration = 100%
; internal_solid_infill_flow_ratio = 1
; internal_solid_infill_line_width = 0
; internal_solid_infill_pattern = monotonic
; internal_solid_infill_speed = 100
; ironing_angle = 0
; ironing_angle_fixed = 0
; ironing_fan_speed = -1
; ironing_flow = 10%
; ironing_inset = 0
; ironing_pattern = rectilinear
; ironing_spacing = 0.1
; ironing_speed = 20
; ironing_type = no ironing
; is_infill_first = 0
; lateral_lattice_angle_1 = -45
; lateral_lattice_angle_2 = 45
; layer_change_gcode = 
; layer_height = 0.2
; lightning_overhang_angle = 45
; lightning_prune_angle = 45
; lightning_straightening_angle = 45
; line_width = 0
; long_retractions_when_cut = 0
; long_retractions_when_ec = 0
; machine_bed_mass_Y = 0
; machine_end_gcode = M400\nM104 S0 T1\nM106 P1 S0\nM140 S0\nM141 S0\nM191 S0\nG90
; machine_hotend_change_time = 0
; machine_load_filament_time = 0
; machine_max_acceleration_e = 5000,5000
; machine_max_acceleration_extruding = 1500,1250
; machine_max_acceleration_retracting = 1500,1250
; machine_max_acceleration_travel = 0,0
; machine_max_acceleration_x = 1000,1000
; machine_max_acceleration_y = 1000,1000
; machine_max_acceleration_z = 500,200
; machine_max_force_Y = 0
; machine_max_jerk_e = 2.5,2.5
; machine_max_jerk_x = 10,10
; machine_max_jerk_y = 10,10
; machine_max_jerk_z = 0.2,0.4
; machine_max_junction_deviation = 0.01
; machine_max_printed_mass = 0
; machine_max_speed_e = 120,120
; machine_max_speed_x = 500,200
; machine_max_speed_y = 500,200
; machine_max_speed_z = 12,12
; machine_min_extruding_rate = 0,0
; machine_min_travel_rate = 0,0
; machine_pause_gcode = 
; machine_prepare_compensation_time = 260
; machine_start_gcode = SET_VELOCITY_LIMIT SQUARE_CORNER_VELOCITY=10 ACCEL=10000\nSET_PRESSURE_ADVANCE EXTRUDER=extruder1 ADVANCE=0.04\nM104 S250 T1\nM140 S75\nM141 S0\nG21\nG90\nM83\nG92 E0\nG0 Z10 F900\nM190 S75\nM191 S0\nM400\nM109 S250 T1\nT1 ; switch extruder type to:PLASTIC\nMOVE_TO_BRUSH_STATION\nCLEAN_NOZZLE\nMOVE_OUT_BRUSH_STATION\nM106 P3 S0\nM106 P5 S0
; machine_tool_change_time = 0
; machine_unload_filament_time = 0
; make_overhang_printable = 0
; make_overhang_printable_angle = 55
; make_overhang_printable_hole_size = 0
; manual_filament_change = 0
; master_extruder_id = 1
; max_bridge_length = 10
; max_layer_height = 0
; max_resonance_avoidance_speed = 120
; max_travel_detour_distance = 0
; max_volumetric_extrusion_rate_slope = 0
; max_volumetric_extrusion_rate_slope_segment_length = 3
; min_bead_width = 85%
; min_feature_size = 25%
; min_layer_height = 0.07
; min_length_factor = 0.5
; min_resonance_avoidance_speed = 70
; min_skirt_length = 0
; min_width_top_surface = 300%
; minimum_sparse_infill_area = 15
; mmu_segmented_region_interlocking_depth = 0
; mmu_segmented_region_max_width = 0
; notes = 
; nozzle_diameter = 0.4
; nozzle_flush_dataset = 0
; nozzle_height = 2.5
; nozzle_hrc = 0
; nozzle_temperature = 250
; nozzle_temperature_initial_layer = 250
; nozzle_temperature_range_high = 240
; nozzle_temperature_range_low = 190
; nozzle_type = 
; nozzle_volume = 0
; nozzle_volume_type = 
; only_one_wall_first_layer = 0
; only_one_wall_top = 0
; ooze_prevention = 0
; other_layers_print_sequence = 0
; other_layers_print_sequence_nums = 0
; outer_wall_acceleration = 500
; outer_wall_filament_id = 1
; outer_wall_flow_ratio = 1
; outer_wall_jerk = 9
; outer_wall_line_width = 0
; outer_wall_speed = 60
; overhang_1_4_speed = 0
; overhang_2_4_speed = 0
; overhang_3_4_speed = 0
; overhang_4_4_speed = 0
; overhang_fan_speed = 100
; overhang_fan_threshold = 
; overhang_flow_ratio = 1
; overhang_reverse = 0
; overhang_reverse_internal_only = 0
; overhang_reverse_threshold = 50%
; parallel_printheads_bed_exclude_areas = 
; parallel_printheads_count = 1
; parking_pos_retraction = 92
; part_cooling_fan_min_pwm = 0
; physical_extruder_map = 0
; post_process = 
; precise_outer_wall = 1
; precise_z_height = 0
; preferred_orientation = 0
; preheat_steps = 1
; preheat_time = 30
; pressure_advance = 0.02
; prime_tower_brim_width = 3
; prime_tower_enable_framework = 0
; prime_tower_flat_ironing = 0
; prime_tower_infill_gap = 150%
; prime_tower_skip_points = 1
; prime_tower_width = 60
; prime_volume = 45
; print_extruder_id = 1
; print_extruder_variant = "Direct Drive Standard"
; print_flow_ratio = 1
; print_order = default
; print_plugin_config_overrides = 
; print_sequence = by layer
; print_settings_id = 
; printable_area = 0x0,300x0,300x300,0x300
; printable_height = 245
; printer_extruder_id = 1
; printer_extruder_variant = "Direct Drive Standard"
; printer_model = 
; printer_notes = 
; printer_settings_id = 
; printer_structure = undefine
; printing_by_object_gcode = 
; process_change_extrusion_role_gcode = 
; purge_in_prime_tower = 1
; raft_contact_distance = 0.1
; raft_expansion = 1.5
; raft_first_layer_density = 90%
; raft_first_layer_expansion = 2
; raft_layers = 0
; reduce_crossing_wall = 0
; reduce_fan_stop_start_freq = 0
; reduce_infill_retraction = 0
; relative_bridge_angle = 0
; required_nozzle_HRC = 0
; resolution = 0.01
; resonance_avoidance = 0
; retract_after_wipe = 0%
; retract_before_wipe = 100%
; retract_length_toolchange = 10
; retract_lift_above = 0
; retract_lift_below = 0
; retract_lift_enforce = 
; retract_restart_extra = 0
; retract_restart_extra_toolchange = 0
; retract_when_changing_layer = 0
; retraction_distances_when_cut = 18
; retraction_distances_when_ec = 10
; retraction_length = 0.8
; retraction_minimum_travel = 2
; retraction_speed = 30
; role_based_wipe_speed = 1
; scan_first_layer = 0
; scarf_angle_threshold = 155
; scarf_joint_flow_ratio = 1
; scarf_joint_speed = 100%
; scarf_overhang_threshold = 40%
; seam_gap = 10%
; seam_position = aligned
; seam_slope_conditional = 0
; seam_slope_entire_loop = 0
; seam_slope_inner_walls = 0
; seam_slope_min_length = 20
; seam_slope_start_height = 0
; seam_slope_steps = 10
; seam_slope_type = none
; separated_infills = 0
; set_other_flow_ratios = 0
; silent_mode = 0
; single_extruder_multi_material = 1
; single_extruder_multi_material_priming = 0
; single_loop_draft_shield = 0
; skeleton_infill_density = 25%
; skeleton_infill_line_width = 100%
; skin_infill_density = 25%
; skin_infill_depth = 2
; skin_infill_line_width = 100%
; skirt_distance = 2
; skirt_height = 1
; skirt_loops = 1
; skirt_speed = 50
; skirt_start_angle = -135
; skirt_type = combined
; slice_closing_radius = 0.049
; slicing_mode = regular
; slicing_pipeline_plugin = 
; slow_down_for_layer_cooling = 1
; slow_down_layer_time = 5
; slow_down_layers = 0
; slow_down_min_speed = 10
; slowdown_for_curled_perimeters = 0
; small_area_infill_flow_compensation = 0
; small_area_infill_flow_compensation_model = 0,0;"\n0.2,0.4444";"\n0.4,0.6145";"\n0.6,0.7059";"\n0.8,0.7619";"\n1.5,0.8571";"\n2,0.8889";"\n3,0.9231";"\n5,0.9520";"\n10,1"
; small_perimeter_speed = 50%
; small_perimeter_threshold = 0
; small_support_perimeter_speed = 50%
; small_support_perimeter_threshold = 0
; solid_infill_direction = 45
; solid_infill_rotate_template = 
; sparse_infill_acceleration = 100%
; sparse_infill_density = 20%
; sparse_infill_filament_id = 1
; sparse_infill_flow_ratio = 1
; sparse_infill_line_width = 0
; sparse_infill_pattern = crosshatch
; sparse_infill_rotate_template = 
; sparse_infill_smooth_factor = 0%
; sparse_infill_speed = 100
; spiral_finishing_flow_ratio = 0
; spiral_mode = 0
; spiral_mode_max_xy_smoothing = 200%
; spiral_mode_smooth = 0
; spiral_starting_flow_ratio = 0
; staggered_inner_seams = 0
; standby_temperature_delta = -5
; start_end_points = 30x-3,54x245
; supertack_plate_temp = 35
; supertack_plate_temp_initial_layer = 35
; support_air_filtration = 1
; support_angle = 0
; support_base_pattern = default
; support_base_pattern_spacing = 2.5
; support_bottom_interface_spacing = 0.5
; support_bottom_z_distance = 0.2
; support_chamber_temp_control = 1
; support_cooling_filter = 0
; support_critical_regions_only = 0
; support_expansion = 0
; support_filament = 0
; support_flow_ratio = 1
; support_interface_bottom_layers = 0
; support_interface_filament = 0
; support_interface_flow_ratio = 1
; support_interface_loop_pattern = 0
; support_interface_not_for_body = 1
; support_interface_pattern = auto
; support_interface_spacing = 0.5
; support_interface_speed = 80
; support_interface_top_layers = 3
; support_ironing = 0
; support_ironing_flow = 10%
; support_ironing_pattern = rectilinear
; support_ironing_spacing = 0.1
; support_line_width = 0
; support_material_interface_fan_speed = -1
; support_multi_bed_types = 0
; support_object_first_layer_gap = 0.2
; support_object_skip_flush = 0
; support_object_xy_distance = 0.35
; support_on_build_plate_only = 0
; support_parallel_printheads = 0
; support_remove_small_overhang = 1
; support_speed = 80
; support_style = default
; support_threshold_angle = 30
; support_threshold_overlap = 50%
; support_top_z_distance = 0.2
; support_type = normal(auto)
; symmetric_infill_y_axis = 0
; temperature_vitrification = 100
; template_custom_gcode = 
; textured_cool_plate_temp = 40
; textured_cool_plate_temp_initial_layer = 40
; textured_plate_temp = 75
; textured_plate_temp_initial_layer = 75
; thick_bridges = 0
; thick_internal_bridges = 1
; thumbnails = 48x48/PNG,300x300/PNG
; time_cost = 0
; time_lapse_gcode = 
; timelapse_type = 0
; tool_change_on_wipe_tower = 0
; toolchange_cyclic_first_layer = 0
; toolchange_cyclic_order = 
; toolchange_ordering = default
; top_bottom_infill_wall_overlap = 25%
; top_layer_direction = -1
; top_shell_layers = 4
; top_shell_thickness = 0.6
; top_solid_infill_flow_ratio = 1
; top_surface_acceleration = 500
; top_surface_density = 100%
; top_surface_expansion = 0
; top_surface_expansion_direction = inward_and_outward
; top_surface_expansion_margin = 0
; top_surface_filament_id = 1
; top_surface_fill_order = default
; top_surface_jerk = 9
; top_surface_line_width = 0
; top_surface_pattern = monotonicline
; top_surface_speed = 100
; travel_acceleration = 10000
; travel_jerk = 12
; travel_slope = 3
; travel_speed = 120
; travel_speed_z = 0
; tree_support_angle_slow = 25
; tree_support_auto_brim = 1
; tree_support_branch_angle = 40
; tree_support_branch_angle_organic = 40
; tree_support_branch_diameter = 5
; tree_support_branch_diameter_angle = 5
; tree_support_branch_diameter_organic = 2
; tree_support_branch_distance = 5
; tree_support_branch_distance_organic = 1
; tree_support_brim_width = 3
; tree_support_tip_diameter = 0.8
; tree_support_top_rate = 30%
; tree_support_wall_count = 0
; unsupported_wall_last = 0
; use_3mf = 0
; use_firmware_retraction = 0
; use_relative_e_distances = 1
; volumetric_speed_coefficients = ""
; wait_for_temp_on_wipe_tower = 0
; wall_direction = ccw
; wall_distribution_count = 1
; wall_generator = arachne
; wall_loops = 2
; wall_maximum_deviation = 0.025
; wall_maximum_resolution = 0.5
; wall_sequence = inner wall/outer wall
; wall_transition_angle = 10
; wall_transition_filter_deviation = 25%
; wall_transition_length = 100%
; wipe = 0
; wipe_before_external_loop = 0
; wipe_distance = 1
; wipe_inward = 0
; wipe_inward_distance = 50%
; wipe_on_loops = 0
; wipe_speed = 80%
; wipe_tower_bridging = 10
; wipe_tower_cone_angle = 30
; wipe_tower_extra_flow = 100%
; wipe_tower_extra_rib_length = 0
; wipe_tower_extra_spacing = 100%
; wipe_tower_filament = 0
; wipe_tower_fillet_wall = 1
; wipe_tower_max_purge_speed = 90
; wipe_tower_no_sparse_layers = 0
; wipe_tower_rib_width = 8
; wipe_tower_rotation_angle = 0
; wipe_tower_sparse_layers_combination = 0
; wipe_tower_type = type2
; wipe_tower_wall_type = rib
; wipe_tower_x = 15.000
; wipe_tower_x = 15
; wipe_tower_y = 220.000
; wipe_tower_y = 220
; wiping_volumes_extruders = 70,70,70,70,70,70,70,70,70,70
; wrapping_detection_gcode = 
; wrapping_detection_layers = 20
; wrapping_exclude_area = 
; xy_contour_compensation = 0
; xy_hole_compensation = 0
; z_hop = 0.4
; z_hop_types = 
; z_offset = 0
; zaa_dont_alternate_fill_direction = 0
; zaa_enabled = 0
; zaa_min_z = 0.05
; zaa_minimize_perimeter_height = 35
; first_layer_bed_temperature = 75
; bed_shape = 0x0,300x0,300x300,0x300
; first_layer_temperature = 250
; first_layer_height = 0.200
; CONFIG_BLOCK_END


